material_id,formula_pretty,formula_match_key,elements,elements_list,material_family_key,material_family_match_key,is_stable,is_metal,symmetry,cluster_label,elements_parsed,formula_elements_ordered,primary_element_symbol,primary_element_name,single_element_name,candidate_price_keys,price_match_key,price_material,cost,unit,year,match_type,match_confidence,cluster_cost_percentile,cost_rank_within_cluster,cost_class_within_cluster
mp-567334,Ag(BCl)6,ag_bcl_6,"['Ag', 'B', 'Cl']","['Ag', 'B', 'Cl']",Ag_B_Cl,ag_b_cl,True,False,Cubic,0,"['Ag', 'B', 'Cl']","['Ag', 'B', 'Cl']",Ag,silver,,['silver'],silver,Silver,39.80466666667,($/troy oz),2025.0,primary_element_proxy,medium,0.05859375,1,low_cost
mp-568392,Ag10Te4Br3,ag10te4br3,"['Ag', 'Br', 'Te']","['Ag', 'Br', 'Te']",Ag_Br_Te,ag_br_te,True,False,Orthorhombic,0,"['Ag', 'Br', 'Te']","['Ag', 'Te', 'Br']",Ag,silver,,['silver'],silver,Silver,39.80466666667,($/troy oz),2025.0,primary_element_proxy,medium,0.05859375,1,low_cost
mp-1195193,Ag12Sn7H16(Se11N2)2,ag12sn7h16_se11n2_2,"['Ag', 'H', 'N', 'Se', 'Sn']","['Ag', 'H', 'N', 'Se', 'Sn']",Ag_H_N_Se_Sn,ag_h_n_se_sn,True,False,Monoclinic,0,"['Ag', 'H', 'N', 'Se', 'Sn']","['Ag', 'Sn', 'H', 'Se', 'N']",Ag,silver,,"['silver', 'tin']",silver,Silver,39.80466666667,($/troy oz),2025.0,primary_element_proxy,medium,0.05859375,1,low_cost
mp-560328,Ag15P4S16Cl3,ag15p4s16cl3,"['Ag', 'Cl', 'P', 'S']","['Ag', 'Cl', 'P', 'S']",Ag_Cl_P_S,ag_cl_p_s,True,False,Cubic,0,"['Ag', 'Cl', 'P', 'S']","['Ag', 'P', 'S', 'Cl']",Ag,silver,,"['silver', 'phosphate_rock']",silver,Silver,39.80466666667,($/troy oz),2025.0,primary_element_proxy,medium,0.05859375,1,low_cost
mp-1196546,Ag2Ge(S2O7)3,ag2ge_s2o7_3,"['Ag', 'Ge', 'O', 'S']","['Ag', 'Ge', 'O', 'S']",Ag_Ge_O_S,ag_ge_o_s,True,False,Trigonal,0,"['Ag', 'Ge', 'O', 'S']","['Ag', 'Ge', 'S', 'O']",Ag,silver,,['silver'],silver,Silver,39.80466666667,($/troy oz),2025.0,primary_element_proxy,medium,0.05859375,1,low_cost
mp-860963,Ag2H4(SO4)3,ag2h4_so4_3,"['Ag', 'H', 'O', 'S']","['Ag', 'H', 'O', 'S']",Ag_H_O_S,ag_h_o_s,True,False,Orthorhombic,0,"['Ag', 'H', 'O', 'S']","['Ag', 'H', 'S', 'O']",Ag,silver,,['silver'],silver,Silver,39.80466666667,($/troy oz),2025.0,primary_element_proxy,medium,0.05859375,1,low_cost
mp-1197599,Ag2Sn(S2O7)3,ag2sn_s2o7_3,"['Ag', 'O', 'S', 'Sn']","['Ag', 'O', 'S', 'Sn']",Ag_O_S_Sn,ag_o_s_sn,True,False,Trigonal,0,"['Ag', 'O', 'S', 'Sn']","['Ag', 'Sn', 'S', 'O']",Ag,silver,,"['silver', 'tin']",silver,Silver,39.80466666667,($/troy oz),2025.0,primary_element_proxy,medium,0.05859375,1,low_cost
mp-662599,Ag3AsSe3,ag3asse3,"['Ag', 'As', 'Se']","['Ag', 'As', 'Se']",Ag_As_Se,ag_as_se,True,False,Orthorhombic,0,"['Ag', 'As', 'Se']","['Ag', 'As', 'Se']",Ag,silver,,['silver'],silver,Silver,39.80466666667,($/troy oz),2025.0,primary_element_proxy,medium,0.05859375,1,low_cost
mp-1201018,Ag3S4(O3F)4,ag3s4_o3f_4,"['Ag', 'F', 'O', 'S']","['Ag', 'F', 'O', 'S']",Ag_F_O_S,ag_f_o_s,True,True,Monoclinic,0,"['Ag', 'F', 'O', 'S']","['Ag', 'S', 'O', 'F']",Ag,silver,,['silver'],silver,Silver,39.80466666667,($/troy oz),2025.0,primary_element_proxy,medium,0.05859375,1,low_cost
mp-558550,Ag4Mo2Se3O16,ag4mo2se3o16,"['Ag', 'Mo', 'O', 'Se']","['Ag', 'Mo', 'O', 'Se']",Ag_Mo_O_Se,ag_mo_o_se,True,False,Orthorhombic,0,"['Ag', 'Mo', 'O', 'Se']","['Ag', 'Mo', 'Se', 'O']",Ag,silver,,['silver'],silver,Silver,39.80466666667,($/troy oz),2025.0,primary_element_proxy,medium,0.05859375,1,low_cost
mp-573465,Ag5Te2Cl,ag5te2cl,"['Ag', 'Cl', 'Te']","['Ag', 'Cl', 'Te']",Ag_Cl_Te,ag_cl_te,True,False,Orthorhombic,0,"['Ag', 'Cl', 'Te']","['Ag', 'Te', 'Cl']",Ag,silver,,['silver'],silver,Silver,39.80466666667,($/troy oz),2025.0,primary_element_proxy,medium,0.05859375,1,low_cost
mp-1195618,Ag9P14(OF)28,ag9p14_of_28,"['Ag', 'F', 'O', 'P']","['Ag', 'F', 'O', 'P']",Ag_F_O_P,ag_f_o_p,True,False,Monoclinic,0,"['Ag', 'F', 'O', 'P']","['Ag', 'P', 'O', 'F']",Ag,silver,,"['silver', 'phosphate_rock']",silver,Silver,39.80466666667,($/troy oz),2025.0,primary_element_proxy,medium,0.05859375,1,low_cost
mp-703539,AgB11H6CBr6,agb11h6cbr6,"['Ag', 'B', 'Br', 'C', 'H']","['Ag', 'B', 'Br', 'C', 'H']",Ag_B_Br_C_H,ag_b_br_c_h,True,False,Orthorhombic,0,"['Ag', 'B', 'Br', 'C', 'H']","['Ag', 'B', 'H', 'C', 'Br']",Ag,silver,,['silver'],silver,Silver,39.80466666667,($/troy oz),2025.0,primary_element_proxy,medium,0.05859375,1,low_cost
mp-1195262,AgBi(IO3)4,agbi_io3_4,"['Ag', 'Bi', 'I', 'O']","['Ag', 'Bi', 'I', 'O']",Ag_Bi_I_O,ag_bi_i_o,True,False,Monoclinic,0,"['Ag', 'Bi', 'I', 'O']","['Ag', 'Bi', 'I', 'O']",Ag,silver,,['silver'],silver,Silver,39.80466666667,($/troy oz),2025.0,primary_element_proxy,medium,0.05859375,1,low_cost
mp-652364,PNCl2,pncl2,"['Cl', 'N', 'P']","['Cl', 'N', 'P']",Cl_N_P,cl_n_p,True,False,Orthorhombic,0,"['Cl', 'N', 'P']","['P', 'N', 'Cl']",P,phosphate,,['phosphate_rock'],phosphate_rock,Phosphate rock,152.5,($/mt),2025.0,primary_element_proxy,medium,0.18359375,2,low_cost
mp-1197623,PH9(NO2)2,ph9_no2_2,"['H', 'N', 'O', 'P']","['H', 'N', 'O', 'P']",H_N_O_P,h_n_o_p,True,False,Monoclinic,0,"['H', 'N', 'O', 'P']","['P', 'H', 'N', 'O']",P,phosphate,,['phosphate_rock'],phosphate_rock,Phosphate rock,152.5,($/mt),2025.0,primary_element_proxy,medium,0.18359375,2,low_cost
mp-759344,P3H30N7O12,p3h30n7o12,"['H', 'N', 'O', 'P']","['H', 'N', 'O', 'P']",H_N_O_P,h_n_o_p,True,False,Monoclinic,0,"['H', 'N', 'O', 'P']","['P', 'H', 'N', 'O']",P,phosphate,,['phosphate_rock'],phosphate_rock,Phosphate rock,152.5,($/mt),2025.0,primary_element_proxy,medium,0.18359375,2,low_cost
mp-569386,P3NCl12,p3ncl12,"['Cl', 'N', 'P']","['Cl', 'N', 'P']",Cl_N_P,cl_n_p,True,False,Monoclinic,0,"['Cl', 'N', 'P']","['P', 'N', 'Cl']",P,phosphate,,['phosphate_rock'],phosphate_rock,Phosphate rock,152.5,($/mt),2025.0,primary_element_proxy,medium,0.18359375,2,low_cost
mp-1194839,P3RhW2O15,p3rhw2o15,"['O', 'P', 'Rh', 'W']","['O', 'P', 'Rh', 'W']",O_P_Rh_W,o_p_rh_w,True,False,Monoclinic,0,"['O', 'P', 'Rh', 'W']","['P', 'Rh', 'W', 'O']",P,phosphate,,['phosphate_rock'],phosphate_rock,Phosphate rock,152.5,($/mt),2025.0,primary_element_proxy,medium,0.18359375,2,low_cost
mp-1194833,P3RuW2O15,p3ruw2o15,"['O', 'P', 'Ru', 'W']","['O', 'P', 'Ru', 'W']",O_P_Ru_W,o_p_ru_w,True,False,Monoclinic,0,"['O', 'P', 'Ru', 'W']","['P', 'Ru', 'W', 'O']",P,phosphate,,['phosphate_rock'],phosphate_rock,Phosphate rock,152.5,($/mt),2025.0,primary_element_proxy,medium,0.18359375,2,low_cost
mp-570583,P4N3Cl11,p4n3cl11,"['Cl', 'N', 'P']","['Cl', 'N', 'P']",Cl_N_P,cl_n_p,True,False,Monoclinic,0,"['Cl', 'N', 'P']","['P', 'N', 'Cl']",P,phosphate,,['phosphate_rock'],phosphate_rock,Phosphate rock,152.5,($/mt),2025.0,primary_element_proxy,medium,0.18359375,2,low_cost
mp-559292,P6Pb3Xe11F58,p6pb3xe11f58,"['F', 'P', 'Pb', 'Xe']","['F', 'P', 'Pb', 'Xe']",F_P_Pb_Xe,f_p_pb_xe,True,False,Monoclinic,0,"['F', 'P', 'Pb', 'Xe']","['P', 'Pb', 'Xe', 'F']",P,phosphate,,"['phosphate_rock', 'lead']",phosphate_rock,Phosphate rock,152.5,($/mt),2025.0,primary_element_proxy,medium,0.18359375,2,low_cost
mp-1198119,PH10S3N2O,ph10s3n2o,"['H', 'N', 'O', 'P', 'S']","['H', 'N', 'O', 'P', 'S']",H_N_O_P_S,h_n_o_p_s,True,False,Monoclinic,0,"['H', 'N', 'O', 'P', 'S']","['P', 'H', 'S', 'N', 'O']",P,phosphate,,['phosphate_rock'],phosphate_rock,Phosphate rock,152.5,($/mt),2025.0,primary_element_proxy,medium,0.18359375,2,low_cost
mp-1220462,PH18N3O7,ph18n3o7,"['H', 'N', 'O', 'P']","['H', 'N', 'O', 'P']",H_N_O_P,h_n_o_p,True,False,Monoclinic,0,"['H', 'N', 'O', 'P']","['P', 'H', 'N', 'O']",P,phosphate,,['phosphate_rock'],phosphate_rock,Phosphate rock,152.5,($/mt),2025.0,primary_element_proxy,medium,0.18359375,2,low_cost
mp-28892,PH4N3,ph4n3,"['H', 'N', 'P']","['H', 'N', 'P']",H_N_P,h_n_p,True,False,Monoclinic,0,"['H', 'N', 'P']","['P', 'H', 'N']",P,phosphate,,['phosphate_rock'],phosphate_rock,Phosphate rock,152.5,($/mt),2025.0,primary_element_proxy,medium,0.18359375,2,low_cost
mp-707324,PH6SN3,ph6sn3,"['H', 'N', 'P', 'S']","['H', 'N', 'P', 'S']",H_N_P_S,h_n_p_s,True,False,Orthorhombic,0,"['H', 'N', 'P', 'S']","['P', 'H', 'S', 'N']",P,phosphate,,['phosphate_rock'],phosphate_rock,Phosphate rock,152.5,($/mt),2025.0,primary_element_proxy,medium,0.18359375,2,low_cost
mp-646669,P28Pb5I2,p28pb5i2,"['I', 'P', 'Pb']","['I', 'P', 'Pb']",I_P_Pb,i_p_pb,True,False,Monoclinic,0,"['I', 'P', 'Pb']","['P', 'Pb', 'I']",P,phosphate,,"['phosphate_rock', 'lead']",phosphate_rock,Phosphate rock,152.5,($/mt),2025.0,primary_element_proxy,medium,0.18359375,2,low_cost
mp-568348,P,p,['P'],['P'],P,p,True,False,Monoclinic,0,['P'],['P'],P,phosphate,phosphate,['phosphate_rock'],phosphate_rock,Phosphate rock,152.5,($/mt),2025.0,single_element_proxy,high,0.18359375,2,low_cost
mp-559182,P2IrClF6,p2irclf6,"['Cl', 'F', 'Ir', 'P']","['Cl', 'F', 'Ir', 'P']",Cl_F_Ir_P,cl_f_ir_p,True,False,Monoclinic,0,"['Cl', 'F', 'Ir', 'P']","['P', 'Ir', 'Cl', 'F']",P,phosphate,,['phosphate_rock'],phosphate_rock,Phosphate rock,152.5,($/mt),2025.0,primary_element_proxy,medium,0.18359375,2,low_cost
mp-559115,P2RhClF6,p2rhclf6,"['Cl', 'F', 'P', 'Rh']","['Cl', 'F', 'P', 'Rh']",Cl_F_P_Rh,cl_f_p_rh,True,False,Monoclinic,0,"['Cl', 'F', 'P', 'Rh']","['P', 'Rh', 'Cl', 'F']",P,phosphate,,['phosphate_rock'],phosphate_rock,Phosphate rock,152.5,($/mt),2025.0,primary_element_proxy,medium,0.18359375,2,low_cost
mp-779221,P2H9(CBr)3,p2h9_cbr_3,"['Br', 'C', 'H', 'P']","['Br', 'C', 'H', 'P']",Br_C_H_P,br_c_h_p,True,False,Monoclinic,0,"['Br', 'C', 'H', 'P']","['P', 'H', 'C', 'Br']",P,phosphate,,['phosphate_rock'],phosphate_rock,Phosphate rock,152.5,($/mt),2025.0,primary_element_proxy,medium,0.18359375,2,low_cost
mp-1196394,P2H19C6I7N,p2h19c6i7n,"['C', 'H', 'I', 'N', 'P']","['C', 'H', 'I', 'N', 'P']",C_H_I_N_P,c_h_i_n_p,True,False,Triclinic,0,"['C', 'H', 'I', 'N', 'P']","['P', 'H', 'C', 'I', 'N']",P,phosphate,,['phosphate_rock'],phosphate_rock,Phosphate rock,152.5,($/mt),2025.0,primary_element_proxy,medium,0.18359375,2,low_cost
mp-561236,Pb13(Cl3O5)2,pb13_cl3o5_2,"['Cl', 'O', 'Pb']","['Cl', 'O', 'Pb']",Cl_O_Pb,cl_o_pb,True,False,Monoclinic,0,"['Cl', 'O', 'Pb']","['Pb', 'Cl', 'O']",Pb,lead,,['lead'],lead,Lead,1962.235,($/mt),2025.0,primary_element_proxy,medium,0.26171875,3,low_cost
mp-622491,Pb13(Br3O5)2,pb13_br3o5_2,"['Br', 'O', 'Pb']","['Br', 'O', 'Pb']",Br_O_Pb,br_o_pb,True,False,Monoclinic,0,"['Br', 'O', 'Pb']","['Pb', 'Br', 'O']",Pb,lead,,['lead'],lead,Lead,1962.235,($/mt),2025.0,primary_element_proxy,medium,0.26171875,3,low_cost
mp-740718,AlH6N2Cl3,alh6n2cl3,"['Al', 'Cl', 'H', 'N']","['Al', 'Cl', 'H', 'N']",Al_Cl_H_N,al_cl_h_n,True,False,Orthorhombic,0,"['Al', 'Cl', 'H', 'N']","['Al', 'H', 'N', 'Cl']",Al,aluminum,,['aluminum'],aluminum,Aluminum,2631.69583333333,($/mt),2025.0,primary_element_proxy,medium,0.37890625,4,low_cost
mp-1198123,AlH7C2SCl4,alh7c2scl4,"['Al', 'C', 'Cl', 'H', 'S']","['Al', 'C', 'Cl', 'H', 'S']",Al_C_Cl_H_S,al_c_cl_h_s,True,False,Monoclinic,0,"['Al', 'C', 'Cl', 'H', 'S']","['Al', 'H', 'C', 'S', 'Cl']",Al,aluminum,,['aluminum'],aluminum,Aluminum,2631.69583333333,($/mt),2025.0,primary_element_proxy,medium,0.37890625,4,low_cost
mp-699469,AlH15N5Cl3,alh15n5cl3,"['Al', 'Cl', 'H', 'N']","['Al', 'Cl', 'H', 'N']",Al_Cl_H_N,al_cl_h_n,True,False,Orthorhombic,0,"['Al', 'Cl', 'H', 'N']","['Al', 'H', 'N', 'Cl']",Al,aluminum,,['aluminum'],aluminum,Aluminum,2631.69583333333,($/mt),2025.0,primary_element_proxy,medium,0.37890625,4,low_cost
mp-24554,AlH18C3(N3F2)3,alh18c3_n3f2_3,"['Al', 'C', 'F', 'H', 'N']","['Al', 'C', 'F', 'H', 'N']",Al_C_F_H_N,al_c_f_h_n,True,False,Cubic,0,"['Al', 'C', 'F', 'H', 'N']","['Al', 'H', 'C', 'N', 'F']",Al,aluminum,,['aluminum'],aluminum,Aluminum,2631.69583333333,($/mt),2025.0,primary_element_proxy,medium,0.37890625,4,low_cost
mp-28046,AlP2I9,alp2i9,"['Al', 'I', 'P']","['Al', 'I', 'P']",Al_I_P,al_i_p,True,False,Orthorhombic,0,"['Al', 'I', 'P']","['Al', 'P', 'I']",Al,aluminum,,"['aluminum', 'phosphate_rock']",aluminum,Aluminum,2631.69583333333,($/mt),2025.0,primary_element_proxy,medium,0.37890625,4,low_cost
mp-683949,AlP3(NCl3)3,alp3_ncl3_3,"['Al', 'Cl', 'N', 'P']","['Al', 'Cl', 'N', 'P']",Al_Cl_N_P,al_cl_n_p,True,False,Orthorhombic,0,"['Al', 'Cl', 'N', 'P']","['Al', 'P', 'N', 'Cl']",Al,aluminum,,"['aluminum', 'phosphate_rock']",aluminum,Aluminum,2631.69583333333,($/mt),2025.0,primary_element_proxy,medium,0.37890625,4,low_cost
mp-569751,AlPH8(CCl2)2,alph8_ccl2_2,"['Al', 'C', 'Cl', 'H', 'P']","['Al', 'C', 'Cl', 'H', 'P']",Al_C_Cl_H_P,al_c_cl_h_p,True,False,Monoclinic,0,"['Al', 'C', 'Cl', 'H', 'P']","['Al', 'P', 'H', 'C', 'Cl']",Al,aluminum,,"['aluminum', 'phosphate_rock']",aluminum,Aluminum,2631.69583333333,($/mt),2025.0,primary_element_proxy,medium,0.37890625,4,low_cost
mp-567743,AlSb2(TeCl2)2,alsb2_tecl2_2,"['Al', 'Cl', 'Sb', 'Te']","['Al', 'Cl', 'Sb', 'Te']",Al_Cl_Sb_Te,al_cl_sb_te,True,False,Triclinic,0,"['Al', 'Cl', 'Sb', 'Te']","['Al', 'Sb', 'Te', 'Cl']",Al,aluminum,,['aluminum'],aluminum,Aluminum,2631.69583333333,($/mt),2025.0,primary_element_proxy,medium,0.37890625,4,low_cost
mp-706243,Al2Si3H8(NO5)2,al2si3h8_no5_2,"['Al', 'H', 'N', 'O', 'Si']","['Al', 'H', 'N', 'O', 'Si']",Al_H_N_O_Si,al_h_n_o_si,True,False,Monoclinic,0,"['Al', 'H', 'N', 'O', 'Si']","['Al', 'Si', 'H', 'N', 'O']",Al,aluminum,,['aluminum'],aluminum,Aluminum,2631.69583333333,($/mt),2025.0,primary_element_proxy,medium,0.37890625,4,low_cost
mp-1229054,Al53Fe17Si12,al53fe17si12,"['Al', 'Fe', 'Si']","['Al', 'Fe', 'Si']",Al_Fe_Si,al_fe_si,True,True,Triclinic,0,"['Al', 'Fe', 'Si']","['Al', 'Fe', 'Si']",Al,aluminum,,['aluminum'],aluminum,Aluminum,2631.69583333333,($/mt),2025.0,primary_element_proxy,medium,0.37890625,4,low_cost
mp-568001,AlHg2SbCl4,alhg2sbcl4,"['Al', 'Cl', 'Hg', 'Sb']","['Al', 'Cl', 'Hg', 'Sb']",Al_Cl_Hg_Sb,al_cl_hg_sb,True,False,Orthorhombic,0,"['Al', 'Cl', 'Hg', 'Sb']","['Al', 'Hg', 'Sb', 'Cl']",Al,aluminum,,['aluminum'],aluminum,Aluminum,2631.69583333333,($/mt),2025.0,primary_element_proxy,medium,0.37890625,4,low_cost
mp-1215134,AlP2H12N3O8,alp2h12n3o8,"['Al', 'H', 'N', 'O', 'P']","['Al', 'H', 'N', 'O', 'P']",Al_H_N_O_P,al_h_n_o_p,True,False,Monoclinic,0,"['Al', 'H', 'N', 'O', 'P']","['Al', 'P', 'H', 'N', 'O']",Al,aluminum,,"['aluminum', 'phosphate_rock']",aluminum,Aluminum,2631.69583333333,($/mt),2025.0,primary_element_proxy,medium,0.37890625,4,low_cost
mp-1198361,Al(BiCl)4,al_bicl_4,"['Al', 'Bi', 'Cl']","['Al', 'Bi', 'Cl']",Al_Bi_Cl,al_bi_cl,True,False,Hexagonal,0,"['Al', 'Bi', 'Cl']","['Al', 'Bi', 'Cl']",Al,aluminum,,['aluminum'],aluminum,Aluminum,2631.69583333333,($/mt),2025.0,primary_element_proxy,medium,0.37890625,4,low_cost
mp-866315,Al(Ni3B2)4,al_ni3b2_4,"['Al', 'B', 'Ni']","['Al', 'B', 'Ni']",Al_B_Ni,al_b_ni,True,True,Orthorhombic,0,"['Al', 'B', 'Ni']","['Al', 'Ni', 'B']",Al,aluminum,,"['aluminum', 'nickel']",aluminum,Aluminum,2631.69583333333,($/mt),2025.0,primary_element_proxy,medium,0.37890625,4,low_cost
mp-683984,Al(SeCl)4,al_secl_4,"['Al', 'Cl', 'Se']","['Al', 'Cl', 'Se']",Al_Cl_Se,al_cl_se,True,False,Orthorhombic,0,"['Al', 'Cl', 'Se']","['Al', 'Se', 'Cl']",Al,aluminum,,['aluminum'],aluminum,Aluminum,2631.69583333333,($/mt),2025.0,primary_element_proxy,medium,0.37890625,4,low_cost
mp-574529,Al(SeCl2)2,al_secl2_2,"['Al', 'Cl', 'Se']","['Al', 'Cl', 'Se']",Al_Cl_Se,al_cl_se,True,False,Orthorhombic,0,"['Al', 'Cl', 'Se']","['Al', 'Se', 'Cl']",Al,aluminum,,['aluminum'],aluminum,Aluminum,2631.69583333333,($/mt),2025.0,primary_element_proxy,medium,0.37890625,4,low_cost
mp-540628,Al(TeCl2)2,al_tecl2_2,"['Al', 'Cl', 'Te']","['Al', 'Cl', 'Te']",Al_Cl_Te,al_cl_te,True,False,Orthorhombic,0,"['Al', 'Cl', 'Te']","['Al', 'Te', 'Cl']",Al,aluminum,,['aluminum'],aluminum,Aluminum,2631.69583333333,($/mt),2025.0,primary_element_proxy,medium,0.37890625,4,low_cost
mp-1214980,Al11(CoSi)6,al11_cosi_6,"['Al', 'Co', 'Si']","['Al', 'Co', 'Si']",Al_Co_Si,al_co_si,True,True,Monoclinic,0,"['Al', 'Co', 'Si']","['Al', 'Co', 'Si']",Al,aluminum,,['aluminum'],aluminum,Aluminum,2631.69583333333,($/mt),2025.0,primary_element_proxy,medium,0.37890625,4,low_cost
mp-1215020,Al2(Zn13Pd3)3,al2_zn13pd3_3,"['Al', 'Pd', 'Zn']","['Al', 'Pd', 'Zn']",Al_Pd_Zn,al_pd_zn,True,True,Cubic,0,"['Al', 'Pd', 'Zn']","['Al', 'Zn', 'Pd']",Al,aluminum,,"['aluminum', 'zinc']",aluminum,Aluminum,2631.69583333333,($/mt),2025.0,primary_element_proxy,medium,0.37890625,4,low_cost
mp-572634,Al2AgCl5O,al2agcl5o,"['Ag', 'Al', 'Cl', 'O']","['Ag', 'Al', 'Cl', 'O']",Ag_Al_Cl_O,ag_al_cl_o,True,False,Orthorhombic,0,"['Ag', 'Al', 'Cl', 'O']","['Al', 'Ag', 'Cl', 'O']",Al,aluminum,,"['aluminum', 'silver']",aluminum,Aluminum,2631.69583333333,($/mt),2025.0,primary_element_proxy,medium,0.37890625,4,low_cost
mp-850293,Al2H16S3O20,al2h16s3o20,"['Al', 'H', 'O', 'S']","['Al', 'H', 'O', 'S']",Al_H_O_S,al_h_o_s,True,False,Monoclinic,0,"['Al', 'H', 'O', 'S']","['Al', 'H', 'S', 'O']",Al,aluminum,,['aluminum'],aluminum,Aluminum,2631.69583333333,($/mt),2025.0,primary_element_proxy,medium,0.37890625,4,low_cost
mp-1196041,Al2H32S3O28,al2h32s3o28,"['Al', 'H', 'O', 'S']","['Al', 'H', 'O', 'S']",Al_H_O_S,al_h_o_s,True,False,Triclinic,0,"['Al', 'H', 'O', 'S']","['Al', 'H', 'S', 'O']",Al,aluminum,,['aluminum'],aluminum,Aluminum,2631.69583333333,($/mt),2025.0,primary_element_proxy,medium,0.37890625,4,low_cost
mp-1196459,Al2Sb5(Se2Br3)3,al2sb5_se2br3_3,"['Al', 'Br', 'Sb', 'Se']","['Al', 'Br', 'Sb', 'Se']",Al_Br_Sb_Se,al_br_sb_se,True,False,Monoclinic,0,"['Al', 'Br', 'Sb', 'Se']","['Al', 'Sb', 'Se', 'Br']",Al,aluminum,,['aluminum'],aluminum,Aluminum,2631.69583333333,($/mt),2025.0,primary_element_proxy,medium,0.37890625,4,low_cost
mp-1195073,Al2Si2PbO8,al2si2pbo8,"['Al', 'O', 'Pb', 'Si']","['Al', 'O', 'Pb', 'Si']",Al_O_Pb_Si,al_o_pb_si,True,False,Monoclinic,0,"['Al', 'O', 'Pb', 'Si']","['Al', 'Si', 'Pb', 'O']",Al,aluminum,,"['aluminum', 'lead']",aluminum,Aluminum,2631.69583333333,($/mt),2025.0,primary_element_proxy,medium,0.37890625,4,low_cost
mp-730446,AlH10SO9F,alh10so9f,"['Al', 'F', 'H', 'O', 'S']","['Al', 'F', 'H', 'O', 'S']",Al_F_H_O_S,al_f_h_o_s,True,False,Orthorhombic,0,"['Al', 'F', 'H', 'O', 'S']","['Al', 'H', 'S', 'O', 'F']",Al,aluminum,,['aluminum'],aluminum,Aluminum,2631.69583333333,($/mt),2025.0,primary_element_proxy,medium,0.37890625,4,low_cost
mp-1199829,AlH15Br3N5,alh15br3n5,"['Al', 'Br', 'H', 'N']","['Al', 'Br', 'H', 'N']",Al_Br_H_N,al_br_h_n,True,False,Orthorhombic,0,"['Al', 'Br', 'H', 'N']","['Al', 'H', 'Br', 'N']",Al,aluminum,,['aluminum'],aluminum,Aluminum,2631.69583333333,($/mt),2025.0,primary_element_proxy,medium,0.37890625,4,low_cost
mp-530331,Al6SnTe10,al6snte10,"['Al', 'Sn', 'Te']","['Al', 'Sn', 'Te']",Al_Sn_Te,al_sn_te,True,False,Trigonal,0,"['Al', 'Sn', 'Te']","['Al', 'Sn', 'Te']",Al,aluminum,,"['aluminum', 'tin']",aluminum,Aluminum,2631.69583333333,($/mt),2025.0,primary_element_proxy,medium,0.37890625,4,low_cost
mp-13875,Al8(Pb3O7)3,al8_pb3o7_3,"['Al', 'O', 'Pb']","['Al', 'O', 'Pb']",Al_O_Pb,al_o_pb,True,False,Cubic,0,"['Al', 'O', 'Pb']","['Al', 'Pb', 'O']",Al,aluminum,,"['aluminum', 'lead']",aluminum,Aluminum,2631.69583333333,($/mt),2025.0,primary_element_proxy,medium,0.37890625,4,low_cost
mp-581951,Zn53Ni16,zn53ni16,"['Ni', 'Zn']","['Ni', 'Zn']",Ni_Zn,ni_zn,True,True,Orthorhombic,0,"['Ni', 'Zn']","['Zn', 'Ni']",Zn,zinc,,"['zinc', 'nickel']",zinc,Zinc,2867.52833333333,($/mt),2025.0,primary_element_proxy,medium,0.5703125,5,medium_cost
mp-1199741,Zn3TeP2Pb3O14,zn3tep2pb3o14,"['O', 'P', 'Pb', 'Te', 'Zn']","['O', 'P', 'Pb', 'Te', 'Zn']",O_P_Pb_Te_Zn,o_p_pb_te_zn,True,False,Monoclinic,0,"['O', 'P', 'Pb', 'Te', 'Zn']","['Zn', 'Te', 'P', 'Pb', 'O']",Zn,zinc,,"['zinc', 'phosphate_rock', 'lead']",zinc,Zinc,2867.52833333333,($/mt),2025.0,primary_element_proxy,medium,0.5703125,5,medium_cost
mp-1196112,ZnSb3XeF23,znsb3xef23,"['F', 'Sb', 'Xe', 'Zn']","['F', 'Sb', 'Xe', 'Zn']",F_Sb_Xe_Zn,f_sb_xe_zn,True,False,Monoclinic,0,"['F', 'Sb', 'Xe', 'Zn']","['Zn', 'Sb', 'Xe', 'F']",Zn,zinc,,['zinc'],zinc,Zinc,2867.52833333333,($/mt),2025.0,primary_element_proxy,medium,0.5703125,5,medium_cost
mp-1201551,ZnSb4H18S7N6,znsb4h18s7n6,"['H', 'N', 'S', 'Sb', 'Zn']","['H', 'N', 'S', 'Sb', 'Zn']",H_N_S_Sb_Zn,h_n_s_sb_zn,True,False,Triclinic,0,"['H', 'N', 'S', 'Sb', 'Zn']","['Zn', 'Sb', 'H', 'S', 'N']",Zn,zinc,,['zinc'],zinc,Zinc,2867.52833333333,($/mt),2025.0,primary_element_proxy,medium,0.5703125,5,medium_cost
mp-2713863,ZnSn(SO4)3,znsn_so4_3,"['O', 'S', 'Sn', 'Zn']","['O', 'S', 'Sn', 'Zn']",O_S_Sn_Zn,o_s_sn_zn,True,False,Trigonal,0,"['O', 'S', 'Sn', 'Zn']","['Zn', 'Sn', 'S', 'O']",Zn,zinc,,"['zinc', 'tin']",zinc,Zinc,2867.52833333333,($/mt),2025.0,primary_element_proxy,medium,0.5703125,5,medium_cost
mp-1197426,ZnP14Pb,znp14pb,"['P', 'Pb', 'Zn']","['P', 'Pb', 'Zn']",P_Pb_Zn,p_pb_zn,True,False,Orthorhombic,0,"['P', 'Pb', 'Zn']","['Zn', 'P', 'Pb']",Zn,zinc,,"['zinc', 'phosphate_rock', 'lead']",zinc,Zinc,2867.52833333333,($/mt),2025.0,primary_element_proxy,medium,0.5703125,5,medium_cost
mp-1203210,ZnTeH12Se3N4,znteh12se3n4,"['H', 'N', 'Se', 'Te', 'Zn']","['H', 'N', 'Se', 'Te', 'Zn']",H_N_Se_Te_Zn,h_n_se_te_zn,True,False,Orthorhombic,0,"['H', 'N', 'Se', 'Te', 'Zn']","['Zn', 'Te', 'H', 'Se', 'N']",Zn,zinc,,['zinc'],zinc,Zinc,2867.52833333333,($/mt),2025.0,primary_element_proxy,medium,0.5703125,5,medium_cost
mp-680580,Zn3As2,zn3as2,"['As', 'Zn']","['As', 'Zn']",As_Zn,as_zn,True,False,Tetragonal,0,"['As', 'Zn']","['Zn', 'As']",Zn,zinc,,['zinc'],zinc,Zinc,2867.52833333333,($/mt),2025.0,primary_element_proxy,medium,0.5703125,5,medium_cost
mp-557130,Zn2TeCl2O3,zn2tecl2o3,"['Cl', 'O', 'Te', 'Zn']","['Cl', 'O', 'Te', 'Zn']",Cl_O_Te_Zn,cl_o_te_zn,True,False,Orthorhombic,0,"['Cl', 'O', 'Te', 'Zn']","['Zn', 'Te', 'Cl', 'O']",Zn,zinc,,['zinc'],zinc,Zinc,2867.52833333333,($/mt),2025.0,primary_element_proxy,medium,0.5703125,5,medium_cost
mp-558350,Zn2TeBr2O3,zn2tebr2o3,"['Br', 'O', 'Te', 'Zn']","['Br', 'O', 'Te', 'Zn']",Br_O_Te_Zn,br_o_te_zn,True,False,Orthorhombic,0,"['Br', 'O', 'Te', 'Zn']","['Zn', 'Te', 'Br', 'O']",Zn,zinc,,['zinc'],zinc,Zinc,2867.52833333333,($/mt),2025.0,primary_element_proxy,medium,0.5703125,5,medium_cost
mp-1207534,Zn3Cd3(TeO6)2,zn3cd3_teo6_2,"['Cd', 'O', 'Te', 'Zn']","['Cd', 'O', 'Te', 'Zn']",Cd_O_Te_Zn,cd_o_te_zn,True,False,Cubic,0,"['Cd', 'O', 'Te', 'Zn']","['Zn', 'Cd', 'Te', 'O']",Zn,zinc,,['zinc'],zinc,Zinc,2867.52833333333,($/mt),2025.0,primary_element_proxy,medium,0.5703125,5,medium_cost
mp-723044,ZnH12N3Cl5,znh12n3cl5,"['Cl', 'H', 'N', 'Zn']","['Cl', 'H', 'N', 'Zn']",Cl_H_N_Zn,cl_h_n_zn,True,False,Orthorhombic,0,"['Cl', 'H', 'N', 'Zn']","['Zn', 'H', 'N', 'Cl']",Zn,zinc,,['zinc'],zinc,Zinc,2867.52833333333,($/mt),2025.0,primary_element_proxy,medium,0.5703125,5,medium_cost
mp-1200803,ZnH2N2O7,znh2n2o7,"['H', 'N', 'O', 'Zn']","['H', 'N', 'O', 'Zn']",H_N_O_Zn,h_n_o_zn,True,False,Orthorhombic,0,"['H', 'N', 'O', 'Zn']","['Zn', 'H', 'N', 'O']",Zn,zinc,,['zinc'],zinc,Zinc,2867.52833333333,($/mt),2025.0,primary_element_proxy,medium,0.5703125,5,medium_cost
mp-1195558,Zn(H15N8)2,zn_h15n8_2,"['H', 'N', 'Zn']","['H', 'N', 'Zn']",H_N_Zn,h_n_zn,True,False,Monoclinic,0,"['H', 'N', 'Zn']","['Zn', 'H', 'N']",Zn,zinc,,['zinc'],zinc,Zinc,2867.52833333333,($/mt),2025.0,primary_element_proxy,medium,0.5703125,5,medium_cost
mp-559319,Zn2P2O7,zn2p2o7,"['O', 'P', 'Zn']","['O', 'P', 'Zn']",O_P_Zn,o_p_zn,True,False,Orthorhombic,0,"['O', 'P', 'Zn']","['Zn', 'P', 'O']",Zn,zinc,,"['zinc', 'phosphate_rock']",zinc,Zinc,2867.52833333333,($/mt),2025.0,primary_element_proxy,medium,0.5703125,5,medium_cost
mp-759925,Zn2Hg2H2Se2O11,zn2hg2h2se2o11,"['H', 'Hg', 'O', 'Se', 'Zn']","['H', 'Hg', 'O', 'Se', 'Zn']",H_Hg_O_Se_Zn,h_hg_o_se_zn,True,False,Orthorhombic,0,"['H', 'Hg', 'O', 'Se', 'Zn']","['Zn', 'Hg', 'H', 'Se', 'O']",Zn,zinc,,['zinc'],zinc,Zinc,2867.52833333333,($/mt),2025.0,primary_element_proxy,medium,0.5703125,5,medium_cost
mp-779594,Zn2As2O7,zn2as2o7,"['As', 'O', 'Zn']","['As', 'O', 'Zn']",As_O_Zn,as_o_zn,True,False,Orthorhombic,0,"['As', 'O', 'Zn']","['Zn', 'As', 'O']",Zn,zinc,,['zinc'],zinc,Zinc,2867.52833333333,($/mt),2025.0,primary_element_proxy,medium,0.5703125,5,medium_cost
mp-24694,Zn(H2N)2,zn_h2n_2,"['H', 'N', 'Zn']","['H', 'N', 'Zn']",H_N_Zn,h_n_zn,True,False,Tetragonal,0,"['H', 'N', 'Zn']","['Zn', 'H', 'N']",Zn,zinc,,['zinc'],zinc,Zinc,2867.52833333333,($/mt),2025.0,primary_element_proxy,medium,0.5703125,5,medium_cost
mp-706995,ZnCoH18N6Cl5,zncoh18n6cl5,"['Cl', 'Co', 'H', 'N', 'Zn']","['Cl', 'Co', 'H', 'N', 'Zn']",Cl_Co_H_N_Zn,cl_co_h_n_zn,True,False,Orthorhombic,0,"['Cl', 'Co', 'H', 'N', 'Zn']","['Zn', 'Co', 'H', 'N', 'Cl']",Zn,zinc,,['zinc'],zinc,Zinc,2867.52833333333,($/mt),2025.0,primary_element_proxy,medium,0.5703125,5,medium_cost
mp-1205290,Zn6Ru,zn6ru,"['Ru', 'Zn']","['Ru', 'Zn']",Ru_Zn,ru_zn,True,False,Cubic,0,"['Ru', 'Zn']","['Zn', 'Ru']",Zn,zinc,,['zinc'],zinc,Zinc,2867.52833333333,($/mt),2025.0,primary_element_proxy,medium,0.5703125,5,medium_cost
mp-1208176,Zn61Pd8,zn61pd8,"['Pd', 'Zn']","['Pd', 'Zn']",Pd_Zn,pd_zn,True,True,Orthorhombic,0,"['Pd', 'Zn']","['Zn', 'Pd']",Zn,zinc,,['zinc'],zinc,Zinc,2867.52833333333,($/mt),2025.0,primary_element_proxy,medium,0.5703125,5,medium_cost
mp-644828,AuXe2F17,auxe2f17,"['Au', 'F', 'Xe']","['Au', 'F', 'Xe']",Au_F_Xe,au_f_xe,True,False,Orthorhombic,0,"['Au', 'F', 'Xe']","['Au', 'Xe', 'F']",Au,gold,,['gold'],gold,Gold,3441.50583333333,($/troy oz),2025.0,primary_element_proxy,medium,0.65625,6,medium_cost
mp-1200181,Cu2As9P3S9I2,cu2as9p3s9i2,"['As', 'Cu', 'I', 'P', 'S']","['As', 'Cu', 'I', 'P', 'S']",As_Cu_I_P_S,as_cu_i_p_s,True,False,Monoclinic,0,"['As', 'Cu', 'I', 'P', 'S']","['Cu', 'As', 'P', 'S', 'I']",Cu,copper,,"['copper', 'phosphate_rock']",copper,Copper,9947.305,($/mt),2025.0,primary_element_proxy,medium,0.7421875,7,medium_cost
mp-1196623,Cu3Ag2Bi7Pb3S16,cu3ag2bi7pb3s16,"['Ag', 'Bi', 'Cu', 'Pb', 'S']","['Ag', 'Bi', 'Cu', 'Pb', 'S']",Ag_Bi_Cu_Pb_S,ag_bi_cu_pb_s,True,False,Monoclinic,0,"['Ag', 'Bi', 'Cu', 'Pb', 'S']","['Cu', 'Ag', 'Bi', 'Pb', 'S']",Cu,copper,,"['copper', 'silver', 'lead']",copper,Copper,9947.305,($/mt),2025.0,primary_element_proxy,medium,0.7421875,7,medium_cost
mp-570817,Cu2P8Se3I2,cu2p8se3i2,"['Cu', 'I', 'P', 'Se']","['Cu', 'I', 'P', 'Se']",Cu_I_P_Se,cu_i_p_se,True,False,Orthorhombic,0,"['Cu', 'I', 'P', 'Se']","['Cu', 'P', 'Se', 'I']",Cu,copper,,"['copper', 'phosphate_rock']",copper,Copper,9947.305,($/mt),2025.0,primary_element_proxy,medium,0.7421875,7,medium_cost
mp-683899,Cu2P8Se3Br2,cu2p8se3br2,"['Br', 'Cu', 'P', 'Se']","['Br', 'Cu', 'P', 'Se']",Br_Cu_P_Se,br_cu_p_se,True,False,Orthorhombic,0,"['Br', 'Cu', 'P', 'Se']","['Cu', 'P', 'Se', 'Br']",Cu,copper,,"['copper', 'phosphate_rock']",copper,Copper,9947.305,($/mt),2025.0,primary_element_proxy,medium,0.7421875,7,medium_cost
mp-557905,Cu3Mo8Br2O23,cu3mo8br2o23,"['Br', 'Cu', 'Mo', 'O']","['Br', 'Cu', 'Mo', 'O']",Br_Cu_Mo_O,br_cu_mo_o,True,False,Orthorhombic,0,"['Br', 'Cu', 'Mo', 'O']","['Cu', 'Mo', 'Br', 'O']",Cu,copper,,['copper'],copper,Copper,9947.305,($/mt),2025.0,primary_element_proxy,medium,0.7421875,7,medium_cost
mp-1197298,CuAs12P4S12Cl,cuas12p4s12cl,"['As', 'Cl', 'Cu', 'P', 'S']","['As', 'Cl', 'Cu', 'P', 'S']",As_Cl_Cu_P_S,as_cl_cu_p_s,True,False,Trigonal,0,"['As', 'Cl', 'Cu', 'P', 'S']","['Cu', 'As', 'P', 'S', 'Cl']",Cu,copper,,"['copper', 'phosphate_rock']",copper,Copper,9947.305,($/mt),2025.0,primary_element_proxy,medium,0.7421875,7,medium_cost
mp-1197719,CuAs12P4S12Br,cuas12p4s12br,"['As', 'Br', 'Cu', 'P', 'S']","['As', 'Br', 'Cu', 'P', 'S']",As_Br_Cu_P_S,as_br_cu_p_s,True,False,Trigonal,0,"['As', 'Br', 'Cu', 'P', 'S']","['Cu', 'As', 'P', 'S', 'Br']",Cu,copper,,"['copper', 'phosphate_rock']",copper,Copper,9947.305,($/mt),2025.0,primary_element_proxy,medium,0.7421875,7,medium_cost
mp-1200788,Cu3P8(Se2Br)3,cu3p8_se2br_3,"['Br', 'Cu', 'P', 'Se']","['Br', 'Cu', 'P', 'Se']",Br_Cu_P_Se,br_cu_p_se,True,False,Orthorhombic,0,"['Br', 'Cu', 'P', 'Se']","['Cu', 'P', 'Se', 'Br']",Cu,copper,,"['copper', 'phosphate_rock']",copper,Copper,9947.305,($/mt),2025.0,primary_element_proxy,medium,0.7421875,7,medium_cost
mp-559558,Cu3P8(S2Cl)3,cu3p8_s2cl_3,"['Cl', 'Cu', 'P', 'S']","['Cl', 'Cu', 'P', 'S']",Cl_Cu_P_S,cl_cu_p_s,True,False,Orthorhombic,0,"['Cl', 'Cu', 'P', 'S']","['Cu', 'P', 'S', 'Cl']",Cu,copper,,"['copper', 'phosphate_rock']",copper,Copper,9947.305,($/mt),2025.0,primary_element_proxy,medium,0.7421875,7,medium_cost
mp-680446,Cu3P4Se4Br3,cu3p4se4br3,"['Br', 'Cu', 'P', 'Se']","['Br', 'Cu', 'P', 'Se']",Br_Cu_P_Se,br_cu_p_se,True,False,Monoclinic,0,"['Br', 'Cu', 'P', 'Se']","['Cu', 'P', 'Se', 'Br']",Cu,copper,,"['copper', 'phosphate_rock']",copper,Copper,9947.305,($/mt),2025.0,primary_element_proxy,medium,0.7421875,7,medium_cost
mp-565597,Cu3P4S4I3,cu3p4s4i3,"['Cu', 'I', 'P', 'S']","['Cu', 'I', 'P', 'S']",Cu_I_P_S,cu_i_p_s,True,False,Hexagonal,0,"['Cu', 'I', 'P', 'S']","['Cu', 'P', 'S', 'I']",Cu,copper,,"['copper', 'phosphate_rock']",copper,Copper,9947.305,($/mt),2025.0,primary_element_proxy,medium,0.7421875,7,medium_cost
mp-679930,Cu3P15I2,cu3p15i2,"['Cu', 'I', 'P']","['Cu', 'I', 'P']",Cu_I_P,cu_i_p,True,False,Monoclinic,0,"['Cu', 'I', 'P']","['Cu', 'P', 'I']",Cu,copper,,"['copper', 'phosphate_rock']",copper,Copper,9947.305,($/mt),2025.0,primary_element_proxy,medium,0.7421875,7,medium_cost
mp-29557,CuW3Cl7,cuw3cl7,"['Cl', 'Cu', 'W']","['Cl', 'Cu', 'W']",Cl_Cu_W,cl_cu_w,True,False,Cubic,0,"['Cl', 'Cu', 'W']","['Cu', 'W', 'Cl']",Cu,copper,,['copper'],copper,Copper,9947.305,($/mt),2025.0,primary_element_proxy,medium,0.7421875,7,medium_cost
mp-23370,CuW3Br7,cuw3br7,"['Br', 'Cu', 'W']","['Br', 'Cu', 'W']",Br_Cu_W,br_cu_w,True,False,Cubic,0,"['Br', 'Cu', 'W']","['Cu', 'W', 'Br']",Cu,copper,,['copper'],copper,Copper,9947.305,($/mt),2025.0,primary_element_proxy,medium,0.7421875,7,medium_cost
mp-1196390,CuSb3XeF23,cusb3xef23,"['Cu', 'F', 'Sb', 'Xe']","['Cu', 'F', 'Sb', 'Xe']",Cu_F_Sb_Xe,cu_f_sb_xe,True,False,Monoclinic,0,"['Cu', 'F', 'Sb', 'Xe']","['Cu', 'Sb', 'Xe', 'F']",Cu,copper,,['copper'],copper,Copper,9947.305,($/mt),2025.0,primary_element_proxy,medium,0.7421875,7,medium_cost
mp-29440,CuMo3I7,cumo3i7,"['Cu', 'I', 'Mo']","['Cu', 'I', 'Mo']",Cu_I_Mo,cu_i_mo,True,False,Orthorhombic,0,"['Cu', 'I', 'Mo']","['Cu', 'Mo', 'I']",Cu,copper,,['copper'],copper,Copper,9947.305,($/mt),2025.0,primary_element_proxy,medium,0.7421875,7,medium_cost
mp-568397,CuMo3Cl7,cumo3cl7,"['Cl', 'Cu', 'Mo']","['Cl', 'Cu', 'Mo']",Cl_Cu_Mo,cl_cu_mo,True,False,Cubic,0,"['Cl', 'Cu', 'Mo']","['Cu', 'Mo', 'Cl']",Cu,copper,,['copper'],copper,Copper,9947.305,($/mt),2025.0,primary_element_proxy,medium,0.7421875,7,medium_cost
mp-571184,CuMo3Br7,cumo3br7,"['Br', 'Cu', 'Mo']","['Br', 'Cu', 'Mo']",Br_Cu_Mo,br_cu_mo,True,False,Cubic,0,"['Br', 'Cu', 'Mo']","['Cu', 'Mo', 'Br']",Cu,copper,,['copper'],copper,Copper,9947.305,($/mt),2025.0,primary_element_proxy,medium,0.7421875,7,medium_cost
mp-1213613,CuH2CN2Cl,cuh2cn2cl,"['C', 'Cl', 'Cu', 'H', 'N']","['C', 'Cl', 'Cu', 'H', 'N']",C_Cl_Cu_H_N,c_cl_cu_h_n,True,False,Orthorhombic,0,"['C', 'Cl', 'Cu', 'H', 'N']","['Cu', 'H', 'C', 'N', 'Cl']",Cu,copper,,['copper'],copper,Copper,9947.305,($/mt),2025.0,primary_element_proxy,medium,0.7421875,7,medium_cost
mp-1198103,CuAs7PS7Br,cuas7ps7br,"['As', 'Br', 'Cu', 'P', 'S']","['As', 'Br', 'Cu', 'P', 'S']",As_Br_Cu_P_S,as_br_cu_p_s,True,False,Monoclinic,0,"['As', 'Br', 'Cu', 'P', 'S']","['Cu', 'As', 'P', 'S', 'Br']",Cu,copper,,"['copper', 'phosphate_rock']",copper,Copper,9947.305,($/mt),2025.0,primary_element_proxy,medium,0.7421875,7,medium_cost
mp-1202966,CuAs2H3OF13,cuas2h3of13,"['As', 'Cu', 'F', 'H', 'O']","['As', 'Cu', 'F', 'H', 'O']",As_Cu_F_H_O,as_cu_f_h_o,True,False,Orthorhombic,0,"['As', 'Cu', 'F', 'H', 'O']","['Cu', 'As', 'H', 'O', 'F']",Cu,copper,,['copper'],copper,Copper,9947.305,($/mt),2025.0,primary_element_proxy,medium,0.7421875,7,medium_cost
mp-1202294,NiP2H2O7,nip2h2o7,"['H', 'Ni', 'O', 'P']","['H', 'Ni', 'O', 'P']",H_Ni_O_P,h_ni_o_p,True,False,Monoclinic,0,"['H', 'Ni', 'O', 'P']","['Ni', 'P', 'H', 'O']",Ni,nickel,,"['nickel', 'phosphate_rock']",nickel,Nickel,15162.1583333333,($/mt),2025.0,primary_element_proxy,medium,0.86328125,8,high_cost
mp-735541,NiSn2H12(OF)6,nisn2h12_of_6,"['F', 'H', 'Ni', 'O', 'Sn']","['F', 'H', 'Ni', 'O', 'Sn']",F_H_Ni_O_Sn,f_h_ni_o_sn,True,False,Triclinic,0,"['F', 'H', 'Ni', 'O', 'Sn']","['Ni', 'Sn', 'H', 'O', 'F']",Ni,nickel,,"['nickel', 'tin']",nickel,Nickel,15162.1583333333,($/mt),2025.0,primary_element_proxy,medium,0.86328125,8,high_cost
mp-24577,NiSnH12(OF)6,nisnh12_of_6,"['F', 'H', 'Ni', 'O', 'Sn']","['F', 'H', 'Ni', 'O', 'Sn']",F_H_Ni_O_Sn,f_h_ni_o_sn,True,False,Trigonal,0,"['F', 'H', 'Ni', 'O', 'Sn']","['Ni', 'Sn', 'H', 'O', 'F']",Ni,nickel,,"['nickel', 'tin']",nickel,Nickel,15162.1583333333,($/mt),2025.0,primary_element_proxy,medium,0.86328125,8,high_cost
mp-1195453,NiSb3XeF23,nisb3xef23,"['F', 'Ni', 'Sb', 'Xe']","['F', 'Ni', 'Sb', 'Xe']",F_Ni_Sb_Xe,f_ni_sb_xe,True,False,Monoclinic,0,"['F', 'Ni', 'Sb', 'Xe']","['Ni', 'Sb', 'Xe', 'F']",Ni,nickel,,['nickel'],nickel,Nickel,15162.1583333333,($/mt),2025.0,primary_element_proxy,medium,0.86328125,8,high_cost
mp-683937,Ni13Sn8P3,ni13sn8p3,"['Ni', 'P', 'Sn']","['Ni', 'P', 'Sn']",Ni_P_Sn,ni_p_sn,True,True,Triclinic,0,"['Ni', 'P', 'Sn']","['Ni', 'Sn', 'P']",Ni,nickel,,"['nickel', 'phosphate_rock', 'tin']",nickel,Nickel,15162.1583333333,($/mt),2025.0,primary_element_proxy,medium,0.86328125,8,high_cost
mp-556221,Ni(XeF7)4,ni_xef7_4,"['F', 'Ni', 'Xe']","['F', 'Ni', 'Xe']",F_Ni_Xe,f_ni_xe,True,False,Monoclinic,0,"['F', 'Ni', 'Xe']","['Ni', 'Xe', 'F']",Ni,nickel,,['nickel'],nickel,Nickel,15162.1583333333,($/mt),2025.0,primary_element_proxy,medium,0.86328125,8,high_cost
mp-654447,Ni(XeF8)2,ni_xef8_2,"['F', 'Ni', 'Xe']","['F', 'Ni', 'Xe']",F_Ni_Xe,f_ni_xe,True,False,Orthorhombic,0,"['F', 'Ni', 'Xe']","['Ni', 'Xe', 'F']",Ni,nickel,,['nickel'],nickel,Nickel,15162.1583333333,($/mt),2025.0,primary_element_proxy,medium,0.86328125,8,high_cost
mp-705872,Ni17(As3O16)2,ni17_as3o16_2,"['As', 'Ni', 'O']","['As', 'Ni', 'O']",As_Ni_O,as_ni_o,True,False,Monoclinic,0,"['As', 'Ni', 'O']","['Ni', 'As', 'O']",Ni,nickel,,['nickel'],nickel,Nickel,15162.1583333333,($/mt),2025.0,primary_element_proxy,medium,0.86328125,8,high_cost
mp-1204674,Ni9Te5(PbO5)6,ni9te5_pbo5_6,"['Ni', 'O', 'Pb', 'Te']","['Ni', 'O', 'Pb', 'Te']",Ni_O_Pb_Te,ni_o_pb_te,True,False,Hexagonal,0,"['Ni', 'O', 'Pb', 'Te']","['Ni', 'Te', 'Pb', 'O']",Ni,nickel,,"['nickel', 'lead']",nickel,Nickel,15162.1583333333,($/mt),2025.0,primary_element_proxy,medium,0.86328125,8,high_cost
mp-1180537,NiH12(ClO6)2,nih12_clo6_2,"['Cl', 'H', 'Ni', 'O']","['Cl', 'H', 'Ni', 'O']",Cl_H_Ni_O,cl_h_ni_o,True,False,Cubic,0,"['Cl', 'H', 'Ni', 'O']","['Ni', 'H', 'Cl', 'O']",Ni,nickel,,['nickel'],nickel,Nickel,15162.1583333333,($/mt),2025.0,primary_element_proxy,medium,0.86328125,8,high_cost
mp-759223,Sn(SO4)2,sn_so4_2,"['O', 'S', 'Sn']","['O', 'S', 'Sn']",O_S_Sn,o_s_sn,True,False,Orthorhombic,0,"['O', 'S', 'Sn']","['Sn', 'S', 'O']",Sn,tin,,['tin'],tin,Tin,34058.8358333333,($/mt),2025.0,primary_element_proxy,medium,0.953125,9,high_cost
mp-1203896,Sn21H14(Cl4O5)4,sn21h14_cl4o5_4,"['Cl', 'H', 'O', 'Sn']","['Cl', 'H', 'O', 'Sn']",Cl_H_O_Sn,cl_h_o_sn,True,False,Trigonal,0,"['Cl', 'H', 'O', 'Sn']","['Sn', 'H', 'Cl', 'O']",Sn,tin,,['tin'],tin,Tin,34058.8358333333,($/mt),2025.0,primary_element_proxy,medium,0.953125,9,high_cost
mp-16403,SnHgP14,snhgp14,"['Hg', 'P', 'Sn']","['Hg', 'P', 'Sn']",Hg_P_Sn,hg_p_sn,True,False,Orthorhombic,0,"['Hg', 'P', 'Sn']","['Sn', 'Hg', 'P']",Sn,tin,,"['tin', 'phosphate_rock']",tin,Tin,34058.8358333333,($/mt),2025.0,primary_element_proxy,medium,0.953125,9,high_cost
mp-559064,SnP2(Cl5O)2,snp2_cl5o_2,"['Cl', 'O', 'P', 'Sn']","['Cl', 'O', 'P', 'Sn']",Cl_O_P_Sn,cl_o_p_sn,True,False,Orthorhombic,0,"['Cl', 'O', 'P', 'Sn']","['Sn', 'P', 'Cl', 'O']",Sn,tin,,"['tin', 'phosphate_rock']",tin,Tin,34058.8358333333,($/mt),2025.0,primary_element_proxy,medium,0.953125,9,high_cost
mp-570135,SnHg7(P2Br3)2,snhg7_p2br3_2,"['Br', 'Hg', 'P', 'Sn']","['Br', 'Hg', 'P', 'Sn']",Br_Hg_P_Sn,br_hg_p_sn,True,False,Cubic,0,"['Br', 'Hg', 'P', 'Sn']","['Sn', 'Hg', 'P', 'Br']",Sn,tin,,"['tin', 'phosphate_rock']",tin,Tin,34058.8358333333,($/mt),2025.0,primary_element_proxy,medium,0.953125,9,high_cost
mp-1195064,Sn2H22S6N4O3,sn2h22s6n4o3,"['H', 'N', 'O', 'S', 'Sn']","['H', 'N', 'O', 'S', 'Sn']",H_N_O_S_Sn,h_n_o_s_sn,True,False,Tetragonal,0,"['H', 'N', 'O', 'S', 'Sn']","['Sn', 'H', 'S', 'N', 'O']",Sn,tin,,['tin'],tin,Tin,34058.8358333333,($/mt),2025.0,primary_element_proxy,medium,0.953125,9,high_cost
mp-23386,Sn2SI2,sn2si2,"['I', 'S', 'Sn']","['I', 'S', 'Sn']",I_S_Sn,i_s_sn,True,False,Orthorhombic,0,"['I', 'S', 'Sn']","['Sn', 'S', 'I']",Sn,tin,,['tin'],tin,Tin,34058.8358333333,($/mt),2025.0,primary_element_proxy,medium,0.953125,9,high_cost
mp-1198288,Sn2Bi2O7,sn2bi2o7,"['Bi', 'O', 'Sn']","['Bi', 'O', 'Sn']",Bi_O_Sn,bi_o_sn,True,False,Trigonal,0,"['Bi', 'O', 'Sn']","['Sn', 'Bi', 'O']",Sn,tin,,['tin'],tin,Tin,34058.8358333333,($/mt),2025.0,primary_element_proxy,medium,0.953125,9,high_cost
mp-28271,Sn5BF13,sn5bf13,"['B', 'F', 'Sn']","['B', 'F', 'Sn']",B_F_Sn,b_f_sn,True,False,Monoclinic,0,"['B', 'F', 'Sn']","['Sn', 'B', 'F']",Sn,tin,,['tin'],tin,Tin,34058.8358333333,($/mt),2025.0,primary_element_proxy,medium,0.953125,9,high_cost
mp-1199443,SnH6C(NCl)3,snh6c_ncl_3,"['C', 'Cl', 'H', 'N', 'Sn']","['C', 'Cl', 'H', 'N', 'Sn']",C_Cl_H_N_Sn,c_cl_h_n_sn,True,False,Orthorhombic,0,"['C', 'Cl', 'H', 'N', 'Sn']","['Sn', 'H', 'C', 'N', 'Cl']",Sn,tin,,['tin'],tin,Tin,34058.8358333333,($/mt),2025.0,primary_element_proxy,medium,0.953125,9,high_cost
mp-567185,SnHg6(As2Br3)2,snhg6_as2br3_2,"['As', 'Br', 'Hg', 'Sn']","['As', 'Br', 'Hg', 'Sn']",As_Br_Hg_Sn,as_br_hg_sn,True,False,Cubic,0,"['As', 'Br', 'Hg', 'Sn']","['Sn', 'Hg', 'As', 'Br']",Sn,tin,,['tin'],tin,Tin,34058.8358333333,($/mt),2025.0,primary_element_proxy,medium,0.953125,9,high_cost
mp-568612,SnHg6(P2Cl3)2,snhg6_p2cl3_2,"['Cl', 'Hg', 'P', 'Sn']","['Cl', 'Hg', 'P', 'Sn']",Cl_Hg_P_Sn,cl_hg_p_sn,True,False,Cubic,0,"['Cl', 'Hg', 'P', 'Sn']","['Sn', 'Hg', 'P', 'Cl']",Sn,tin,,"['tin', 'phosphate_rock']",tin,Tin,34058.8358333333,($/mt),2025.0,primary_element_proxy,medium,0.953125,9,high_cost
mp-571478,SnHg7(As2I3)2,snhg7_as2i3_2,"['As', 'Hg', 'I', 'Sn']","['As', 'Hg', 'I', 'Sn']",As_Hg_I_Sn,as_hg_i_sn,True,False,Cubic,0,"['As', 'Hg', 'I', 'Sn']","['Sn', 'Hg', 'As', 'I']",Sn,tin,,['tin'],tin,Tin,34058.8358333333,($/mt),2025.0,primary_element_proxy,medium,0.953125,9,high_cost
mp-861942,Ag2GePbS4,ag2gepbs4,"['Ag', 'Ge', 'Pb', 'S']","['Ag', 'Ge', 'Pb', 'S']",Ag_Ge_Pb_S,ag_ge_pb_s,True,False,Orthorhombic,1,"['Ag', 'Ge', 'Pb', 'S']","['Ag', 'Ge', 'Pb', 'S']",Ag,silver,,"['silver', 'lead']",silver,Silver,39.80466666667,($/troy oz),2025.0,primary_element_proxy,medium,0.08038585209003216,1,low_cost
mp-9900,Ag2GeS3,ag2ges3,"['Ag', 'Ge', 'S']","['Ag', 'Ge', 'S']",Ag_Ge_S,ag_ge_s,True,False,Orthorhombic,1,"['Ag', 'Ge', 'S']","['Ag', 'Ge', 'S']",Ag,silver,,['silver'],silver,Silver,39.80466666667,($/troy oz),2025.0,primary_element_proxy,medium,0.08038585209003216,1,low_cost
mp-1229141,Ag2HgGeS4,ag2hgges4,"['Ag', 'Ge', 'Hg', 'S']","['Ag', 'Ge', 'Hg', 'S']",Ag_Ge_Hg_S,ag_ge_hg_s,True,False,Monoclinic,1,"['Ag', 'Ge', 'Hg', 'S']","['Ag', 'Hg', 'Ge', 'S']",Ag,silver,,['silver'],silver,Silver,39.80466666667,($/troy oz),2025.0,primary_element_proxy,medium,0.08038585209003216,1,low_cost
mp-23485,Ag2HgI4,ag2hgi4,"['Ag', 'Hg', 'I']","['Ag', 'Hg', 'I']",Ag_Hg_I,ag_hg_i,True,False,Tetragonal,1,"['Ag', 'Hg', 'I']","['Ag', 'Hg', 'I']",Ag,silver,,['silver'],silver,Silver,39.80466666667,($/troy oz),2025.0,primary_element_proxy,medium,0.08038585209003216,1,low_cost
mp-556866,Ag2HgSI2,ag2hgsi2,"['Ag', 'Hg', 'I', 'S']","['Ag', 'Hg', 'I', 'S']",Ag_Hg_I_S,ag_hg_i_s,True,False,Orthorhombic,1,"['Ag', 'Hg', 'I', 'S']","['Ag', 'Hg', 'S', 'I']",Ag,silver,,['silver'],silver,Silver,39.80466666667,($/troy oz),2025.0,primary_element_proxy,medium,0.08038585209003216,1,low_cost
mp-13956,Ag2PSe3,ag2pse3,"['Ag', 'P', 'Se']","['Ag', 'P', 'Se']",Ag_P_Se,ag_p_se,True,False,Orthorhombic,1,"['Ag', 'P', 'Se']","['Ag', 'P', 'Se']",Ag,silver,,"['silver', 'phosphate_rock']",silver,Silver,39.80466666667,($/troy oz),2025.0,primary_element_proxy,medium,0.08038585209003216,1,low_cost
mp-16913,Ag2SeO3,ag2seo3,"['Ag', 'O', 'Se']","['Ag', 'O', 'Se']",Ag_O_Se,ag_o_se,True,False,Monoclinic,1,"['Ag', 'O', 'Se']","['Ag', 'Se', 'O']",Ag,silver,,['silver'],silver,Silver,39.80466666667,($/troy oz),2025.0,primary_element_proxy,medium,0.08038585209003216,1,low_cost
mp-559847,Ag5P(S2Cl)2,ag5p_s2cl_2,"['Ag', 'Cl', 'P', 'S']","['Ag', 'Cl', 'P', 'S']",Ag_Cl_P_S,ag_cl_p_s,True,False,Orthorhombic,1,"['Ag', 'Cl', 'P', 'S']","['Ag', 'P', 'S', 'Cl']",Ag,silver,,"['silver', 'phosphate_rock']",silver,Silver,39.80466666667,($/troy oz),2025.0,primary_element_proxy,medium,0.08038585209003216,1,low_cost
mp-8594,Ag7PSe6,ag7pse6,"['Ag', 'P', 'Se']","['Ag', 'P', 'Se']",Ag_P_Se,ag_p_se,True,False,Cubic,1,"['Ag', 'P', 'Se']","['Ag', 'P', 'Se']",Ag,silver,,"['silver', 'phosphate_rock']",silver,Silver,39.80466666667,($/troy oz),2025.0,primary_element_proxy,medium,0.08038585209003216,1,low_cost
mp-9770,Ag8GeS6,ag8ges6,"['Ag', 'Ge', 'S']","['Ag', 'Ge', 'S']",Ag_Ge_S,ag_ge_s,True,False,Orthorhombic,1,"['Ag', 'Ge', 'S']","['Ag', 'Ge', 'S']",Ag,silver,,['silver'],silver,Silver,39.80466666667,($/troy oz),2025.0,primary_element_proxy,medium,0.08038585209003216,1,low_cost
mp-15645,Ag8SnS6,ag8sns6,"['Ag', 'S', 'Sn']","['Ag', 'S', 'Sn']",Ag_S_Sn,ag_s_sn,True,False,Orthorhombic,1,"['Ag', 'S', 'Sn']","['Ag', 'Sn', 'S']",Ag,silver,,"['silver', 'tin']",silver,Silver,39.80466666667,($/troy oz),2025.0,primary_element_proxy,medium,0.08038585209003216,1,low_cost
mp-17984,Ag8SnSe6,ag8snse6,"['Ag', 'Se', 'Sn']","['Ag', 'Se', 'Sn']",Ag_Se_Sn,ag_se_sn,True,False,Orthorhombic,1,"['Ag', 'Se', 'Sn']","['Ag', 'Sn', 'Se']",Ag,silver,,"['silver', 'tin']",silver,Silver,39.80466666667,($/troy oz),2025.0,primary_element_proxy,medium,0.08038585209003216,1,low_cost
mp-556837,AgAs(S8F3)2,agas_s8f3_2,"['Ag', 'As', 'F', 'S']","['Ag', 'As', 'F', 'S']",Ag_As_F_S,ag_as_f_s,True,False,Monoclinic,1,"['Ag', 'As', 'F', 'S']","['Ag', 'As', 'S', 'F']",Ag,silver,,['silver'],silver,Silver,39.80466666667,($/troy oz),2025.0,primary_element_proxy,medium,0.08038585209003216,1,low_cost
mp-22665,AgAsPbS3,agaspbs3,"['Ag', 'As', 'Pb', 'S']","['Ag', 'As', 'Pb', 'S']",Ag_As_Pb_S,ag_as_pb_s,True,False,Monoclinic,1,"['Ag', 'As', 'Pb', 'S']","['Ag', 'As', 'Pb', 'S']",Ag,silver,,"['silver', 'lead']",silver,Silver,39.80466666667,($/troy oz),2025.0,primary_element_proxy,medium,0.08038585209003216,1,low_cost
mp-570340,AgAuCl4,agaucl4,"['Ag', 'Au', 'Cl']","['Ag', 'Au', 'Cl']",Ag_Au_Cl,ag_au_cl,True,False,Monoclinic,1,"['Ag', 'Au', 'Cl']","['Ag', 'Au', 'Cl']",Ag,silver,,"['silver', 'gold']",silver,Silver,39.80466666667,($/troy oz),2025.0,primary_element_proxy,medium,0.08038585209003216,1,low_cost
mp-556434,AgBi(PS3)2,agbi_ps3_2,"['Ag', 'Bi', 'P', 'S']","['Ag', 'Bi', 'P', 'S']",Ag_Bi_P_S,ag_bi_p_s,True,False,Triclinic,1,"['Ag', 'Bi', 'P', 'S']","['Ag', 'Bi', 'P', 'S']",Ag,silver,,"['silver', 'phosphate_rock']",silver,Silver,39.80466666667,($/troy oz),2025.0,primary_element_proxy,medium,0.08038585209003216,1,low_cost
mp-569126,AgBi(PSe3)2,agbi_pse3_2,"['Ag', 'Bi', 'P', 'Se']","['Ag', 'Bi', 'P', 'Se']",Ag_Bi_P_Se,ag_bi_p_se,True,False,Trigonal,1,"['Ag', 'Bi', 'P', 'Se']","['Ag', 'Bi', 'P', 'Se']",Ag,silver,,"['silver', 'phosphate_rock']",silver,Silver,39.80466666667,($/troy oz),2025.0,primary_element_proxy,medium,0.08038585209003216,1,low_cost
mp-23474,AgBi3S5,agbi3s5,"['Ag', 'Bi', 'S']","['Ag', 'Bi', 'S']",Ag_Bi_S,ag_bi_s,True,False,Monoclinic,1,"['Ag', 'Bi', 'S']","['Ag', 'Bi', 'S']",Ag,silver,,['silver'],silver,Silver,39.80466666667,($/troy oz),2025.0,primary_element_proxy,medium,0.08038585209003216,1,low_cost
mp-556094,AgBiSCl2,agbiscl2,"['Ag', 'Bi', 'Cl', 'S']","['Ag', 'Bi', 'Cl', 'S']",Ag_Bi_Cl_S,ag_bi_cl_s,True,False,Orthorhombic,1,"['Ag', 'Bi', 'Cl', 'S']","['Ag', 'Bi', 'S', 'Cl']",Ag,silver,,['silver'],silver,Silver,39.80466666667,($/troy oz),2025.0,primary_element_proxy,medium,0.08038585209003216,1,low_cost
mp-23231,AgBr,agbr,"['Ag', 'Br']","['Ag', 'Br']",Ag_Br,ag_br,True,False,Cubic,1,"['Ag', 'Br']","['Ag', 'Br']",Ag,silver,,['silver'],silver,Silver,39.80466666667,($/troy oz),2025.0,primary_element_proxy,medium,0.08038585209003216,1,low_cost
mp-22922,AgCl,agcl,"['Ag', 'Cl']","['Ag', 'Cl']",Ag_Cl,ag_cl,True,False,Cubic,1,"['Ag', 'Cl']","['Ag', 'Cl']",Ag,silver,,['silver'],silver,Silver,39.80466666667,($/troy oz),2025.0,primary_element_proxy,medium,0.08038585209003216,1,low_cost
mp-22993,AgClO4,agclo4,"['Ag', 'Cl', 'O']","['Ag', 'Cl', 'O']",Ag_Cl_O,ag_cl_o,True,False,Tetragonal,1,"['Ag', 'Cl', 'O']","['Ag', 'Cl', 'O']",Ag,silver,,['silver'],silver,Silver,39.80466666667,($/troy oz),2025.0,primary_element_proxy,medium,0.08038585209003216,1,low_cost
mp-560443,AgHg2NO5,aghg2no5,"['Ag', 'Hg', 'N', 'O']","['Ag', 'Hg', 'N', 'O']",Ag_Hg_N_O,ag_hg_n_o,True,False,Orthorhombic,1,"['Ag', 'Hg', 'N', 'O']","['Ag', 'Hg', 'N', 'O']",Ag,silver,,['silver'],silver,Silver,39.80466666667,($/troy oz),2025.0,primary_element_proxy,medium,0.08038585209003216,1,low_cost
mp-6215,AgHgAsS3,aghgass3,"['Ag', 'As', 'Hg', 'S']","['Ag', 'As', 'Hg', 'S']",Ag_As_Hg_S,ag_as_hg_s,True,False,Monoclinic,1,"['Ag', 'As', 'Hg', 'S']","['Ag', 'Hg', 'As', 'S']",Ag,silver,,['silver'],silver,Silver,39.80466666667,($/troy oz),2025.0,primary_element_proxy,medium,0.08038585209003216,1,low_cost
mp-560067,AgHgSBr,aghgsbr,"['Ag', 'Br', 'Hg', 'S']","['Ag', 'Br', 'Hg', 'S']",Ag_Br_Hg_S,ag_br_hg_s,True,False,Orthorhombic,1,"['Ag', 'Br', 'Hg', 'S']","['Ag', 'Hg', 'S', 'Br']",Ag,silver,,['silver'],silver,Silver,39.80466666667,($/troy oz),2025.0,primary_element_proxy,medium,0.08038585209003216,1,low_cost
mp-23140,AgHgSI,aghgsi,"['Ag', 'Hg', 'I', 'S']","['Ag', 'Hg', 'I', 'S']",Ag_Hg_I_S,ag_hg_i_s,True,False,Orthorhombic,1,"['Ag', 'Hg', 'I', 'S']","['Ag', 'Hg', 'S', 'I']",Ag,silver,,['silver'],silver,Silver,39.80466666667,($/troy oz),2025.0,primary_element_proxy,medium,0.08038585209003216,1,low_cost
mp-580941,AgI,agi,"['Ag', 'I']","['Ag', 'I']",Ag_I,ag_i,True,False,Hexagonal,1,"['Ag', 'I']","['Ag', 'I']",Ag,silver,,['silver'],silver,Silver,39.80466666667,($/troy oz),2025.0,primary_element_proxy,medium,0.08038585209003216,1,low_cost
mp-1194592,AgI3O8,agi3o8,"['Ag', 'I', 'O']","['Ag', 'I', 'O']",Ag_I_O,ag_i_o,True,False,Tetragonal,1,"['Ag', 'I', 'O']","['Ag', 'I', 'O']",Ag,silver,,['silver'],silver,Silver,39.80466666667,($/troy oz),2025.0,primary_element_proxy,medium,0.08038585209003216,1,low_cost
mp-27384,AgIO3,agio3,"['Ag', 'I', 'O']","['Ag', 'I', 'O']",Ag_I_O,ag_i_o,True,False,Orthorhombic,1,"['Ag', 'I', 'O']","['Ag', 'I', 'O']",Ag,silver,,['silver'],silver,Silver,39.80466666667,($/troy oz),2025.0,primary_element_proxy,medium,0.08038585209003216,1,low_cost
mp-1214988,AgMo6Cl13,agmo6cl13,"['Ag', 'Cl', 'Mo']","['Ag', 'Cl', 'Mo']",Ag_Cl_Mo,ag_cl_mo,True,False,Triclinic,1,"['Ag', 'Cl', 'Mo']","['Ag', 'Mo', 'Cl']",Ag,silver,,['silver'],silver,Silver,39.80466666667,($/troy oz),2025.0,primary_element_proxy,medium,0.08038585209003216,1,low_cost
mp-559602,AgSb(S8F3)2,agsb_s8f3_2,"['Ag', 'F', 'S', 'Sb']","['Ag', 'F', 'S', 'Sb']",Ag_F_S_Sb,ag_f_s_sb,True,False,Monoclinic,1,"['Ag', 'F', 'S', 'Sb']","['Ag', 'Sb', 'S', 'F']",Ag,silver,,['silver'],silver,Silver,39.80466666667,($/troy oz),2025.0,primary_element_proxy,medium,0.08038585209003216,1,low_cost
mp-3922,AgSbS2,agsbs2,"['Ag', 'S', 'Sb']","['Ag', 'S', 'Sb']",Ag_S_Sb,ag_s_sb,True,False,Monoclinic,1,"['Ag', 'S', 'Sb']","['Ag', 'Sb', 'S']",Ag,silver,,['silver'],silver,Silver,39.80466666667,($/troy oz),2025.0,primary_element_proxy,medium,0.08038585209003216,1,low_cost
mp-29718,AgW3Br7,agw3br7,"['Ag', 'Br', 'W']","['Ag', 'Br', 'W']",Ag_Br_W,ag_br_w,True,False,Monoclinic,1,"['Ag', 'Br', 'W']","['Ag', 'W', 'Br']",Ag,silver,,['silver'],silver,Silver,39.80466666667,($/troy oz),2025.0,primary_element_proxy,medium,0.08038585209003216,1,low_cost
mp-28812,Ag5BiO4,ag5bio4,"['Ag', 'Bi', 'O']","['Ag', 'Bi', 'O']",Ag_Bi_O,ag_bi_o,True,False,Monoclinic,1,"['Ag', 'Bi', 'O']","['Ag', 'Bi', 'O']",Ag,silver,,['silver'],silver,Silver,39.80466666667,($/troy oz),2025.0,primary_element_proxy,medium,0.08038585209003216,1,low_cost
mp-1199607,Ag4TeSO4,ag4teso4,"['Ag', 'O', 'S', 'Te']","['Ag', 'O', 'S', 'Te']",Ag_O_S_Te,ag_o_s_te,True,False,Cubic,1,"['Ag', 'O', 'S', 'Te']","['Ag', 'Te', 'S', 'O']",Ag,silver,,['silver'],silver,Silver,39.80466666667,($/troy oz),2025.0,primary_element_proxy,medium,0.08038585209003216,1,low_cost
mp-1229155,Ag4Hg4S4BrCl3,ag4hg4s4brcl3,"['Ag', 'Br', 'Cl', 'Hg', 'S']","['Ag', 'Br', 'Cl', 'Hg', 'S']",Ag_Br_Cl_Hg_S,ag_br_cl_hg_s,True,False,Triclinic,1,"['Ag', 'Br', 'Cl', 'Hg', 'S']","['Ag', 'Hg', 'S', 'Br', 'Cl']",Ag,silver,,['silver'],silver,Silver,39.80466666667,($/troy oz),2025.0,primary_element_proxy,medium,0.08038585209003216,1,low_cost
mp-29849,Ag3SnP7,ag3snp7,"['Ag', 'P', 'Sn']","['Ag', 'P', 'Sn']",Ag_P_Sn,ag_p_sn,True,False,Monoclinic,1,"['Ag', 'P', 'Sn']","['Ag', 'Sn', 'P']",Ag,silver,,"['silver', 'phosphate_rock', 'tin']",silver,Silver,39.80466666667,($/troy oz),2025.0,primary_element_proxy,medium,0.08038585209003216,1,low_cost
mp-17568,Ag3Sn2(GeP2)3,ag3sn2_gep2_3,"['Ag', 'Ge', 'P', 'Sn']","['Ag', 'Ge', 'P', 'Sn']",Ag_Ge_P_Sn,ag_ge_p_sn,True,False,Cubic,1,"['Ag', 'Ge', 'P', 'Sn']","['Ag', 'Sn', 'Ge', 'P']",Ag,silver,,"['silver', 'phosphate_rock', 'tin']",silver,Silver,39.80466666667,($/troy oz),2025.0,primary_element_proxy,medium,0.08038585209003216,1,low_cost
mp-555269,Ag3SbS3,ag3sbs3,"['Ag', 'S', 'Sb']","['Ag', 'S', 'Sb']",Ag_S_Sb,ag_s_sb,True,False,Monoclinic,1,"['Ag', 'S', 'Sb']","['Ag', 'Sb', 'S']",Ag,silver,,['silver'],silver,Silver,39.80466666667,($/troy oz),2025.0,primary_element_proxy,medium,0.08038585209003216,1,low_cost
mp-12459,Ag3PS4,ag3ps4,"['Ag', 'P', 'S']","['Ag', 'P', 'S']",Ag_P_S,ag_p_s,True,False,Orthorhombic,1,"['Ag', 'P', 'S']","['Ag', 'P', 'S']",Ag,silver,,"['silver', 'phosphate_rock']",silver,Silver,39.80466666667,($/troy oz),2025.0,primary_element_proxy,medium,0.08038585209003216,1,low_cost
mp-27821,Ag3P11,ag3p11,"['Ag', 'P']","['Ag', 'P']",Ag_P,ag_p,True,False,Monoclinic,1,"['Ag', 'P']","['Ag', 'P']",Ag,silver,,"['silver', 'phosphate_rock']",silver,Silver,39.80466666667,($/troy oz),2025.0,primary_element_proxy,medium,0.08038585209003216,1,low_cost
mp-17862,Ag3Ge5P6,ag3ge5p6,"['Ag', 'Ge', 'P']","['Ag', 'Ge', 'P']",Ag_Ge_P,ag_ge_p,True,False,Cubic,1,"['Ag', 'Ge', 'P']","['Ag', 'Ge', 'P']",Ag,silver,,"['silver', 'phosphate_rock']",silver,Silver,39.80466666667,($/troy oz),2025.0,primary_element_proxy,medium,0.08038585209003216,1,low_cost
mp-9538,Ag3AsS4,ag3ass4,"['Ag', 'As', 'S']","['Ag', 'As', 'S']",Ag_As_S,ag_as_s,True,False,Orthorhombic,1,"['Ag', 'As', 'S']","['Ag', 'As', 'S']",Ag,silver,,['silver'],silver,Silver,39.80466666667,($/troy oz),2025.0,primary_element_proxy,medium,0.08038585209003216,1,low_cost
mp-561620,Ag3AsS3,ag3ass3,"['Ag', 'As', 'S']","['Ag', 'As', 'S']",Ag_As_S,ag_as_s,True,False,Monoclinic,1,"['Ag', 'As', 'S']","['Ag', 'As', 'S']",Ag,silver,,['silver'],silver,Silver,39.80466666667,($/troy oz),2025.0,primary_element_proxy,medium,0.08038585209003216,1,low_cost
mp-1229185,Ag3AsF12,ag3asf12,"['Ag', 'As', 'F']","['Ag', 'As', 'F']",Ag_As_F,ag_as_f,True,False,Triclinic,1,"['Ag', 'As', 'F']","['Ag', 'As', 'F']",Ag,silver,,['silver'],silver,Silver,39.80466666667,($/troy oz),2025.0,primary_element_proxy,medium,0.08038585209003216,1,low_cost
mp-29163,Ag2TeS3,ag2tes3,"['Ag', 'S', 'Te']","['Ag', 'S', 'Te']",Ag_S_Te,ag_s_te,True,False,Monoclinic,1,"['Ag', 'S', 'Te']","['Ag', 'Te', 'S']",Ag,silver,,['silver'],silver,Silver,39.80466666667,($/troy oz),2025.0,primary_element_proxy,medium,0.08038585209003216,1,low_cost
mp-1214926,Ag2SnHgS4,ag2snhgs4,"['Ag', 'Hg', 'S', 'Sn']","['Ag', 'Hg', 'S', 'Sn']",Ag_Hg_S_Sn,ag_hg_s_sn,True,False,Orthorhombic,1,"['Ag', 'Hg', 'S', 'Sn']","['Ag', 'Sn', 'Hg', 'S']",Ag,silver,,"['silver', 'tin']",silver,Silver,39.80466666667,($/troy oz),2025.0,primary_element_proxy,medium,0.08038585209003216,1,low_cost
mp-2748718,Ag2SeO3,ag2seo3,"['Ag', 'O', 'Se']","['Ag', 'O', 'Se']",Ag_O_Se,ag_o_se,True,False,Monoclinic,1,"['Ag', 'O', 'Se']","['Ag', 'Se', 'O']",Ag,silver,,['silver'],silver,Silver,39.80466666667,($/troy oz),2025.0,primary_element_proxy,medium,0.08038585209003216,1,low_cost
mp-568540,Ag5Hg4P8Cl5,ag5hg4p8cl5,"['Ag', 'Cl', 'Hg', 'P']","['Ag', 'Cl', 'Hg', 'P']",Ag_Cl_Hg_P,ag_cl_hg_p,True,False,Monoclinic,1,"['Ag', 'Cl', 'Hg', 'P']","['Ag', 'Hg', 'P', 'Cl']",Ag,silver,,"['silver', 'phosphate_rock']",silver,Silver,39.80466666667,($/troy oz),2025.0,primary_element_proxy,medium,0.08038585209003216,1,low_cost
mp-20199,PPbS3,ppbs3,"['P', 'Pb', 'S']","['P', 'Pb', 'S']",P_Pb_S,p_pb_s,True,False,Monoclinic,1,"['P', 'Pb', 'S']","['P', 'Pb', 'S']",P,phosphate,,"['phosphate_rock', 'lead']",phosphate_rock,Phosphate rock,152.5,($/mt),2025.0,primary_element_proxy,medium,0.2266881028938907,2,low_cost
mp-570315,PBr2N,pbr2n,"['Br', 'N', 'P']","['Br', 'N', 'P']",Br_N_P,br_n_p,True,False,Tetragonal,1,"['Br', 'N', 'P']","['P', 'Br', 'N']",P,phosphate,,['phosphate_rock'],phosphate_rock,Phosphate rock,152.5,($/mt),2025.0,primary_element_proxy,medium,0.2266881028938907,2,low_cost
mp-27257,PBr3,pbr3,"['Br', 'P']","['Br', 'P']",Br_P,br_p,True,False,Orthorhombic,1,"['Br', 'P']","['P', 'Br']",P,phosphate,,['phosphate_rock'],phosphate_rock,Phosphate rock,152.5,($/mt),2025.0,primary_element_proxy,medium,0.2266881028938907,2,low_cost
mp-558645,PBr3O,pbr3o,"['Br', 'O', 'P']","['Br', 'O', 'P']",Br_O_P,br_o_p,True,False,Orthorhombic,1,"['Br', 'O', 'P']","['P', 'Br', 'O']",P,phosphate,,['phosphate_rock'],phosphate_rock,Phosphate rock,152.5,($/mt),2025.0,primary_element_proxy,medium,0.2266881028938907,2,low_cost
mp-22874,PBr5,pbr5,"['Br', 'P']","['Br', 'P']",Br_P,br_p,True,False,Orthorhombic,1,"['Br', 'P']","['P', 'Br']",P,phosphate,,['phosphate_rock'],phosphate_rock,Phosphate rock,152.5,($/mt),2025.0,primary_element_proxy,medium,0.2266881028938907,2,low_cost
mp-647343,PBr7,pbr7,"['Br', 'P']","['Br', 'P']",Br_P,br_p,True,False,Orthorhombic,1,"['Br', 'P']","['P', 'Br']",P,phosphate,,['phosphate_rock'],phosphate_rock,Phosphate rock,152.5,($/mt),2025.0,primary_element_proxy,medium,0.2266881028938907,2,low_cost
mp-23355,PAuCl4,paucl4,"['Au', 'Cl', 'P']","['Au', 'Cl', 'P']",Au_Cl_P,au_cl_p,True,False,Monoclinic,1,"['Au', 'Cl', 'P']","['P', 'Au', 'Cl']",P,phosphate,,"['phosphate_rock', 'gold']",phosphate_rock,Phosphate rock,152.5,($/mt),2025.0,primary_element_proxy,medium,0.2266881028938907,2,low_cost
mp-2767174,PW6Cl17,pw6cl17,"['Cl', 'P', 'W']","['Cl', 'P', 'W']",Cl_P_W,cl_p_w,True,False,Monoclinic,1,"['Cl', 'P', 'W']","['P', 'W', 'Cl']",P,phosphate,,['phosphate_rock'],phosphate_rock,Phosphate rock,152.5,($/mt),2025.0,primary_element_proxy,medium,0.2266881028938907,2,low_cost
mp-1197519,PW4Cl11,pw4cl11,"['Cl', 'P', 'W']","['Cl', 'P', 'W']",Cl_P_W,cl_p_w,True,False,Monoclinic,1,"['Cl', 'P', 'W']","['P', 'W', 'Cl']",P,phosphate,,['phosphate_rock'],phosphate_rock,Phosphate rock,152.5,($/mt),2025.0,primary_element_proxy,medium,0.2266881028938907,2,low_cost
mp-662547,PSeCl9,psecl9,"['Cl', 'P', 'Se']","['Cl', 'P', 'Se']",Cl_P_Se,cl_p_se,True,False,Orthorhombic,1,"['Cl', 'P', 'Se']","['P', 'Se', 'Cl']",P,phosphate,,['phosphate_rock'],phosphate_rock,Phosphate rock,152.5,($/mt),2025.0,primary_element_proxy,medium,0.2266881028938907,2,low_cost
mp-28885,PSe,pse,"['P', 'Se']","['P', 'Se']",P_Se,p_se,True,False,Monoclinic,1,"['P', 'Se']","['P', 'Se']",P,phosphate,,['phosphate_rock'],phosphate_rock,Phosphate rock,152.5,($/mt),2025.0,primary_element_proxy,medium,0.2266881028938907,2,low_cost
mp-1219924,PRhS,prhs,"['P', 'Rh', 'S']","['P', 'Rh', 'S']",P_Rh_S,p_rh_s,True,False,Cubic,1,"['P', 'Rh', 'S']","['P', 'Rh', 'S']",P,phosphate,,['phosphate_rock'],phosphate_rock,Phosphate rock,152.5,($/mt),2025.0,primary_element_proxy,medium,0.2266881028938907,2,low_cost
mp-3123,PPdSe,ppdse,"['P', 'Pd', 'Se']","['P', 'Pd', 'Se']",P_Pd_Se,p_pd_se,True,False,Orthorhombic,1,"['P', 'Pd', 'Se']","['P', 'Pd', 'Se']",P,phosphate,,['phosphate_rock'],phosphate_rock,Phosphate rock,152.5,($/mt),2025.0,primary_element_proxy,medium,0.2266881028938907,2,low_cost
mp-7280,PPdS,ppds,"['P', 'Pd', 'S']","['P', 'Pd', 'S']",P_Pd_S,p_pd_s,True,False,Orthorhombic,1,"['P', 'Pd', 'S']","['P', 'Pd', 'S']",P,phosphate,,['phosphate_rock'],phosphate_rock,Phosphate rock,152.5,($/mt),2025.0,primary_element_proxy,medium,0.2266881028938907,2,low_cost
mp-20316,PPbSe3,ppbse3,"['P', 'Pb', 'Se']","['P', 'Pb', 'Se']",P_Pb_Se,p_pb_se,True,False,Monoclinic,1,"['P', 'Pb', 'Se']","['P', 'Pb', 'Se']",P,phosphate,,"['phosphate_rock', 'lead']",phosphate_rock,Phosphate rock,152.5,($/mt),2025.0,primary_element_proxy,medium,0.2266881028938907,2,low_cost
mp-28387,PAuCl8,paucl8,"['Au', 'Cl', 'P']","['Au', 'Cl', 'P']",Au_Cl_P,au_cl_p,True,False,Orthorhombic,1,"['Au', 'Cl', 'P']","['P', 'Au', 'Cl']",P,phosphate,,"['phosphate_rock', 'gold']",phosphate_rock,Phosphate rock,152.5,($/mt),2025.0,primary_element_proxy,medium,0.2266881028938907,2,low_cost
mp-30938,PAuS4,paus4,"['Au', 'P', 'S']","['Au', 'P', 'S']",Au_P_S,au_p_s,True,False,Triclinic,1,"['Au', 'P', 'S']","['P', 'Au', 'S']",P,phosphate,,"['phosphate_rock', 'gold']",phosphate_rock,Phosphate rock,152.5,($/mt),2025.0,primary_element_proxy,medium,0.2266881028938907,2,low_cost
mp-24409,PH4I,ph4i,"['H', 'I', 'P']","['H', 'I', 'P']",H_I_P,h_i_p,True,False,Tetragonal,1,"['H', 'I', 'P']","['P', 'H', 'I']",P,phosphate,,['phosphate_rock'],phosphate_rock,Phosphate rock,152.5,($/mt),2025.0,primary_element_proxy,medium,0.2266881028938907,2,low_cost
mp-29443,PI2,pi2,"['I', 'P']","['I', 'P']",I_P,i_p,True,False,Triclinic,1,"['I', 'P']","['P', 'I']",P,phosphate,,['phosphate_rock'],phosphate_rock,Phosphate rock,152.5,($/mt),2025.0,primary_element_proxy,medium,0.2266881028938907,2,low_cost
mp-27529,PI3,pi3,"['I', 'P']","['I', 'P']",I_P,i_p,True,False,Hexagonal,1,"['I', 'P']","['P', 'I']",P,phosphate,,['phosphate_rock'],phosphate_rock,Phosphate rock,152.5,($/mt),2025.0,primary_element_proxy,medium,0.2266881028938907,2,low_cost
mp-27824,PICl6,picl6,"['Cl', 'I', 'P']","['Cl', 'I', 'P']",Cl_I_P,cl_i_p,True,False,Tetragonal,1,"['Cl', 'I', 'P']","['P', 'I', 'Cl']",P,phosphate,,['phosphate_rock'],phosphate_rock,Phosphate rock,152.5,($/mt),2025.0,primary_element_proxy,medium,0.2266881028938907,2,low_cost
mp-573373,PICl8,picl8,"['Cl', 'I', 'P']","['Cl', 'I', 'P']",Cl_I_P,cl_i_p,True,False,Orthorhombic,1,"['Cl', 'I', 'P']","['P', 'I', 'Cl']",P,phosphate,,['phosphate_rock'],phosphate_rock,Phosphate rock,152.5,($/mt),2025.0,primary_element_proxy,medium,0.2266881028938907,2,low_cost
mp-28140,P2Pb3S8,p2pb3s8,"['P', 'Pb', 'S']","['P', 'Pb', 'S']",P_Pb_S,p_pb_s,True,False,Cubic,1,"['P', 'Pb', 'S']","['P', 'Pb', 'S']",P,phosphate,,"['phosphate_rock', 'lead']",phosphate_rock,Phosphate rock,152.5,($/mt),2025.0,primary_element_proxy,medium,0.2266881028938907,2,low_cost
mp-27173,P4Ru,p4ru,"['P', 'Ru']","['P', 'Ru']",P_Ru,p_ru,True,False,Triclinic,1,"['P', 'Ru']","['P', 'Ru']",P,phosphate,,['phosphate_rock'],phosphate_rock,Phosphate rock,152.5,($/mt),2025.0,primary_element_proxy,medium,0.2266881028938907,2,low_cost
mp-3006,P2Pd3S8,p2pd3s8,"['P', 'Pd', 'S']","['P', 'Pd', 'S']",P_Pd_S,p_pd_s,True,False,Trigonal,1,"['P', 'Pd', 'S']","['P', 'Pd', 'S']",P,phosphate,,['phosphate_rock'],phosphate_rock,Phosphate rock,152.5,($/mt),2025.0,primary_element_proxy,medium,0.2266881028938907,2,low_cost
mp-541788,P2S5,p2s5,"['P', 'S']","['P', 'S']",P_S,p_s,True,False,Triclinic,1,"['P', 'S']","['P', 'S']",P,phosphate,,['phosphate_rock'],phosphate_rock,Phosphate rock,152.5,($/mt),2025.0,primary_element_proxy,medium,0.2266881028938907,2,low_cost
mp-1199938,P2S7,p2s7,"['P', 'S']","['P', 'S']",P_S,p_s,True,False,Monoclinic,1,"['P', 'S']","['P', 'S']",P,phosphate,,['phosphate_rock'],phosphate_rock,Phosphate rock,152.5,($/mt),2025.0,primary_element_proxy,medium,0.2266881028938907,2,low_cost
mp-2013315,P3BrCl14,p3brcl14,"['Br', 'Cl', 'P']","['Br', 'Cl', 'P']",Br_Cl_P,br_cl_p,True,False,Tetragonal,1,"['Br', 'Cl', 'P']","['P', 'Br', 'Cl']",P,phosphate,,['phosphate_rock'],phosphate_rock,Phosphate rock,152.5,($/mt),2025.0,primary_element_proxy,medium,0.2266881028938907,2,low_cost
mp-567907,P3N5,p3n5,"['N', 'P']","['N', 'P']",N_P,n_p,True,False,Monoclinic,1,"['N', 'P']","['P', 'N']",P,phosphate,,['phosphate_rock'],phosphate_rock,Phosphate rock,152.5,($/mt),2025.0,primary_element_proxy,medium,0.2266881028938907,2,low_cost
mp-28400,P3Ru,p3ru,"['P', 'Ru']","['P', 'Ru']",P_Ru,p_ru,True,False,Triclinic,1,"['P', 'Ru']","['P', 'Ru']",P,phosphate,,['phosphate_rock'],phosphate_rock,Phosphate rock,152.5,($/mt),2025.0,primary_element_proxy,medium,0.2266881028938907,2,low_cost
mp-28393,P3Se4I,p3se4i,"['I', 'P', 'Se']","['I', 'P', 'Se']",I_P_Se,i_p_se,True,False,Monoclinic,1,"['I', 'P', 'Se']","['P', 'Se', 'I']",P,phosphate,,['phosphate_rock'],phosphate_rock,Phosphate rock,152.5,($/mt),2025.0,primary_element_proxy,medium,0.2266881028938907,2,low_cost
mp-2015815,PCl3O,pcl3o,"['Cl', 'O', 'P']","['Cl', 'O', 'P']",Cl_O_P,cl_o_p,True,False,Orthorhombic,1,"['Cl', 'O', 'P']","['P', 'Cl', 'O']",P,phosphate,,['phosphate_rock'],phosphate_rock,Phosphate rock,152.5,($/mt),2025.0,primary_element_proxy,medium,0.2266881028938907,2,low_cost
mp-569410,PCl5,pcl5,"['Cl', 'P']","['Cl', 'P']",Cl_P,cl_p,True,False,Monoclinic,1,"['Cl', 'P']","['P', 'Cl']",P,phosphate,,['phosphate_rock'],phosphate_rock,Phosphate rock,152.5,($/mt),2025.0,primary_element_proxy,medium,0.2266881028938907,2,low_cost
mp-541352,P4S3I2,p4s3i2,"['I', 'P', 'S']","['I', 'P', 'S']",I_P_S,i_p_s,True,False,Triclinic,1,"['I', 'P', 'S']","['P', 'S', 'I']",P,phosphate,,['phosphate_rock'],phosphate_rock,Phosphate rock,152.5,($/mt),2025.0,primary_element_proxy,medium,0.2266881028938907,2,low_cost
mp-2650,P4S7,p4s7,"['P', 'S']","['P', 'S']",P_S,p_s,True,False,Monoclinic,1,"['P', 'S']","['P', 'S']",P,phosphate,,['phosphate_rock'],phosphate_rock,Phosphate rock,152.5,($/mt),2025.0,primary_element_proxy,medium,0.2266881028938907,2,low_cost
mp-542630,P4S9,p4s9,"['P', 'S']","['P', 'S']",P_S,p_s,True,False,Monoclinic,1,"['P', 'S']","['P', 'S']",P,phosphate,,['phosphate_rock'],phosphate_rock,Phosphate rock,152.5,($/mt),2025.0,primary_element_proxy,medium,0.2266881028938907,2,low_cost
mp-1201169,P4Se3Br2,p4se3br2,"['Br', 'P', 'Se']","['Br', 'P', 'Se']",Br_P_Se,br_p_se,True,False,Monoclinic,1,"['Br', 'P', 'Se']","['P', 'Se', 'Br']",P,phosphate,,['phosphate_rock'],phosphate_rock,Phosphate rock,152.5,($/mt),2025.0,primary_element_proxy,medium,0.2266881028938907,2,low_cost
mp-28089,P4Se3I2,p4se3i2,"['I', 'P', 'Se']","['I', 'P', 'Se']",I_P_Se,i_p_se,True,False,Tetragonal,1,"['I', 'P', 'Se']","['P', 'Se', 'I']",P,phosphate,,['phosphate_rock'],phosphate_rock,Phosphate rock,152.5,($/mt),2025.0,primary_element_proxy,medium,0.2266881028938907,2,low_cost
mp-23230,PCl3,pcl3,"['Cl', 'P']","['Cl', 'P']",Cl_P,cl_p,True,False,Orthorhombic,1,"['Cl', 'P']","['P', 'Cl']",P,phosphate,,['phosphate_rock'],phosphate_rock,Phosphate rock,152.5,($/mt),2025.0,primary_element_proxy,medium,0.2266881028938907,2,low_cost
mp-570238,P10Au7I,p10au7i,"['Au', 'I', 'P']","['Au', 'I', 'P']",Au_I_P,au_i_p,True,False,Trigonal,1,"['Au', 'I', 'P']","['P', 'Au', 'I']",P,phosphate,,"['phosphate_rock', 'gold']",phosphate_rock,Phosphate rock,152.5,($/mt),2025.0,primary_element_proxy,medium,0.2266881028938907,2,low_cost
mp-1468,P4S3,p4s3,"['P', 'S']","['P', 'S']",P_S,p_s,True,False,Orthorhombic,1,"['P', 'S']","['P', 'S']",P,phosphate,,['phosphate_rock'],phosphate_rock,Phosphate rock,152.5,($/mt),2025.0,primary_element_proxy,medium,0.2266881028938907,2,low_cost
mp-1201560,P7Pb,p7pb,"['P', 'Pb']","['P', 'Pb']",P_Pb,p_pb,True,False,Monoclinic,1,"['P', 'Pb']","['P', 'Pb']",P,phosphate,,"['phosphate_rock', 'lead']",phosphate_rock,Phosphate rock,152.5,($/mt),2025.0,primary_element_proxy,medium,0.2266881028938907,2,low_cost
mp-23290,PtCl2,ptcl2,"['Cl', 'Pt']","['Cl', 'Pt']",Cl_Pt,cl_pt,True,False,Trigonal,1,"['Cl', 'Pt']","['Pt', 'Cl']",Pt,platinum,,['platinum'],platinum,Platinum,1278.29333333333,($/troy oz),2025.0,primary_element_proxy,medium,0.3086816720257235,3,low_cost
mp-669496,PtI4,pti4,"['I', 'Pt']","['I', 'Pt']",I_Pt,i_pt,True,False,Orthorhombic,1,"['I', 'Pt']","['Pt', 'I']",Pt,platinum,,['platinum'],platinum,Platinum,1278.29333333333,($/troy oz),2025.0,primary_element_proxy,medium,0.3086816720257235,3,low_cost
mp-28319,PtI2,pti2,"['I', 'Pt']","['I', 'Pt']",I_Pt,i_pt,True,False,Monoclinic,1,"['I', 'Pt']","['Pt', 'I']",Pt,platinum,,['platinum'],platinum,Platinum,1278.29333333333,($/troy oz),2025.0,primary_element_proxy,medium,0.3086816720257235,3,low_cost
mp-28721,Pt(SCl4)2,pt_scl4_2,"['Cl', 'Pt', 'S']","['Cl', 'Pt', 'S']",Cl_Pt_S,cl_pt_s,True,False,Monoclinic,1,"['Cl', 'Pt', 'S']","['Pt', 'S', 'Cl']",Pt,platinum,,['platinum'],platinum,Platinum,1278.29333333333,($/troy oz),2025.0,primary_element_proxy,medium,0.3086816720257235,3,low_cost
mp-28268,PtI3,pti3,"['I', 'Pt']","['I', 'Pt']",I_Pt,i_pt,True,False,Monoclinic,1,"['I', 'Pt']","['Pt', 'I']",Pt,platinum,,['platinum'],platinum,Platinum,1278.29333333333,($/troy oz),2025.0,primary_element_proxy,medium,0.3086816720257235,3,low_cost
mp-1197023,Pt(SO4)2,pt_so4_2,"['O', 'Pt', 'S']","['O', 'Pt', 'S']",O_Pt_S,o_pt_s,True,False,Monoclinic,1,"['O', 'Pt', 'S']","['Pt', 'S', 'O']",Pt,platinum,,['platinum'],platinum,Platinum,1278.29333333333,($/troy oz),2025.0,primary_element_proxy,medium,0.3086816720257235,3,low_cost
mp-31134,PtCl3,ptcl3,"['Cl', 'Pt']","['Cl', 'Pt']",Cl_Pt,cl_pt,True,False,Trigonal,1,"['Cl', 'Pt']","['Pt', 'Cl']",Pt,platinum,,['platinum'],platinum,Platinum,1278.29333333333,($/troy oz),2025.0,primary_element_proxy,medium,0.3086816720257235,3,low_cost
mp-23165,PtBr3,ptbr3,"['Br', 'Pt']","['Br', 'Pt']",Br_Pt,br_pt,True,False,Trigonal,1,"['Br', 'Pt']","['Pt', 'Br']",Pt,platinum,,['platinum'],platinum,Platinum,1278.29333333333,($/troy oz),2025.0,primary_element_proxy,medium,0.3086816720257235,3,low_cost
mp-28320,Pt3I8,pt3i8,"['I', 'Pt']","['I', 'Pt']",I_Pt,i_pt,True,False,Tetragonal,1,"['I', 'Pt']","['Pt', 'I']",Pt,platinum,,['platinum'],platinum,Platinum,1278.29333333333,($/troy oz),2025.0,primary_element_proxy,medium,0.3086816720257235,3,low_cost
mp-1206410,Pb2IOF,pb2iof,"['F', 'I', 'O', 'Pb']","['F', 'I', 'O', 'Pb']",F_I_O_Pb,f_i_o_pb,True,False,Orthorhombic,1,"['F', 'I', 'O', 'Pb']","['Pb', 'I', 'O', 'F']",Pb,lead,,['lead'],lead,Lead,1962.235,($/mt),2025.0,primary_element_proxy,medium,0.3440514469453376,4,low_cost
mp-510030,Pb3(ClO)2,pb3_clo_2,"['Cl', 'O', 'Pb']","['Cl', 'O', 'Pb']",Cl_O_Pb,cl_o_pb,True,False,Orthorhombic,1,"['Cl', 'O', 'Pb']","['Pb', 'Cl', 'O']",Pb,lead,,['lead'],lead,Lead,1962.235,($/mt),2025.0,primary_element_proxy,medium,0.3440514469453376,4,low_cost
mp-619661,Pb3(IO)2,pb3_io_2,"['I', 'O', 'Pb']","['I', 'O', 'Pb']",I_O_Pb,i_o_pb,True,False,Orthorhombic,1,"['I', 'O', 'Pb']","['Pb', 'I', 'O']",Pb,lead,,['lead'],lead,Lead,1962.235,($/mt),2025.0,primary_element_proxy,medium,0.3440514469453376,4,low_cost
mp-510293,Pb3SeO5,pb3seo5,"['O', 'Pb', 'Se']","['O', 'Pb', 'Se']",O_Pb_Se,o_pb_se,True,False,Orthorhombic,1,"['O', 'Pb', 'Se']","['Pb', 'Se', 'O']",Pb,lead,,['lead'],lead,Lead,1962.235,($/mt),2025.0,primary_element_proxy,medium,0.3440514469453376,4,low_cost
mp-505284,Pb3(BrO)2,pb3_bro_2,"['Br', 'O', 'Pb']","['Br', 'O', 'Pb']",Br_O_Pb,br_o_pb,True,False,Orthorhombic,1,"['Br', 'O', 'Pb']","['Pb', 'Br', 'O']",Pb,lead,,['lead'],lead,Lead,1962.235,($/mt),2025.0,primary_element_proxy,medium,0.3440514469453376,4,low_cost
mp-2456335,PbBr2,pbbr2,"['Br', 'Pb']","['Br', 'Pb']",Br_Pb,br_pb,True,False,Orthorhombic,1,"['Br', 'Pb']","['Pb', 'Br']",Pb,lead,,['lead'],lead,Lead,1962.235,($/mt),2025.0,primary_element_proxy,medium,0.3440514469453376,4,low_cost
mp-22633,Pb3O4,pb3o4,"['O', 'Pb']","['O', 'Pb']",O_Pb,o_pb,True,False,Tetragonal,1,"['O', 'Pb']","['Pb', 'O']",Pb,lead,,['lead'],lead,Lead,1962.235,($/mt),2025.0,primary_element_proxy,medium,0.3440514469453376,4,low_cost
mp-21276,PbS,pbs,"['Pb', 'S']","['Pb', 'S']",Pb_S,pb_s,True,False,Cubic,1,"['Pb', 'S']","['Pb', 'S']",Pb,lead,,['lead'],lead,Lead,1962.235,($/mt),2025.0,primary_element_proxy,medium,0.3440514469453376,4,low_cost
mp-23008,PbBrF,pbbrf,"['Br', 'F', 'Pb']","['Br', 'F', 'Pb']",Br_F_Pb,br_f_pb,True,False,Tetragonal,1,"['Br', 'F', 'Pb']","['Pb', 'Br', 'F']",Pb,lead,,['lead'],lead,Lead,1962.235,($/mt),2025.0,primary_element_proxy,medium,0.3440514469453376,4,low_cost
mp-23291,PbCl2,pbcl2,"['Cl', 'Pb']","['Cl', 'Pb']",Cl_Pb,cl_pb,True,False,Orthorhombic,1,"['Cl', 'Pb']","['Pb', 'Cl']",Pb,lead,,['lead'],lead,Lead,1962.235,($/mt),2025.0,primary_element_proxy,medium,0.3440514469453376,4,low_cost
mp-19921,PbO,pbo,"['O', 'Pb']","['O', 'Pb']",O_Pb,o_pb,True,False,Tetragonal,1,"['O', 'Pb']","['Pb', 'O']",Pb,lead,,['lead'],lead,Lead,1962.235,($/mt),2025.0,primary_element_proxy,medium,0.3440514469453376,4,low_cost
mp-567503,PbI2,pbi2,"['I', 'Pb']","['I', 'Pb']",I_Pb,i_pb,True,False,Hexagonal,1,"['I', 'Pb']","['Pb', 'I']",Pb,lead,,['lead'],lead,Lead,1962.235,($/mt),2025.0,primary_element_proxy,medium,0.3440514469453376,4,low_cost
mp-1025039,PbS2,pbs2,"['Pb', 'S']","['Pb', 'S']",Pb_S,pb_s,True,False,Tetragonal,1,"['Pb', 'S']","['Pb', 'S']",Pb,lead,,['lead'],lead,Lead,1962.235,($/mt),2025.0,primary_element_proxy,medium,0.3440514469453376,4,low_cost
mp-672352,Al(ICl2)3,al_icl2_3,"['Al', 'Cl', 'I']","['Al', 'Cl', 'I']",Al_Cl_I,al_cl_i,True,False,Monoclinic,1,"['Al', 'Cl', 'I']","['Al', 'I', 'Cl']",Al,aluminum,,['aluminum'],aluminum,Aluminum,2631.69583333333,($/mt),2025.0,primary_element_proxy,medium,0.4919614147909968,5,medium_cost
mp-2014966,Al(VS2)4,al_vs2_4,"['Al', 'S', 'V']","['Al', 'S', 'V']",Al_S_V,al_s_v,True,False,Orthorhombic,1,"['Al', 'S', 'V']","['Al', 'V', 'S']",Al,aluminum,,['aluminum'],aluminum,Aluminum,2631.69583333333,($/mt),2025.0,primary_element_proxy,medium,0.4919614147909968,5,medium_cost
mp-1194539,Al2Ag2Bi2S3Cl8,al2ag2bi2s3cl8,"['Ag', 'Al', 'Bi', 'Cl', 'S']","['Ag', 'Al', 'Bi', 'Cl', 'S']",Ag_Al_Bi_Cl_S,ag_al_bi_cl_s,True,False,Hexagonal,1,"['Ag', 'Al', 'Bi', 'Cl', 'S']","['Al', 'Ag', 'Bi', 'S', 'Cl']",Al,aluminum,,"['aluminum', 'silver']",aluminum,Aluminum,2631.69583333333,($/mt),2025.0,primary_element_proxy,medium,0.4919614147909968,5,medium_cost
mp-557737,Al2BiS4,al2bis4,"['Al', 'Bi', 'S']","['Al', 'Bi', 'S']",Al_Bi_S,al_bi_s,True,False,Tetragonal,1,"['Al', 'Bi', 'S']","['Al', 'Bi', 'S']",Al,aluminum,,['aluminum'],aluminum,Aluminum,2631.69583333333,($/mt),2025.0,primary_element_proxy,medium,0.4919614147909968,5,medium_cost
mp-571623,Al2BiSe4,al2bise4,"['Al', 'Bi', 'Se']","['Al', 'Bi', 'Se']",Al_Bi_Se,al_bi_se,True,False,Tetragonal,1,"['Al', 'Bi', 'Se']","['Al', 'Bi', 'Se']",Al,aluminum,,['aluminum'],aluminum,Aluminum,2631.69583333333,($/mt),2025.0,primary_element_proxy,medium,0.4919614147909968,5,medium_cost
mp-1214910,Al2CdBr8,al2cdbr8,"['Al', 'Br', 'Cd']","['Al', 'Br', 'Cd']",Al_Br_Cd,al_br_cd,True,False,Monoclinic,1,"['Al', 'Br', 'Cd']","['Al', 'Cd', 'Br']",Al,aluminum,,['aluminum'],aluminum,Aluminum,2631.69583333333,($/mt),2025.0,primary_element_proxy,medium,0.4919614147909968,5,medium_cost
mp-28361,Al2CdCl8,al2cdcl8,"['Al', 'Cd', 'Cl']","['Al', 'Cd', 'Cl']",Al_Cd_Cl,al_cd_cl,True,False,Monoclinic,1,"['Al', 'Cd', 'Cl']","['Al', 'Cd', 'Cl']",Al,aluminum,,['aluminum'],aluminum,Aluminum,2631.69583333333,($/mt),2025.0,primary_element_proxy,medium,0.4919614147909968,5,medium_cost
mp-5928,Al2CdS4,al2cds4,"['Al', 'Cd', 'S']","['Al', 'Cd', 'S']",Al_Cd_S,al_cd_s,True,False,Tetragonal,1,"['Al', 'Cd', 'S']","['Al', 'Cd', 'S']",Al,aluminum,,['aluminum'],aluminum,Aluminum,2631.69583333333,($/mt),2025.0,primary_element_proxy,medium,0.4919614147909968,5,medium_cost
mp-3159,Al2CdSe4,al2cdse4,"['Al', 'Cd', 'Se']","['Al', 'Cd', 'Se']",Al_Cd_Se,al_cd_se,True,False,Tetragonal,1,"['Al', 'Cd', 'Se']","['Al', 'Cd', 'Se']",Al,aluminum,,['aluminum'],aluminum,Aluminum,2631.69583333333,($/mt),2025.0,primary_element_proxy,medium,0.4919614147909968,5,medium_cost
mp-7909,Al2CdTe4,al2cdte4,"['Al', 'Cd', 'Te']","['Al', 'Cd', 'Te']",Al_Cd_Te,al_cd_te,True,False,Tetragonal,1,"['Al', 'Cd', 'Te']","['Al', 'Cd', 'Te']",Al,aluminum,,['aluminum'],aluminum,Aluminum,2631.69583333333,($/mt),2025.0,primary_element_proxy,medium,0.4919614147909968,5,medium_cost
mp-1228975,Al2Cr3CuS8,al2cr3cus8,"['Al', 'Cr', 'Cu', 'S']","['Al', 'Cr', 'Cu', 'S']",Al_Cr_Cu_S,al_cr_cu_s,True,False,Trigonal,1,"['Al', 'Cr', 'Cu', 'S']","['Al', 'Cr', 'Cu', 'S']",Al,aluminum,,"['aluminum', 'copper']",aluminum,Aluminum,2631.69583333333,($/mt),2025.0,primary_element_proxy,medium,0.4919614147909968,5,medium_cost
mp-27346,Al2Hg3Cl8,al2hg3cl8,"['Al', 'Cl', 'Hg']","['Al', 'Cl', 'Hg']",Al_Cl_Hg,al_cl_hg,True,False,Monoclinic,1,"['Al', 'Cl', 'Hg']","['Al', 'Hg', 'Cl']",Al,aluminum,,['aluminum'],aluminum,Aluminum,2631.69583333333,($/mt),2025.0,primary_element_proxy,medium,0.4919614147909968,5,medium_cost
mp-7906,Al2HgS4,al2hgs4,"['Al', 'Hg', 'S']","['Al', 'Hg', 'S']",Al_Hg_S,al_hg_s,True,False,Tetragonal,1,"['Al', 'Hg', 'S']","['Al', 'Hg', 'S']",Al,aluminum,,['aluminum'],aluminum,Aluminum,2631.69583333333,($/mt),2025.0,primary_element_proxy,medium,0.4919614147909968,5,medium_cost
mp-3038,Al2HgSe4,al2hgse4,"['Al', 'Hg', 'Se']","['Al', 'Hg', 'Se']",Al_Hg_Se,al_hg_se,True,False,Tetragonal,1,"['Al', 'Hg', 'Se']","['Al', 'Hg', 'Se']",Al,aluminum,,['aluminum'],aluminum,Aluminum,2631.69583333333,($/mt),2025.0,primary_element_proxy,medium,0.4919614147909968,5,medium_cost
mp-7910,Al2HgTe4,al2hgte4,"['Al', 'Hg', 'Te']","['Al', 'Hg', 'Te']",Al_Hg_Te,al_hg_te,True,False,Tetragonal,1,"['Al', 'Hg', 'Te']","['Al', 'Hg', 'Te']",Al,aluminum,,['aluminum'],aluminum,Aluminum,2631.69583333333,($/mt),2025.0,primary_element_proxy,medium,0.4919614147909968,5,medium_cost
mp-1550,AlP,alp,"['Al', 'P']","['Al', 'P']",Al_P,al_p,True,False,Cubic,1,"['Al', 'P']","['Al', 'P']",Al,aluminum,,"['aluminum', 'phosphate_rock']",aluminum,Aluminum,2631.69583333333,($/mt),2025.0,primary_element_proxy,medium,0.4919614147909968,5,medium_cost
mp-568423,AlPI8,alpi8,"['Al', 'I', 'P']","['Al', 'I', 'P']",Al_I_P,al_i_p,True,False,Orthorhombic,1,"['Al', 'I', 'P']","['Al', 'P', 'I']",Al,aluminum,,"['aluminum', 'phosphate_rock']",aluminum,Aluminum,2631.69583333333,($/mt),2025.0,primary_element_proxy,medium,0.4919614147909968,5,medium_cost
mp-1102285,AlPS4,alps4,"['Al', 'P', 'S']","['Al', 'P', 'S']",Al_P_S,al_p_s,True,False,Tetragonal,1,"['Al', 'P', 'S']","['Al', 'P', 'S']",Al,aluminum,,"['aluminum', 'phosphate_rock']",aluminum,Aluminum,2631.69583333333,($/mt),2025.0,primary_element_proxy,medium,0.4919614147909968,5,medium_cost
mp-555805,AlSCl7,alscl7,"['Al', 'Cl', 'S']","['Al', 'Cl', 'S']",Al_Cl_S,al_cl_s,True,False,Monoclinic,1,"['Al', 'Cl', 'S']","['Al', 'S', 'Cl']",Al,aluminum,,['aluminum'],aluminum,Aluminum,2631.69583333333,($/mt),2025.0,primary_element_proxy,medium,0.4919614147909968,5,medium_cost
mp-2624,AlSb,alsb,"['Al', 'Sb']","['Al', 'Sb']",Al_Sb,al_sb,True,False,Cubic,1,"['Al', 'Sb']","['Al', 'Sb']",Al,aluminum,,['aluminum'],aluminum,Aluminum,2631.69583333333,($/mt),2025.0,primary_element_proxy,medium,0.4919614147909968,5,medium_cost
mp-1194909,AlSb2(SeCl2)2,alsb2_secl2_2,"['Al', 'Cl', 'Sb', 'Se']","['Al', 'Cl', 'Sb', 'Se']",Al_Cl_Sb_Se,al_cl_sb_se,True,False,Triclinic,1,"['Al', 'Cl', 'Sb', 'Se']","['Al', 'Sb', 'Se', 'Cl']",Al,aluminum,,['aluminum'],aluminum,Aluminum,2631.69583333333,($/mt),2025.0,primary_element_proxy,medium,0.4919614147909968,5,medium_cost
mp-1204489,AlSb2Te2BrCl4,alsb2te2brcl4,"['Al', 'Br', 'Cl', 'Sb', 'Te']","['Al', 'Br', 'Cl', 'Sb', 'Te']",Al_Br_Cl_Sb_Te,al_br_cl_sb_te,True,False,Monoclinic,1,"['Al', 'Br', 'Cl', 'Sb', 'Te']","['Al', 'Sb', 'Te', 'Br', 'Cl']",Al,aluminum,,['aluminum'],aluminum,Aluminum,2631.69583333333,($/mt),2025.0,primary_element_proxy,medium,0.4919614147909968,5,medium_cost
mp-1205403,AlSeCl7,alsecl7,"['Al', 'Cl', 'Se']","['Al', 'Cl', 'Se']",Al_Cl_Se,al_cl_se,True,False,Triclinic,1,"['Al', 'Cl', 'Se']","['Al', 'Se', 'Cl']",Al,aluminum,,['aluminum'],aluminum,Aluminum,2631.69583333333,($/mt),2025.0,primary_element_proxy,medium,0.4919614147909968,5,medium_cost
mp-31220,AlSiTe3,alsite3,"['Al', 'Si', 'Te']","['Al', 'Si', 'Te']",Al_Si_Te,al_si_te,True,False,Trigonal,1,"['Al', 'Si', 'Te']","['Al', 'Si', 'Te']",Al,aluminum,,['aluminum'],aluminum,Aluminum,2631.69583333333,($/mt),2025.0,primary_element_proxy,medium,0.4919614147909968,5,medium_cost
mp-573751,AlTeCl7,altecl7,"['Al', 'Cl', 'Te']","['Al', 'Cl', 'Te']",Al_Cl_Te,al_cl_te,True,False,Monoclinic,1,"['Al', 'Cl', 'Te']","['Al', 'Te', 'Cl']",Al,aluminum,,['aluminum'],aluminum,Aluminum,2631.69583333333,($/mt),2025.0,primary_element_proxy,medium,0.4919614147909968,5,medium_cost
mp-29407,AlTeI7,altei7,"['Al', 'I', 'Te']","['Al', 'I', 'Te']",Al_I_Te,al_i_te,True,False,Monoclinic,1,"['Al', 'I', 'Te']","['Al', 'Te', 'I']",Al,aluminum,,['aluminum'],aluminum,Aluminum,2631.69583333333,($/mt),2025.0,primary_element_proxy,medium,0.4919614147909968,5,medium_cost
mp-567878,AlTlBr4,altlbr4,"['Al', 'Br', 'Tl']","['Al', 'Br', 'Tl']",Al_Br_Tl,al_br_tl,True,False,Monoclinic,1,"['Al', 'Br', 'Tl']","['Al', 'Tl', 'Br']",Al,aluminum,,['aluminum'],aluminum,Aluminum,2631.69583333333,($/mt),2025.0,primary_element_proxy,medium,0.4919614147909968,5,medium_cost
mp-567716,AlTlCl4,altlcl4,"['Al', 'Cl', 'Tl']","['Al', 'Cl', 'Tl']",Al_Cl_Tl,al_cl_tl,True,False,Orthorhombic,1,"['Al', 'Cl', 'Tl']","['Al', 'Tl', 'Cl']",Al,aluminum,,['aluminum'],aluminum,Aluminum,2631.69583333333,($/mt),2025.0,primary_element_proxy,medium,0.4919614147909968,5,medium_cost
mp-607829,AlTlI4,altli4,"['Al', 'I', 'Tl']","['Al', 'I', 'Tl']",Al_I_Tl,al_i_tl,True,False,Monoclinic,1,"['Al', 'I', 'Tl']","['Al', 'Tl', 'I']",Al,aluminum,,['aluminum'],aluminum,Aluminum,2631.69583333333,($/mt),2025.0,primary_element_proxy,medium,0.4919614147909968,5,medium_cost
mp-985477,AlTlS2,altls2,"['Al', 'S', 'Tl']","['Al', 'S', 'Tl']",Al_S_Tl,al_s_tl,True,False,Monoclinic,1,"['Al', 'S', 'Tl']","['Al', 'Tl', 'S']",Al,aluminum,,['aluminum'],aluminum,Aluminum,2631.69583333333,($/mt),2025.0,primary_element_proxy,medium,0.4919614147909968,5,medium_cost
mp-863762,AlTlSe2,altlse2,"['Al', 'Se', 'Tl']","['Al', 'Se', 'Tl']",Al_Se_Tl,al_se_tl,True,False,Monoclinic,1,"['Al', 'Se', 'Tl']","['Al', 'Tl', 'Se']",Al,aluminum,,['aluminum'],aluminum,Aluminum,2631.69583333333,($/mt),2025.0,primary_element_proxy,medium,0.4919614147909968,5,medium_cost
mp-28020,AlCuCl4,alcucl4,"['Al', 'Cl', 'Cu']","['Al', 'Cl', 'Cu']",Al_Cl_Cu,al_cl_cu,True,False,Tetragonal,1,"['Al', 'Cl', 'Cu']","['Al', 'Cu', 'Cl']",Al,aluminum,,"['aluminum', 'copper']",aluminum,Aluminum,2631.69583333333,($/mt),2025.0,primary_element_proxy,medium,0.4919614147909968,5,medium_cost
mp-1228980,AlCuGeSe4,alcugese4,"['Al', 'Cu', 'Ge', 'Se']","['Al', 'Cu', 'Ge', 'Se']",Al_Cu_Ge_Se,al_cu_ge_se,True,False,Tetragonal,1,"['Al', 'Cu', 'Ge', 'Se']","['Al', 'Cu', 'Ge', 'Se']",Al,aluminum,,"['aluminum', 'copper']",aluminum,Aluminum,2631.69583333333,($/mt),2025.0,primary_element_proxy,medium,0.4919614147909968,5,medium_cost
mp-4979,AlCuS2,alcus2,"['Al', 'Cu', 'S']","['Al', 'Cu', 'S']",Al_Cu_S,al_cu_s,True,False,Tetragonal,1,"['Al', 'Cu', 'S']","['Al', 'Cu', 'S']",Al,aluminum,,"['aluminum', 'copper']",aluminum,Aluminum,2631.69583333333,($/mt),2025.0,primary_element_proxy,medium,0.4919614147909968,5,medium_cost
mp-8016,AlCuSe2,alcuse2,"['Al', 'Cu', 'Se']","['Al', 'Cu', 'Se']",Al_Cu_Se,al_cu_se,True,False,Tetragonal,1,"['Al', 'Cu', 'Se']","['Al', 'Cu', 'Se']",Al,aluminum,,"['aluminum', 'copper']",aluminum,Aluminum,2631.69583333333,($/mt),2025.0,primary_element_proxy,medium,0.4919614147909968,5,medium_cost
mp-1228961,AlCuSnS4,alcusns4,"['Al', 'Cu', 'S', 'Sn']","['Al', 'Cu', 'S', 'Sn']",Al_Cu_S_Sn,al_cu_s_sn,True,False,Orthorhombic,1,"['Al', 'Cu', 'S', 'Sn']","['Al', 'Cu', 'Sn', 'S']",Al,aluminum,,"['aluminum', 'copper', 'tin']",aluminum,Aluminum,2631.69583333333,($/mt),2025.0,primary_element_proxy,medium,0.4919614147909968,5,medium_cost
mp-1229027,AlCuSnSe4,alcusnse4,"['Al', 'Cu', 'Se', 'Sn']","['Al', 'Cu', 'Se', 'Sn']",Al_Cu_Se_Sn,al_cu_se_sn,True,False,Tetragonal,1,"['Al', 'Cu', 'Se', 'Sn']","['Al', 'Cu', 'Sn', 'Se']",Al,aluminum,,"['aluminum', 'copper', 'tin']",aluminum,Aluminum,2631.69583333333,($/mt),2025.0,primary_element_proxy,medium,0.4919614147909968,5,medium_cost
mp-8017,AlCuTe2,alcute2,"['Al', 'Cu', 'Te']","['Al', 'Cu', 'Te']",Al_Cu_Te,al_cu_te,True,False,Tetragonal,1,"['Al', 'Cu', 'Te']","['Al', 'Cu', 'Te']",Al,aluminum,,"['aluminum', 'copper']",aluminum,Aluminum,2631.69583333333,($/mt),2025.0,primary_element_proxy,medium,0.4919614147909968,5,medium_cost
mp-1228891,AlGaAs2,algaas2,"['Al', 'As', 'Ga']","['Al', 'As', 'Ga']",Al_As_Ga,al_as_ga,True,False,Trigonal,1,"['Al', 'As', 'Ga']","['Al', 'Ga', 'As']",Al,aluminum,,['aluminum'],aluminum,Aluminum,2631.69583333333,($/mt),2025.0,primary_element_proxy,medium,0.4919614147909968,5,medium_cost
mp-23933,AlH3,alh3,"['Al', 'H']","['Al', 'H']",Al_H,al_h,True,False,Trigonal,1,"['Al', 'H']","['Al', 'H']",Al,aluminum,,['aluminum'],aluminum,Aluminum,2631.69583333333,($/mt),2025.0,primary_element_proxy,medium,0.4919614147909968,5,medium_cost
mp-30930,AlI3,ali3,"['Al', 'I']","['Al', 'I']",Al_I,al_i,True,False,Monoclinic,1,"['Al', 'I']","['Al', 'I']",Al,aluminum,,['aluminum'],aluminum,Aluminum,2631.69583333333,($/mt),2025.0,primary_element_proxy,medium,0.4919614147909968,5,medium_cost
mp-27935,AlICl6,alicl6,"['Al', 'Cl', 'I']","['Al', 'Cl', 'I']",Al_Cl_I,al_cl_i,True,False,Monoclinic,1,"['Al', 'Cl', 'I']","['Al', 'I', 'Cl']",Al,aluminum,,['aluminum'],aluminum,Aluminum,2631.69583333333,($/mt),2025.0,primary_element_proxy,medium,0.4919614147909968,5,medium_cost
mp-1214853,AlInBr4,alinbr4,"['Al', 'Br', 'In']","['Al', 'Br', 'In']",Al_Br_In,al_br_in,True,False,Monoclinic,1,"['Al', 'Br', 'In']","['Al', 'In', 'Br']",Al,aluminum,,['aluminum'],aluminum,Aluminum,2631.69583333333,($/mt),2025.0,primary_element_proxy,medium,0.4919614147909968,5,medium_cost
mp-638061,AlInCl4,alincl4,"['Al', 'Cl', 'In']","['Al', 'Cl', 'In']",Al_Cl_In,al_cl_in,True,False,Orthorhombic,1,"['Al', 'Cl', 'In']","['Al', 'In', 'Cl']",Al,aluminum,,['aluminum'],aluminum,Aluminum,2631.69583333333,($/mt),2025.0,primary_element_proxy,medium,0.4919614147909968,5,medium_cost
mp-571260,AlInI4,alini4,"['Al', 'I', 'In']","['Al', 'I', 'In']",Al_I_In,al_i_in,True,False,Monoclinic,1,"['Al', 'I', 'In']","['Al', 'In', 'I']",Al,aluminum,,['aluminum'],aluminum,Aluminum,2631.69583333333,($/mt),2025.0,primary_element_proxy,medium,0.4919614147909968,5,medium_cost
mp-504482,AlInS3,alins3,"['Al', 'In', 'S']","['Al', 'In', 'S']",Al_In_S,al_in_s,True,False,Hexagonal,1,"['Al', 'In', 'S']","['Al', 'In', 'S']",Al,aluminum,,['aluminum'],aluminum,Aluminum,2631.69583333333,($/mt),2025.0,primary_element_proxy,medium,0.4919614147909968,5,medium_cost
mp-862787,AlInSe3,alinse3,"['Al', 'In', 'Se']","['Al', 'In', 'Se']",Al_In_Se,al_in_se,True,False,Hexagonal,1,"['Al', 'In', 'Se']","['Al', 'In', 'Se']",Al,aluminum,,['aluminum'],aluminum,Aluminum,2631.69583333333,($/mt),2025.0,primary_element_proxy,medium,0.4919614147909968,5,medium_cost
mp-1102536,AlCuBr4,alcubr4,"['Al', 'Br', 'Cu']","['Al', 'Br', 'Cu']",Al_Br_Cu,al_br_cu,True,False,Tetragonal,1,"['Al', 'Br', 'Cu']","['Al', 'Cu', 'Br']",Al,aluminum,,"['aluminum', 'copper']",aluminum,Aluminum,2631.69583333333,($/mt),2025.0,primary_element_proxy,medium,0.4919614147909968,5,medium_cost
mp-1228984,AlCu(PSe3)2,alcu_pse3_2,"['Al', 'Cu', 'P', 'Se']","['Al', 'Cu', 'P', 'Se']",Al_Cu_P_Se,al_cu_p_se,True,False,Trigonal,1,"['Al', 'Cu', 'P', 'Se']","['Al', 'Cu', 'P', 'Se']",Al,aluminum,,"['aluminum', 'copper', 'phosphate_rock']",aluminum,Aluminum,2631.69583333333,($/mt),2025.0,primary_element_proxy,medium,0.4919614147909968,5,medium_cost
mp-25469,AlCl3,alcl3,"['Al', 'Cl']","['Al', 'Cl']",Al_Cl,al_cl,True,False,Monoclinic,1,"['Al', 'Cl']","['Al', 'Cl']",Al,aluminum,,['aluminum'],aluminum,Aluminum,2631.69583333333,($/mt),2025.0,primary_element_proxy,medium,0.4919614147909968,5,medium_cost
mp-1102961,AlCdCl4,alcdcl4,"['Al', 'Cd', 'Cl']","['Al', 'Cd', 'Cl']",Al_Cd_Cl,al_cd_cl,True,False,Triclinic,1,"['Al', 'Cd', 'Cl']","['Al', 'Cd', 'Cl']",Al,aluminum,,['aluminum'],aluminum,Aluminum,2631.69583333333,($/mt),2025.0,primary_element_proxy,medium,0.4919614147909968,5,medium_cost
mp-607454,AlC3(NCl2)3,alc3_ncl2_3,"['Al', 'C', 'Cl', 'N']","['Al', 'C', 'Cl', 'N']",Al_C_Cl_N,al_c_cl_n,True,False,Triclinic,1,"['Al', 'C', 'Cl', 'N']","['Al', 'C', 'N', 'Cl']",Al,aluminum,,['aluminum'],aluminum,Aluminum,2631.69583333333,($/mt),2025.0,primary_element_proxy,medium,0.4919614147909968,5,medium_cost
mp-23288,AlBr3,albr3,"['Al', 'Br']","['Al', 'Br']",Al_Br,al_br,True,False,Monoclinic,1,"['Al', 'Br']","['Al', 'Br']",Al,aluminum,,['aluminum'],aluminum,Aluminum,2631.69583333333,($/mt),2025.0,primary_element_proxy,medium,0.4919614147909968,5,medium_cost
mp-628665,AlBiTeCl4,albitecl4,"['Al', 'Bi', 'Cl', 'Te']","['Al', 'Bi', 'Cl', 'Te']",Al_Bi_Cl_Te,al_bi_cl_te,True,False,Tetragonal,1,"['Al', 'Bi', 'Cl', 'Te']","['Al', 'Bi', 'Te', 'Cl']",Al,aluminum,,['aluminum'],aluminum,Aluminum,2631.69583333333,($/mt),2025.0,primary_element_proxy,medium,0.4919614147909968,5,medium_cost
mp-637206,AlBiSeCl4,albisecl4,"['Al', 'Bi', 'Cl', 'Se']","['Al', 'Bi', 'Cl', 'Se']",Al_Bi_Cl_Se,al_bi_cl_se,True,False,Tetragonal,1,"['Al', 'Bi', 'Cl', 'Se']","['Al', 'Bi', 'Se', 'Cl']",Al,aluminum,,['aluminum'],aluminum,Aluminum,2631.69583333333,($/mt),2025.0,primary_element_proxy,medium,0.4919614147909968,5,medium_cost
mp-561350,AlBiSCl4,albiscl4,"['Al', 'Bi', 'Cl', 'S']","['Al', 'Bi', 'Cl', 'S']",Al_Bi_Cl_S,al_bi_cl_s,True,False,Tetragonal,1,"['Al', 'Bi', 'Cl', 'S']","['Al', 'Bi', 'S', 'Cl']",Al,aluminum,,['aluminum'],aluminum,Aluminum,2631.69583333333,($/mt),2025.0,primary_element_proxy,medium,0.4919614147909968,5,medium_cost
mp-672273,AlBiCl6,albicl6,"['Al', 'Bi', 'Cl']","['Al', 'Bi', 'Cl']",Al_Bi_Cl,al_bi_cl,True,False,Monoclinic,1,"['Al', 'Bi', 'Cl']","['Al', 'Bi', 'Cl']",Al,aluminum,,['aluminum'],aluminum,Aluminum,2631.69583333333,($/mt),2025.0,primary_element_proxy,medium,0.4919614147909968,5,medium_cost
mp-558360,AlAs3S5Cl4,alas3s5cl4,"['Al', 'As', 'Cl', 'S']","['Al', 'As', 'Cl', 'S']",Al_As_Cl_S,al_as_cl_s,True,False,Monoclinic,1,"['Al', 'As', 'Cl', 'S']","['Al', 'As', 'S', 'Cl']",Al,aluminum,,['aluminum'],aluminum,Aluminum,2631.69583333333,($/mt),2025.0,primary_element_proxy,medium,0.4919614147909968,5,medium_cost
mp-567734,AlAs3(SeCl)4,alas3_secl_4,"['Al', 'As', 'Cl', 'Se']","['Al', 'As', 'Cl', 'Se']",Al_As_Cl_Se,al_as_cl_se,True,False,Monoclinic,1,"['Al', 'As', 'Cl', 'Se']","['Al', 'As', 'Se', 'Cl']",Al,aluminum,,['aluminum'],aluminum,Aluminum,2631.69583333333,($/mt),2025.0,primary_element_proxy,medium,0.4919614147909968,5,medium_cost
mp-2172,AlAs,alas,"['Al', 'As']","['Al', 'As']",Al_As,al_as,True,False,Cubic,1,"['Al', 'As']","['Al', 'As']",Al,aluminum,,['aluminum'],aluminum,Aluminum,2631.69583333333,($/mt),2025.0,primary_element_proxy,medium,0.4919614147909968,5,medium_cost
mp-14092,AlAgTe2,alagte2,"['Ag', 'Al', 'Te']","['Ag', 'Al', 'Te']",Ag_Al_Te,ag_al_te,True,False,Tetragonal,1,"['Ag', 'Al', 'Te']","['Al', 'Ag', 'Te']",Al,aluminum,,"['aluminum', 'silver']",aluminum,Aluminum,2631.69583333333,($/mt),2025.0,primary_element_proxy,medium,0.4919614147909968,5,medium_cost
mp-1228963,AlAgSnSe4,alagsnse4,"['Ag', 'Al', 'Se', 'Sn']","['Ag', 'Al', 'Se', 'Sn']",Ag_Al_Se_Sn,ag_al_se_sn,True,False,Tetragonal,1,"['Ag', 'Al', 'Se', 'Sn']","['Al', 'Ag', 'Sn', 'Se']",Al,aluminum,,"['aluminum', 'silver', 'tin']",aluminum,Aluminum,2631.69583333333,($/mt),2025.0,primary_element_proxy,medium,0.4919614147909968,5,medium_cost
mp-14091,AlAgSe2,alagse2,"['Ag', 'Al', 'Se']","['Ag', 'Al', 'Se']",Ag_Al_Se,ag_al_se,True,False,Tetragonal,1,"['Ag', 'Al', 'Se']","['Al', 'Ag', 'Se']",Al,aluminum,,"['aluminum', 'silver']",aluminum,Aluminum,2631.69583333333,($/mt),2025.0,primary_element_proxy,medium,0.4919614147909968,5,medium_cost
mp-1103722,Al2PbS4,al2pbs4,"['Al', 'Pb', 'S']","['Al', 'Pb', 'S']",Al_Pb_S,al_pb_s,True,False,Orthorhombic,1,"['Al', 'Pb', 'S']","['Al', 'Pb', 'S']",Al,aluminum,,"['aluminum', 'lead']",aluminum,Aluminum,2631.69583333333,($/mt),2025.0,primary_element_proxy,medium,0.4919614147909968,5,medium_cost
mp-675374,Al2PbSe4,al2pbse4,"['Al', 'Pb', 'Se']","['Al', 'Pb', 'Se']",Al_Pb_Se,al_pb_se,True,False,Orthorhombic,1,"['Al', 'Pb', 'Se']","['Al', 'Pb', 'Se']",Al,aluminum,,"['aluminum', 'lead']",aluminum,Aluminum,2631.69583333333,($/mt),2025.0,primary_element_proxy,medium,0.4919614147909968,5,medium_cost
mp-1228491,Al2S3,al2s3,"['Al', 'S']","['Al', 'S']",Al_S,al_s,True,False,Monoclinic,1,"['Al', 'S']","['Al', 'S']",Al,aluminum,,['aluminum'],aluminum,Aluminum,2631.69583333333,($/mt),2025.0,primary_element_proxy,medium,0.4919614147909968,5,medium_cost
mp-11674,Al2Se3,al2se3,"['Al', 'Se']","['Al', 'Se']",Al_Se,al_se,True,False,Monoclinic,1,"['Al', 'Se']","['Al', 'Se']",Al,aluminum,,['aluminum'],aluminum,Aluminum,2631.69583333333,($/mt),2025.0,primary_element_proxy,medium,0.4919614147909968,5,medium_cost
mp-560633,Al2SnCl6O,al2sncl6o,"['Al', 'Cl', 'O', 'Sn']","['Al', 'Cl', 'O', 'Sn']",Al_Cl_O_Sn,al_cl_o_sn,True,False,Monoclinic,1,"['Al', 'Cl', 'O', 'Sn']","['Al', 'Sn', 'Cl', 'O']",Al,aluminum,,"['aluminum', 'tin']",aluminum,Aluminum,2631.69583333333,($/mt),2025.0,primary_element_proxy,medium,0.4919614147909968,5,medium_cost
mp-29502,Al2Te3,al2te3,"['Al', 'Te']","['Al', 'Te']",Al_Te,al_te,True,False,Monoclinic,1,"['Al', 'Te']","['Al', 'Te']",Al,aluminum,,['aluminum'],aluminum,Aluminum,2631.69583333333,($/mt),2025.0,primary_element_proxy,medium,0.4919614147909968,5,medium_cost
mp-9254,Al2Te5,al2te5,"['Al', 'Te']","['Al', 'Te']",Al_Te,al_te,True,False,Monoclinic,1,"['Al', 'Te']","['Al', 'Te']",Al,aluminum,,['aluminum'],aluminum,Aluminum,2631.69583333333,($/mt),2025.0,primary_element_proxy,medium,0.4919614147909968,5,medium_cost
mp-568443,Al2VCl8,al2vcl8,"['Al', 'Cl', 'V']","['Al', 'Cl', 'V']",Al_Cl_V,al_cl_v,True,False,Monoclinic,1,"['Al', 'Cl', 'V']","['Al', 'V', 'Cl']",Al,aluminum,,['aluminum'],aluminum,Aluminum,2631.69583333333,($/mt),2025.0,primary_element_proxy,medium,0.4919614147909968,5,medium_cost
mp-4842,Al2ZnS4,al2zns4,"['Al', 'S', 'Zn']","['Al', 'S', 'Zn']",Al_S_Zn,al_s_zn,True,False,Cubic,1,"['Al', 'S', 'Zn']","['Al', 'Zn', 'S']",Al,aluminum,,"['aluminum', 'zinc']",aluminum,Aluminum,2631.69583333333,($/mt),2025.0,primary_element_proxy,medium,0.4919614147909968,5,medium_cost
mp-7907,Al2ZnSe4,al2znse4,"['Al', 'Se', 'Zn']","['Al', 'Se', 'Zn']",Al_Se_Zn,al_se_zn,True,False,Tetragonal,1,"['Al', 'Se', 'Zn']","['Al', 'Zn', 'Se']",Al,aluminum,,"['aluminum', 'zinc']",aluminum,Aluminum,2631.69583333333,($/mt),2025.0,primary_element_proxy,medium,0.4919614147909968,5,medium_cost
mp-7908,Al2ZnTe4,al2znte4,"['Al', 'Te', 'Zn']","['Al', 'Te', 'Zn']",Al_Te_Zn,al_te_zn,True,False,Tetragonal,1,"['Al', 'Te', 'Zn']","['Al', 'Zn', 'Te']",Al,aluminum,,"['aluminum', 'zinc']",aluminum,Aluminum,2631.69583333333,($/mt),2025.0,primary_element_proxy,medium,0.4919614147909968,5,medium_cost
mp-1228721,Al4InAgSe8,al4inagse8,"['Ag', 'Al', 'In', 'Se']","['Ag', 'Al', 'In', 'Se']",Ag_Al_In_Se,ag_al_in_se,True,False,Monoclinic,1,"['Ag', 'Al', 'In', 'Se']","['Al', 'In', 'Ag', 'Se']",Al,aluminum,,"['aluminum', 'silver']",aluminum,Aluminum,2631.69583333333,($/mt),2025.0,primary_element_proxy,medium,0.4919614147909968,5,medium_cost
mp-35267,Al5CuS8,al5cus8,"['Al', 'Cu', 'S']","['Al', 'Cu', 'S']",Al_Cu_S,al_cu_s,True,False,Cubic,1,"['Al', 'Cu', 'S']","['Al', 'Cu', 'S']",Al,aluminum,,"['aluminum', 'copper']",aluminum,Aluminum,2631.69583333333,($/mt),2025.0,primary_element_proxy,medium,0.4919614147909968,5,medium_cost
mp-28759,Al7(TlS4)3,al7_tls4_3,"['Al', 'S', 'Tl']","['Al', 'S', 'Tl']",Al_S_Tl,al_s_tl,True,False,Monoclinic,1,"['Al', 'S', 'Tl']","['Al', 'Tl', 'S']",Al,aluminum,,['aluminum'],aluminum,Aluminum,2631.69583333333,($/mt),2025.0,primary_element_proxy,medium,0.4919614147909968,5,medium_cost
mp-1228964,AlAg(PSe3)2,alag_pse3_2,"['Ag', 'Al', 'P', 'Se']","['Ag', 'Al', 'P', 'Se']",Ag_Al_P_Se,ag_al_p_se,True,False,Monoclinic,1,"['Ag', 'Al', 'P', 'Se']","['Al', 'Ag', 'P', 'Se']",Al,aluminum,,"['aluminum', 'silver', 'phosphate_rock']",aluminum,Aluminum,2631.69583333333,($/mt),2025.0,primary_element_proxy,medium,0.4919614147909968,5,medium_cost
mp-5782,AlAgS2,alags2,"['Ag', 'Al', 'S']","['Ag', 'Al', 'S']",Ag_Al_S,ag_al_s,True,False,Tetragonal,1,"['Ag', 'Al', 'S']","['Al', 'Ag', 'S']",Al,aluminum,,"['aluminum', 'silver']",aluminum,Aluminum,2631.69583333333,($/mt),2025.0,primary_element_proxy,medium,0.4919614147909968,5,medium_cost
mp-2176,ZnTe,znte,"['Te', 'Zn']","['Te', 'Zn']",Te_Zn,te_zn,True,False,Cubic,1,"['Te', 'Zn']","['Zn', 'Te']",Zn,zinc,,['zinc'],zinc,Zinc,2867.52833333333,($/mt),2025.0,primary_element_proxy,medium,0.680064308681672,6,medium_cost
mp-4175,ZnSnP2,znsnp2,"['P', 'Sn', 'Zn']","['P', 'Sn', 'Zn']",P_Sn_Zn,p_sn_zn,True,False,Tetragonal,1,"['P', 'Sn', 'Zn']","['Zn', 'Sn', 'P']",Zn,zinc,,"['zinc', 'phosphate_rock', 'tin']",zinc,Zinc,2867.52833333333,($/mt),2025.0,primary_element_proxy,medium,0.680064308681672,6,medium_cost
mp-4763,ZnSiP2,znsip2,"['P', 'Si', 'Zn']","['P', 'Si', 'Zn']",P_Si_Zn,p_si_zn,True,False,Tetragonal,1,"['P', 'Si', 'Zn']","['Zn', 'Si', 'P']",Zn,zinc,,"['zinc', 'phosphate_rock']",zinc,Zinc,2867.52833333333,($/mt),2025.0,primary_element_proxy,medium,0.680064308681672,6,medium_cost
mp-3595,ZnSiAs2,znsias2,"['As', 'Si', 'Zn']","['As', 'Si', 'Zn']",As_Si_Zn,as_si_zn,True,False,Tetragonal,1,"['As', 'Si', 'Zn']","['Zn', 'Si', 'As']",Zn,zinc,,['zinc'],zinc,Zinc,2867.52833333333,($/mt),2025.0,primary_element_proxy,medium,0.680064308681672,6,medium_cost
mp-1189914,ZnSi(AgS2)2,znsi_ags2_2,"['Ag', 'S', 'Si', 'Zn']","['Ag', 'S', 'Si', 'Zn']",Ag_S_Si_Zn,ag_s_si_zn,True,False,Monoclinic,1,"['Ag', 'S', 'Si', 'Zn']","['Zn', 'Si', 'Ag', 'S']",Zn,zinc,,"['zinc', 'silver']",zinc,Zinc,2867.52833333333,($/mt),2025.0,primary_element_proxy,medium,0.680064308681672,6,medium_cost
mp-1102515,ZnSe2,znse2,"['Se', 'Zn']","['Se', 'Zn']",Se_Zn,se_zn,True,False,Cubic,1,"['Se', 'Zn']","['Zn', 'Se']",Zn,zinc,,['zinc'],zinc,Zinc,2867.52833333333,($/mt),2025.0,primary_element_proxy,medium,0.680064308681672,6,medium_cost
mp-1190,ZnSe,znse,"['Se', 'Zn']","['Se', 'Zn']",Se_Zn,se_zn,True,False,Cubic,1,"['Se', 'Zn']","['Zn', 'Se']",Zn,zinc,,['zinc'],zinc,Zinc,2867.52833333333,($/mt),2025.0,primary_element_proxy,medium,0.680064308681672,6,medium_cost
mp-753,ZnSb,znsb,"['Sb', 'Zn']","['Sb', 'Zn']",Sb_Zn,sb_zn,True,False,Orthorhombic,1,"['Sb', 'Zn']","['Zn', 'Sb']",Zn,zinc,,['zinc'],zinc,Zinc,2867.52833333333,($/mt),2025.0,primary_element_proxy,medium,0.680064308681672,6,medium_cost
mp-554820,ZnS,zns,"['S', 'Zn']","['S', 'Zn']",S_Zn,s_zn,True,False,Trigonal,1,"['S', 'Zn']","['Zn', 'S']",Zn,zinc,,['zinc'],zinc,Zinc,2867.52833333333,($/mt),2025.0,primary_element_proxy,medium,0.680064308681672,6,medium_cost
mp-11025,ZnP2,znp2,"['P', 'Zn']","['P', 'Zn']",P_Zn,p_zn,True,False,Tetragonal,1,"['P', 'Zn']","['Zn', 'P']",Zn,zinc,,"['zinc', 'phosphate_rock']",zinc,Zinc,2867.52833333333,($/mt),2025.0,primary_element_proxy,medium,0.680064308681672,6,medium_cost
mp-27161,ZnI2,zni2,"['I', 'Zn']","['I', 'Zn']",I_Zn,i_zn,True,False,Tetragonal,1,"['I', 'Zn']","['Zn', 'I']",Zn,zinc,,['zinc'],zinc,Zinc,2867.52833333333,($/mt),2025.0,primary_element_proxy,medium,0.680064308681672,6,medium_cost
mp-1192685,ZnH6(Se2N)2,znh6_se2n_2,"['H', 'N', 'Se', 'Zn']","['H', 'N', 'Se', 'Zn']",H_N_Se_Zn,h_n_se_zn,True,False,Monoclinic,1,"['H', 'N', 'Se', 'Zn']","['Zn', 'H', 'Se', 'N']",Zn,zinc,,['zinc'],zinc,Zinc,2867.52833333333,($/mt),2025.0,primary_element_proxy,medium,0.680064308681672,6,medium_cost
mp-4524,ZnGeP2,zngep2,"['Ge', 'P', 'Zn']","['Ge', 'P', 'Zn']",Ge_P_Zn,ge_p_zn,True,False,Tetragonal,1,"['Ge', 'P', 'Zn']","['Zn', 'Ge', 'P']",Zn,zinc,,"['zinc', 'phosphate_rock']",zinc,Zinc,2867.52833333333,($/mt),2025.0,primary_element_proxy,medium,0.680064308681672,6,medium_cost
mp-4008,ZnGeAs2,zngeas2,"['As', 'Ge', 'Zn']","['As', 'Ge', 'Zn']",As_Ge_Zn,as_ge_zn,True,False,Tetragonal,1,"['As', 'Ge', 'Zn']","['Zn', 'Ge', 'As']",Zn,zinc,,['zinc'],zinc,Zinc,2867.52833333333,($/mt),2025.0,primary_element_proxy,medium,0.680064308681672,6,medium_cost
mp-1079541,ZnCu2SnS4,zncu2sns4,"['Cu', 'S', 'Sn', 'Zn']","['Cu', 'S', 'Sn', 'Zn']",Cu_S_Sn_Zn,cu_s_sn_zn,True,False,Tetragonal,1,"['Cu', 'S', 'Sn', 'Zn']","['Zn', 'Cu', 'Sn', 'S']",Zn,zinc,,"['zinc', 'copper', 'tin']",zinc,Zinc,2867.52833333333,($/mt),2025.0,primary_element_proxy,medium,0.680064308681672,6,medium_cost
mp-1078498,ZnCu2SiTe4,zncu2site4,"['Cu', 'Si', 'Te', 'Zn']","['Cu', 'Si', 'Te', 'Zn']",Cu_Si_Te_Zn,cu_si_te_zn,True,False,Tetragonal,1,"['Cu', 'Si', 'Te', 'Zn']","['Zn', 'Cu', 'Si', 'Te']",Zn,zinc,,"['zinc', 'copper']",zinc,Zinc,2867.52833333333,($/mt),2025.0,primary_element_proxy,medium,0.680064308681672,6,medium_cost
mp-1232332,ZnCu2SiSe4,zncu2sise4,"['Cu', 'Se', 'Si', 'Zn']","['Cu', 'Se', 'Si', 'Zn']",Cu_Se_Si_Zn,cu_se_si_zn,True,False,Tetragonal,1,"['Cu', 'Se', 'Si', 'Zn']","['Zn', 'Cu', 'Si', 'Se']",Zn,zinc,,"['zinc', 'copper']",zinc,Zinc,2867.52833333333,($/mt),2025.0,primary_element_proxy,medium,0.680064308681672,6,medium_cost
mp-1189702,ZnCu2SiS4,zncu2sis4,"['Cu', 'S', 'Si', 'Zn']","['Cu', 'S', 'Si', 'Zn']",Cu_S_Si_Zn,cu_s_si_zn,True,False,Monoclinic,1,"['Cu', 'S', 'Si', 'Zn']","['Zn', 'Cu', 'Si', 'S']",Zn,zinc,,"['zinc', 'copper']",zinc,Zinc,2867.52833333333,($/mt),2025.0,primary_element_proxy,medium,0.680064308681672,6,medium_cost
mp-6408,ZnCu2GeS4,zncu2ges4,"['Cu', 'Ge', 'S', 'Zn']","['Cu', 'Ge', 'S', 'Zn']",Cu_Ge_S_Zn,cu_ge_s_zn,True,False,Tetragonal,1,"['Cu', 'Ge', 'S', 'Zn']","['Zn', 'Cu', 'Ge', 'S']",Zn,zinc,,"['zinc', 'copper']",zinc,Zinc,2867.52833333333,($/mt),2025.0,primary_element_proxy,medium,0.680064308681672,6,medium_cost
mp-22909,ZnCl2,zncl2,"['Cl', 'Zn']","['Cl', 'Zn']",Cl_Zn,cl_zn,True,False,Tetragonal,1,"['Cl', 'Zn']","['Zn', 'Cl']",Zn,zinc,,['zinc'],zinc,Zinc,2867.52833333333,($/mt),2025.0,primary_element_proxy,medium,0.680064308681672,6,medium_cost
mp-647579,ZnBr2,znbr2,"['Br', 'Zn']","['Br', 'Zn']",Br_Zn,br_zn,True,False,Tetragonal,1,"['Br', 'Zn']","['Zn', 'Br']",Zn,zinc,,['zinc'],zinc,Zinc,2867.52833333333,($/mt),2025.0,primary_element_proxy,medium,0.680064308681672,6,medium_cost
mp-7262,ZnAs2,znas2,"['As', 'Zn']","['As', 'Zn']",As_Zn,as_zn,True,False,Monoclinic,1,"['As', 'Zn']","['Zn', 'As']",Zn,zinc,,['zinc'],zinc,Zinc,2867.52833333333,($/mt),2025.0,primary_element_proxy,medium,0.680064308681672,6,medium_cost
mp-558807,ZnAgPS4,znagps4,"['Ag', 'P', 'S', 'Zn']","['Ag', 'P', 'S', 'Zn']",Ag_P_S_Zn,ag_p_s_zn,True,False,Orthorhombic,1,"['Ag', 'P', 'S', 'Zn']","['Zn', 'Ag', 'P', 'S']",Zn,zinc,,"['zinc', 'silver', 'phosphate_rock']",zinc,Zinc,2867.52833333333,($/mt),2025.0,primary_element_proxy,medium,0.680064308681672,6,medium_cost
mp-1079889,ZnAg2SnS4,znag2sns4,"['Ag', 'S', 'Sn', 'Zn']","['Ag', 'S', 'Sn', 'Zn']",Ag_S_Sn_Zn,ag_s_sn_zn,True,False,Tetragonal,1,"['Ag', 'S', 'Sn', 'Zn']","['Zn', 'Ag', 'Sn', 'S']",Zn,zinc,,"['zinc', 'silver', 'tin']",zinc,Zinc,2867.52833333333,($/mt),2025.0,primary_element_proxy,medium,0.680064308681672,6,medium_cost
mp-1215558,ZnAg2GeS4,znag2ges4,"['Ag', 'Ge', 'S', 'Zn']","['Ag', 'Ge', 'S', 'Zn']",Ag_Ge_S_Zn,ag_ge_s_zn,True,False,Tetragonal,1,"['Ag', 'Ge', 'S', 'Zn']","['Zn', 'Ag', 'Ge', 'S']",Zn,zinc,,"['zinc', 'silver']",zinc,Zinc,2867.52833333333,($/mt),2025.0,primary_element_proxy,medium,0.680064308681672,6,medium_cost
mp-1215629,Zn3PBr3,zn3pbr3,"['Br', 'P', 'Zn']","['Br', 'P', 'Zn']",Br_P_Zn,br_p_zn,True,False,Monoclinic,1,"['Br', 'P', 'Zn']","['Zn', 'P', 'Br']",Zn,zinc,,"['zinc', 'phosphate_rock']",zinc,Zinc,2867.52833333333,($/mt),2025.0,primary_element_proxy,medium,0.680064308681672,6,medium_cost
mp-22607,Zn(InSe2)2,zn_inse2_2,"['In', 'Se', 'Zn']","['In', 'Se', 'Zn']",In_Se_Zn,in_se_zn,True,False,Tetragonal,1,"['In', 'Se', 'Zn']","['Zn', 'In', 'Se']",Zn,zinc,,['zinc'],zinc,Zinc,2867.52833333333,($/mt),2025.0,primary_element_proxy,medium,0.680064308681672,6,medium_cost
mp-15777,Zn(GaTe2)2,zn_gate2_2,"['Ga', 'Te', 'Zn']","['Ga', 'Te', 'Zn']",Ga_Te_Zn,ga_te_zn,True,False,Tetragonal,1,"['Ga', 'Te', 'Zn']","['Zn', 'Ga', 'Te']",Zn,zinc,,['zinc'],zinc,Zinc,2867.52833333333,($/mt),2025.0,primary_element_proxy,medium,0.680064308681672,6,medium_cost
mp-4697,Zn(CrSe2)2,zn_crse2_2,"['Cr', 'Se', 'Zn']","['Cr', 'Se', 'Zn']",Cr_Se_Zn,cr_se_zn,True,False,Cubic,1,"['Cr', 'Se', 'Zn']","['Zn', 'Cr', 'Se']",Zn,zinc,,['zinc'],zinc,Zinc,2867.52833333333,($/mt),2025.0,primary_element_proxy,medium,0.680064308681672,6,medium_cost
mp-4194,Zn(CrS2)2,zn_crs2_2,"['Cr', 'S', 'Zn']","['Cr', 'S', 'Zn']",Cr_S_Zn,cr_s_zn,True,False,Cubic,1,"['Cr', 'S', 'Zn']","['Zn', 'Cr', 'S']",Zn,zinc,,['zinc'],zinc,Zinc,2867.52833333333,($/mt),2025.0,primary_element_proxy,medium,0.680064308681672,6,medium_cost
mp-15776,Zn(GaSe2)2,zn_gase2_2,"['Ga', 'Se', 'Zn']","['Ga', 'Se', 'Zn']",Ga_Se_Zn,ga_se_zn,True,False,Tetragonal,1,"['Ga', 'Se', 'Zn']","['Zn', 'Ga', 'Se']",Zn,zinc,,['zinc'],zinc,Zinc,2867.52833333333,($/mt),2025.0,primary_element_proxy,medium,0.680064308681672,6,medium_cost
mp-5350,Zn(GaS2)2,zn_gas2_2,"['Ga', 'S', 'Zn']","['Ga', 'S', 'Zn']",Ga_S_Zn,ga_s_zn,True,False,Tetragonal,1,"['Ga', 'S', 'Zn']","['Zn', 'Ga', 'S']",Zn,zinc,,['zinc'],zinc,Zinc,2867.52833333333,($/mt),2025.0,primary_element_proxy,medium,0.680064308681672,6,medium_cost
mp-1188466,Zn2IN,zn2in,"['I', 'N', 'Zn']","['I', 'N', 'Zn']",I_N_Zn,i_n_zn,True,False,Orthorhombic,1,"['I', 'N', 'Zn']","['Zn', 'I', 'N']",Zn,zinc,,['zinc'],zinc,Zinc,2867.52833333333,($/mt),2025.0,primary_element_proxy,medium,0.680064308681672,6,medium_cost
mp-1105648,Zn2BrN,zn2brn,"['Br', 'N', 'Zn']","['Br', 'N', 'Zn']",Br_N_Zn,br_n_zn,True,False,Orthorhombic,1,"['Br', 'N', 'Zn']","['Zn', 'Br', 'N']",Zn,zinc,,['zinc'],zinc,Zinc,2867.52833333333,($/mt),2025.0,primary_element_proxy,medium,0.680064308681672,6,medium_cost
mp-2071,Zn3P2,zn3p2,"['P', 'Zn']","['P', 'Zn']",P_Zn,p_zn,True,False,Tetragonal,1,"['P', 'Zn']","['Zn', 'P']",Zn,zinc,,"['zinc', 'phosphate_rock']",zinc,Zinc,2867.52833333333,($/mt),2025.0,primary_element_proxy,medium,0.680064308681672,6,medium_cost
mp-1189171,Zn2NCl,zn2ncl,"['Cl', 'N', 'Zn']","['Cl', 'N', 'Zn']",Cl_N_Zn,cl_n_zn,True,False,Orthorhombic,1,"['Cl', 'N', 'Zn']","['Zn', 'N', 'Cl']",Zn,zinc,,['zinc'],zinc,Zinc,2867.52833333333,($/mt),2025.0,primary_element_proxy,medium,0.680064308681672,6,medium_cost
mp-27656,Zn2(PS3)3,zn2_ps3_3,"['P', 'S', 'Zn']","['P', 'S', 'Zn']",P_S_Zn,p_s_zn,True,False,Monoclinic,1,"['P', 'S', 'Zn']","['Zn', 'P', 'S']",Zn,zinc,,"['zinc', 'phosphate_rock']",zinc,Zinc,2867.52833333333,($/mt),2025.0,primary_element_proxy,medium,0.680064308681672,6,medium_cost
mp-20832,Zn(InTe2)2,zn_inte2_2,"['In', 'Te', 'Zn']","['In', 'Te', 'Zn']",In_Te_Zn,in_te_zn,True,False,Tetragonal,1,"['In', 'Te', 'Zn']","['Zn', 'In', 'Te']",Zn,zinc,,['zinc'],zinc,Zinc,2867.52833333333,($/mt),2025.0,primary_element_proxy,medium,0.680064308681672,6,medium_cost
mp-942,AuF3,auf3,"['Au', 'F']","['Au', 'F']",Au_F,au_f,True,False,Hexagonal,1,"['Au', 'F']","['Au', 'F']",Au,gold,,['gold'],gold,Gold,3441.50583333333,($/troy oz),2025.0,primary_element_proxy,medium,0.7668810289389068,7,high_cost
mp-28372,AuSeCl7,ausecl7,"['Au', 'Cl', 'Se']","['Au', 'Cl', 'Se']",Au_Cl_Se,au_cl_se,True,False,Monoclinic,1,"['Au', 'Cl', 'Se']","['Au', 'Se', 'Cl']",Au,gold,,['gold'],gold,Gold,3441.50583333333,($/troy oz),2025.0,primary_element_proxy,medium,0.7668810289389068,7,high_cost
mp-27265,AuClO,auclo,"['Au', 'Cl', 'O']","['Au', 'Cl', 'O']",Au_Cl_O,au_cl_o,True,False,Trigonal,1,"['Au', 'Cl', 'O']","['Au', 'Cl', 'O']",Au,gold,,['gold'],gold,Gold,3441.50583333333,($/troy oz),2025.0,primary_element_proxy,medium,0.7668810289389068,7,high_cost
mp-27647,AuCl3,aucl3,"['Au', 'Cl']","['Au', 'Cl']",Au_Cl,au_cl,True,False,Monoclinic,1,"['Au', 'Cl']","['Au', 'Cl']",Au,gold,,['gold'],gold,Gold,3441.50583333333,($/troy oz),2025.0,primary_element_proxy,medium,0.7668810289389068,7,high_cost
mp-30103,AuF5,auf5,"['Au', 'F']","['Au', 'F']",Au_F,au_f,True,False,Orthorhombic,1,"['Au', 'F']","['Au', 'F']",Au,gold,,['gold'],gold,Gold,3441.50583333333,($/troy oz),2025.0,primary_element_proxy,medium,0.7668810289389068,7,high_cost
mp-541656,AuCl2,aucl2,"['Au', 'Cl']","['Au', 'Cl']",Au_Cl,au_cl,True,False,Triclinic,1,"['Au', 'Cl']","['Au', 'Cl']",Au,gold,,['gold'],gold,Gold,3441.50583333333,($/troy oz),2025.0,primary_element_proxy,medium,0.7668810289389068,7,high_cost
mp-505366,AuBr,aubr,"['Au', 'Br']","['Au', 'Br']",Au_Br,au_br,True,False,Tetragonal,1,"['Au', 'Br']","['Au', 'Br']",Au,gold,,['gold'],gold,Gold,3441.50583333333,($/troy oz),2025.0,primary_element_proxy,medium,0.7668810289389068,7,high_cost
mp-27441,Au2Se4O11,au2se4o11,"['Au', 'O', 'Se']","['Au', 'O', 'Se']",Au_O_Se,au_o_se,True,False,Monoclinic,1,"['Au', 'O', 'Se']","['Au', 'Se', 'O']",Au,gold,,['gold'],gold,Gold,3441.50583333333,($/troy oz),2025.0,primary_element_proxy,medium,0.7668810289389068,7,high_cost
mp-559824,Au2Se3O10,au2se3o10,"['Au', 'O', 'Se']","['Au', 'O', 'Se']",Au_O_Se,au_o_se,True,False,Orthorhombic,1,"['Au', 'O', 'Se']","['Au', 'Se', 'O']",Au,gold,,['gold'],gold,Gold,3441.50583333333,($/troy oz),2025.0,primary_element_proxy,medium,0.7668810289389068,7,high_cost
mp-27213,AuBr3,aubr3,"['Au', 'Br']","['Au', 'Br']",Au_Br,au_br,True,False,Monoclinic,1,"['Au', 'Br']","['Au', 'Br']",Au,gold,,['gold'],gold,Gold,3441.50583333333,($/troy oz),2025.0,primary_element_proxy,medium,0.7668810289389068,7,high_cost
mp-27199,AuSeBr,ausebr,"['Au', 'Br', 'Se']","['Au', 'Br', 'Se']",Au_Br_Se,au_br_se,True,False,Orthorhombic,1,"['Au', 'Br', 'Se']","['Au', 'Se', 'Br']",Au,gold,,['gold'],gold,Gold,3441.50583333333,($/troy oz),2025.0,primary_element_proxy,medium,0.7668810289389068,7,high_cost
mp-28192,AuSCl5,auscl5,"['Au', 'Cl', 'S']","['Au', 'Cl', 'S']",Au_Cl_S,au_cl_s,True,False,Monoclinic,1,"['Au', 'Cl', 'S']","['Au', 'S', 'Cl']",Au,gold,,['gold'],gold,Gold,3441.50583333333,($/troy oz),2025.0,primary_element_proxy,medium,0.7668810289389068,7,high_cost
mp-556587,AuSCl7,auscl7,"['Au', 'Cl', 'S']","['Au', 'Cl', 'S']",Au_Cl_S,au_cl_s,True,False,Monoclinic,1,"['Au', 'Cl', 'S']","['Au', 'S', 'Cl']",Au,gold,,['gold'],gold,Gold,3441.50583333333,($/troy oz),2025.0,primary_element_proxy,medium,0.7668810289389068,7,high_cost
mp-27725,AuI,aui,"['Au', 'I']","['Au', 'I']",Au_I,au_i,True,False,Tetragonal,1,"['Au', 'I']","['Au', 'I']",Au,gold,,['gold'],gold,Gold,3441.50583333333,($/troy oz),2025.0,primary_element_proxy,medium,0.7668810289389068,7,high_cost
mp-1214760,AuI2,aui2,"['Au', 'I']","['Au', 'I']",Au_I,au_i,True,True,Tetragonal,1,"['Au', 'I']","['Au', 'I']",Au,gold,,['gold'],gold,Gold,3441.50583333333,($/troy oz),2025.0,primary_element_proxy,medium,0.7668810289389068,7,high_cost
mp-560549,AuSeClO3,auseclo3,"['Au', 'Cl', 'O', 'Se']","['Au', 'Cl', 'O', 'Se']",Au_Cl_O_Se,au_cl_o_se,True,False,Triclinic,1,"['Au', 'Cl', 'O', 'Se']","['Au', 'Se', 'Cl', 'O']",Au,gold,,['gold'],gold,Gold,3441.50583333333,($/troy oz),2025.0,primary_element_proxy,medium,0.7668810289389068,7,high_cost
mp-927,CuP2,cup2,"['Cu', 'P']","['Cu', 'P']",Cu_P,cu_p,True,False,Monoclinic,1,"['Cu', 'P']","['Cu', 'P']",Cu,copper,,"['copper', 'phosphate_rock']",copper,Copper,9947.305,($/mt),2025.0,primary_element_proxy,medium,0.8504823151125402,8,high_cost
mp-3934,Cu3PS4,cu3ps4,"['Cu', 'P', 'S']","['Cu', 'P', 'S']",Cu_P_S,cu_p_s,True,False,Orthorhombic,1,"['Cu', 'P', 'S']","['Cu', 'P', 'S']",Cu,copper,,"['copper', 'phosphate_rock']",copper,Copper,9947.305,($/mt),2025.0,primary_element_proxy,medium,0.8504823151125402,8,high_cost
mp-1025340,Cu2WSe4,cu2wse4,"['Cu', 'Se', 'W']","['Cu', 'Se', 'W']",Cu_Se_W,cu_se_w,True,False,Tetragonal,1,"['Cu', 'Se', 'W']","['Cu', 'W', 'Se']",Cu,copper,,['copper'],copper,Copper,9947.305,($/mt),2025.0,primary_element_proxy,medium,0.8504823151125402,8,high_cost
mp-31037,CuTe2I,cute2i,"['Cu', 'I', 'Te']","['Cu', 'I', 'Te']",Cu_I_Te,cu_i_te,True,False,Monoclinic,1,"['Cu', 'I', 'Te']","['Cu', 'Te', 'I']",Cu,copper,,['copper'],copper,Copper,9947.305,($/mt),2025.0,primary_element_proxy,medium,0.8504823151125402,8,high_cost
mp-31036,CuTe2Br,cute2br,"['Br', 'Cu', 'Te']","['Br', 'Cu', 'Te']",Br_Cu_Te,br_cu_te,True,False,Monoclinic,1,"['Br', 'Cu', 'Te']","['Cu', 'Te', 'Br']",Cu,copper,,['copper'],copper,Copper,9947.305,($/mt),2025.0,primary_element_proxy,medium,0.8504823151125402,8,high_cost
mp-568778,CuTeBr,cutebr,"['Br', 'Cu', 'Te']","['Br', 'Cu', 'Te']",Br_Cu_Te,br_cu_te,True,False,Orthorhombic,1,"['Br', 'Cu', 'Te']","['Cu', 'Te', 'Br']",Cu,copper,,['copper'],copper,Copper,9947.305,($/mt),2025.0,primary_element_proxy,medium,0.8504823151125402,8,high_cost
mp-28741,CuSe3Br,cuse3br,"['Br', 'Cu', 'Se']","['Br', 'Cu', 'Se']",Br_Cu_Se,br_cu_se,True,False,Orthorhombic,1,"['Br', 'Cu', 'Se']","['Cu', 'Se', 'Br']",Cu,copper,,['copper'],copper,Copper,9947.305,($/mt),2025.0,primary_element_proxy,medium,0.8504823151125402,8,high_cost
mp-31038,CuSe2Cl,cuse2cl,"['Cl', 'Cu', 'Se']","['Cl', 'Cu', 'Se']",Cl_Cu_Se,cl_cu_se,True,False,Monoclinic,1,"['Cl', 'Cu', 'Se']","['Cu', 'Se', 'Cl']",Cu,copper,,['copper'],copper,Copper,9947.305,($/mt),2025.0,primary_element_proxy,medium,0.8504823151125402,8,high_cost
mp-4468,CuSbS2,cusbs2,"['Cu', 'S', 'Sb']","['Cu', 'S', 'Sb']",Cu_S_Sb,cu_s_sb,True,False,Orthorhombic,1,"['Cu', 'S', 'Sb']","['Cu', 'Sb', 'S']",Cu,copper,,['copper'],copper,Copper,9947.305,($/mt),2025.0,primary_element_proxy,medium,0.8504823151125402,8,high_cost
mp-30971,CuTe2Cl,cute2cl,"['Cl', 'Cu', 'Te']","['Cl', 'Cu', 'Te']",Cl_Cu_Te,cl_cu_te,True,False,Monoclinic,1,"['Cl', 'Cu', 'Te']","['Cu', 'Te', 'Cl']",Cu,copper,,['copper'],copper,Copper,9947.305,($/mt),2025.0,primary_element_proxy,medium,0.8504823151125402,8,high_cost
mp-570081,CuI,cui,"['Cu', 'I']","['Cu', 'I']",Cu_I,cu_i,True,False,Trigonal,1,"['Cu', 'I']","['Cu', 'I']",Cu,copper,,['copper'],copper,Copper,9947.305,($/mt),2025.0,primary_element_proxy,medium,0.8504823151125402,8,high_cost
mp-865018,CuBiPtS3,cubipts3,"['Bi', 'Cu', 'Pt', 'S']","['Bi', 'Cu', 'Pt', 'S']",Bi_Cu_Pt_S,bi_cu_pt_s,True,False,Orthorhombic,1,"['Bi', 'Cu', 'Pt', 'S']","['Cu', 'Bi', 'Pt', 'S']",Cu,copper,,"['copper', 'platinum']",copper,Copper,9947.305,($/mt),2025.0,primary_element_proxy,medium,0.8504823151125402,8,high_cost
mp-22982,CuBiS2,cubis2,"['Bi', 'Cu', 'S']","['Bi', 'Cu', 'S']",Bi_Cu_S,bi_cu_s,True,False,Orthorhombic,1,"['Bi', 'Cu', 'S']","['Cu', 'Bi', 'S']",Cu,copper,,['copper'],copper,Copper,9947.305,($/mt),2025.0,primary_element_proxy,medium,0.8504823151125402,8,high_cost
mp-1106310,Cu2SiHgS4,cu2sihgs4,"['Cu', 'Hg', 'S', 'Si']","['Cu', 'Hg', 'S', 'Si']",Cu_Hg_S_Si,cu_hg_s_si,True,False,Orthorhombic,1,"['Cu', 'Hg', 'S', 'Si']","['Cu', 'Si', 'Hg', 'S']",Cu,copper,,['copper'],copper,Copper,9947.305,($/mt),2025.0,primary_element_proxy,medium,0.8504823151125402,8,high_cost
mp-28034,Cu2P7,cu2p7,"['Cu', 'P']","['Cu', 'P']",Cu_P,cu_p,True,False,Monoclinic,1,"['Cu', 'P']","['Cu', 'P']",Cu,copper,,"['copper', 'phosphate_rock']",copper,Copper,9947.305,($/mt),2025.0,primary_element_proxy,medium,0.8504823151125402,8,high_cost
mp-23353,Cu2HgI4,cu2hgi4,"['Cu', 'Hg', 'I']","['Cu', 'Hg', 'I']",Cu_Hg_I,cu_hg_i,True,False,Tetragonal,1,"['Cu', 'Hg', 'I']","['Cu', 'Hg', 'I']",Cu,copper,,['copper'],copper,Copper,9947.305,($/mt),2025.0,primary_element_proxy,medium,0.8504823151125402,8,high_cost
mp-15896,Cu2SiSe3,cu2sise3,"['Cu', 'Se', 'Si']","['Cu', 'Se', 'Si']",Cu_Se_Si,cu_se_si,True,False,Monoclinic,1,"['Cu', 'Se', 'Si']","['Cu', 'Si', 'Se']",Cu,copper,,['copper'],copper,Copper,9947.305,($/mt),2025.0,primary_element_proxy,medium,0.8504823151125402,8,high_cost
mp-1212937,Cu2SiHgSe4,cu2sihgse4,"['Cu', 'Hg', 'Se', 'Si']","['Cu', 'Hg', 'Se', 'Si']",Cu_Hg_Se_Si,cu_hg_se_si,True,False,Orthorhombic,1,"['Cu', 'Hg', 'Se', 'Si']","['Cu', 'Si', 'Hg', 'Se']",Cu,copper,,['copper'],copper,Copper,9947.305,($/mt),2025.0,primary_element_proxy,medium,0.8504823151125402,8,high_cost
mp-628643,CuAsPbS3,cuaspbs3,"['As', 'Cu', 'Pb', 'S']","['As', 'Cu', 'Pb', 'S']",As_Cu_Pb_S,as_cu_pb_s,True,False,Orthorhombic,1,"['As', 'Cu', 'Pb', 'S']","['Cu', 'As', 'Pb', 'S']",Cu,copper,,"['copper', 'lead']",copper,Copper,9947.305,($/mt),2025.0,primary_element_proxy,medium,0.8504823151125402,8,high_cost
mp-1190563,Cu6Hg3(SbS3)4,cu6hg3_sbs3_4,"['Cu', 'Hg', 'S', 'Sb']","['Cu', 'Hg', 'S', 'Sb']",Cu_Hg_S_Sb,cu_hg_s_sb,True,False,Trigonal,1,"['Cu', 'Hg', 'S', 'Sb']","['Cu', 'Hg', 'Sb', 'S']",Cu,copper,,['copper'],copper,Copper,9947.305,($/mt),2025.0,primary_element_proxy,medium,0.8504823151125402,8,high_cost
mp-557225,Cu6GeWS8,cu6gews8,"['Cu', 'Ge', 'S', 'W']","['Cu', 'Ge', 'S', 'W']",Cu_Ge_S_W,cu_ge_s_w,True,False,Hexagonal,1,"['Cu', 'Ge', 'S', 'W']","['Cu', 'Ge', 'W', 'S']",Cu,copper,,['copper'],copper,Copper,9947.305,($/mt),2025.0,primary_element_proxy,medium,0.8504823151125402,8,high_cost
mp-1225822,Cu5SeCl5O4,cu5secl5o4,"['Cl', 'Cu', 'O', 'Se']","['Cl', 'Cu', 'O', 'Se']",Cl_Cu_O_Se,cl_cu_o_se,True,False,Monoclinic,1,"['Cl', 'Cu', 'O', 'Se']","['Cu', 'Se', 'Cl', 'O']",Cu,copper,,['copper'],copper,Copper,9947.305,($/mt),2025.0,primary_element_proxy,medium,0.8504823151125402,8,high_cost
mp-34126,Cu4SnP10,cu4snp10,"['Cu', 'P', 'Sn']","['Cu', 'P', 'Sn']",Cu_P_Sn,cu_p_sn,True,False,Trigonal,1,"['Cu', 'P', 'Sn']","['Cu', 'Sn', 'P']",Cu,copper,,"['copper', 'phosphate_rock', 'tin']",copper,Copper,9947.305,($/mt),2025.0,primary_element_proxy,medium,0.8504823151125402,8,high_cost
mp-28995,Cu4SiP8,cu4sip8,"['Cu', 'P', 'Si']","['Cu', 'P', 'Si']",Cu_P_Si,cu_p_si,True,False,Tetragonal,1,"['Cu', 'P', 'Si']","['Cu', 'Si', 'P']",Cu,copper,,"['copper', 'phosphate_rock']",copper,Copper,9947.305,($/mt),2025.0,primary_element_proxy,medium,0.8504823151125402,8,high_cost
mp-15252,Cu2GeS3,cu2ges3,"['Cu', 'Ge', 'S']","['Cu', 'Ge', 'S']",Cu_Ge_S,cu_ge_s,True,False,Monoclinic,1,"['Cu', 'Ge', 'S']","['Cu', 'Ge', 'S']",Cu,copper,,['copper'],copper,Copper,9947.305,($/mt),2025.0,primary_element_proxy,medium,0.8504823151125402,8,high_cost
mp-12954,CuBS2,cubs2,"['B', 'Cu', 'S']","['B', 'Cu', 'S']",B_Cu_S,b_cu_s,True,False,Tetragonal,1,"['B', 'Cu', 'S']","['Cu', 'B', 'S']",Cu,copper,,['copper'],copper,Copper,9947.305,($/mt),2025.0,primary_element_proxy,medium,0.8504823151125402,8,high_cost
mp-1196912,CuP4Se3Cl,cup4se3cl,"['Cl', 'Cu', 'P', 'Se']","['Cl', 'Cu', 'P', 'Se']",Cl_Cu_P_Se,cl_cu_p_se,True,False,Monoclinic,1,"['Cl', 'Cu', 'P', 'Se']","['Cu', 'P', 'Se', 'Cl']",Cu,copper,,"['copper', 'phosphate_rock']",copper,Copper,9947.305,($/mt),2025.0,primary_element_proxy,medium,0.8504823151125402,8,high_cost
mp-554724,CuP4S3I,cup4s3i,"['Cu', 'I', 'P', 'S']","['Cu', 'I', 'P', 'S']",Cu_I_P_S,cu_i_p_s,True,False,Orthorhombic,1,"['Cu', 'I', 'P', 'S']","['Cu', 'P', 'S', 'I']",Cu,copper,,"['copper', 'phosphate_rock']",copper,Copper,9947.305,($/mt),2025.0,primary_element_proxy,medium,0.8504823151125402,8,high_cost
mp-1105187,CuPS3,cups3,"['Cu', 'P', 'S']","['Cu', 'P', 'S']",Cu_P_S,cu_p_s,True,False,Tetragonal,1,"['Cu', 'P', 'S']","['Cu', 'P', 'S']",Cu,copper,,"['copper', 'phosphate_rock']",copper,Copper,9947.305,($/mt),2025.0,primary_element_proxy,medium,0.8504823151125402,8,high_cost
mp-22913,CuBr,cubr,"['Br', 'Cu']","['Br', 'Cu']",Br_Cu,br_cu,True,False,Cubic,1,"['Br', 'Cu']","['Cu', 'Br']",Cu,copper,,['copper'],copper,Copper,9947.305,($/mt),2025.0,primary_element_proxy,medium,0.8504823151125402,8,high_cost
mp-1191203,CuNiSbS3,cunisbs3,"['Cu', 'Ni', 'S', 'Sb']","['Cu', 'Ni', 'S', 'Sb']",Cu_Ni_S_Sb,cu_ni_s_sb,True,False,Orthorhombic,1,"['Cu', 'Ni', 'S', 'Sb']","['Cu', 'Ni', 'Sb', 'S']",Cu,copper,,"['copper', 'nickel']",copper,Copper,9947.305,($/mt),2025.0,primary_element_proxy,medium,0.8504823151125402,8,high_cost
mp-1192231,CuIO4,cuio4,"['Cu', 'I', 'O']","['Cu', 'I', 'O']",Cu_I_O,cu_i_o,True,False,Orthorhombic,1,"['Cu', 'I', 'O']","['Cu', 'I', 'O']",Cu,copper,,['copper'],copper,Copper,9947.305,($/mt),2025.0,primary_element_proxy,medium,0.8504823151125402,8,high_cost
mp-606644,CuP10,cup10,"['Cu', 'P']","['Cu', 'P']",Cu_P,cu_p,True,False,Triclinic,1,"['Cu', 'P']","['Cu', 'P']",Cu,copper,,"['copper', 'phosphate_rock']",copper,Copper,9947.305,($/mt),2025.0,primary_element_proxy,medium,0.8504823151125402,8,high_cost
mp-29567,CuSe2Br,cuse2br,"['Br', 'Cu', 'Se']","['Br', 'Cu', 'Se']",Br_Cu_Se,br_cu_se,True,False,Monoclinic,1,"['Br', 'Cu', 'Se']","['Cu', 'Se', 'Br']",Cu,copper,,['copper'],copper,Copper,9947.305,($/mt),2025.0,primary_element_proxy,medium,0.8504823151125402,8,high_cost
mp-1197804,CuP4S3Br,cup4s3br,"['Br', 'Cu', 'P', 'S']","['Br', 'Cu', 'P', 'S']",Br_Cu_P_S,br_cu_p_s,True,False,Orthorhombic,1,"['Br', 'Cu', 'P', 'S']","['Cu', 'P', 'S', 'Br']",Cu,copper,,"['copper', 'phosphate_rock']",copper,Copper,9947.305,($/mt),2025.0,primary_element_proxy,medium,0.8504823151125402,8,high_cost
mp-571015,CuP4Se4I,cup4se4i,"['Cu', 'I', 'P', 'Se']","['Cu', 'I', 'P', 'Se']",Cu_I_P_Se,cu_i_p_se,True,False,Orthorhombic,1,"['Cu', 'I', 'P', 'Se']","['Cu', 'P', 'Se', 'I']",Cu,copper,,"['copper', 'phosphate_rock']",copper,Copper,9947.305,($/mt),2025.0,primary_element_proxy,medium,0.8504823151125402,8,high_cost
mp-1180046,NiS2,nis2,"['Ni', 'S']","['Ni', 'S']",Ni_S,ni_s,True,False,Monoclinic,1,"['Ni', 'S']","['Ni', 'S']",Ni,nickel,,['nickel'],nickel,Nickel,15162.1583333333,($/mt),2025.0,primary_element_proxy,medium,0.9115755627009646,9,high_cost
mp-1219954,NiSb6Ru,nisb6ru,"['Ni', 'Ru', 'Sb']","['Ni', 'Ru', 'Sb']",Ni_Ru_Sb,ni_ru_sb,True,False,Monoclinic,1,"['Ni', 'Ru', 'Sb']","['Ni', 'Sb', 'Ru']",Ni,nickel,,['nickel'],nickel,Nickel,15162.1583333333,($/mt),2025.0,primary_element_proxy,medium,0.9115755627009646,9,high_cost
mp-10955,Sn(HgSe2)2,sn_hgse2_2,"['Hg', 'Se', 'Sn']","['Hg', 'Se', 'Sn']",Hg_Se_Sn,hg_se_sn,True,False,Tetragonal,1,"['Hg', 'Se', 'Sn']","['Sn', 'Hg', 'Se']",Sn,tin,,['tin'],tin,Tin,34058.8358333333,($/mt),2025.0,primary_element_proxy,medium,0.9581993569131833,10,high_cost
mp-978114,Sn5O6,sn5o6,"['O', 'Sn']","['O', 'Sn']",O_Sn,o_sn,True,False,Monoclinic,1,"['O', 'Sn']","['Sn', 'O']",Sn,tin,,['tin'],tin,Tin,34058.8358333333,($/mt),2025.0,primary_element_proxy,medium,0.9581993569131833,10,high_cost
mp-27194,SnI2,sni2,"['I', 'Sn']","['I', 'Sn']",I_Sn,i_sn,True,False,Monoclinic,1,"['I', 'Sn']","['Sn', 'I']",Sn,tin,,['tin'],tin,Tin,34058.8358333333,($/mt),2025.0,primary_element_proxy,medium,0.9581993569131833,10,high_cost
mp-5045,SnGeS3,snges3,"['Ge', 'S', 'Sn']","['Ge', 'S', 'Sn']",Ge_S_Sn,ge_s_sn,True,False,Monoclinic,1,"['Ge', 'S', 'Sn']","['Sn', 'Ge', 'S']",Sn,tin,,['tin'],tin,Tin,34058.8358333333,($/mt),2025.0,primary_element_proxy,medium,0.9581993569131833,10,high_cost
mp-23182,SnI4,sni4,"['I', 'Sn']","['I', 'Sn']",I_Sn,i_sn,True,False,Cubic,1,"['I', 'Sn']","['Sn', 'I']",Sn,tin,,['tin'],tin,Tin,34058.8358333333,($/mt),2025.0,primary_element_proxy,medium,0.9581993569131833,10,high_cost
mp-571146,SnICl,snicl,"['Cl', 'I', 'Sn']","['Cl', 'I', 'Sn']",Cl_I_Sn,cl_i_sn,True,False,Orthorhombic,1,"['Cl', 'I', 'Sn']","['Sn', 'I', 'Cl']",Sn,tin,,['tin'],tin,Tin,34058.8358333333,($/mt),2025.0,primary_element_proxy,medium,0.9581993569131833,10,high_cost
mp-560891,SnP2Cl8O3,snp2cl8o3,"['Cl', 'O', 'P', 'Sn']","['Cl', 'O', 'P', 'Sn']",Cl_O_P_Sn,cl_o_p_sn,True,False,Triclinic,1,"['Cl', 'O', 'P', 'Sn']","['Sn', 'P', 'Cl', 'O']",Sn,tin,,"['tin', 'phosphate_rock']",tin,Tin,34058.8358333333,($/mt),2025.0,primary_element_proxy,medium,0.9581993569131833,10,high_cost
mp-28293,SnPCl9,snpcl9,"['Cl', 'P', 'Sn']","['Cl', 'P', 'Sn']",Cl_P_Sn,cl_p_sn,True,False,Triclinic,1,"['Cl', 'P', 'Sn']","['Sn', 'P', 'Cl']",Sn,tin,,"['tin', 'phosphate_rock']",tin,Tin,34058.8358333333,($/mt),2025.0,primary_element_proxy,medium,0.9581993569131833,10,high_cost
mp-13923,SnPS3,snps3,"['P', 'S', 'Sn']","['P', 'S', 'Sn']",P_S_Sn,p_s_sn,True,False,Monoclinic,1,"['P', 'S', 'Sn']","['Sn', 'P', 'S']",Sn,tin,,"['tin', 'phosphate_rock']",tin,Tin,34058.8358333333,($/mt),2025.0,primary_element_proxy,medium,0.9581993569131833,10,high_cost
mp-2231,SnS,sns,"['S', 'Sn']","['S', 'Sn']",S_Sn,s_sn,True,False,Orthorhombic,1,"['S', 'Sn']","['Sn', 'S']",Sn,tin,,['tin'],tin,Tin,34058.8358333333,($/mt),2025.0,primary_element_proxy,medium,0.9581993569131833,10,high_cost
mp-1170,SnS2,sns2,"['S', 'Sn']","['S', 'Sn']",S_Sn,s_sn,True,False,Trigonal,1,"['S', 'Sn']","['Sn', 'S']",Sn,tin,,['tin'],tin,Tin,34058.8358333333,($/mt),2025.0,primary_element_proxy,medium,0.9581993569131833,10,high_cost
mp-691,SnSe,snse,"['Se', 'Sn']","['Se', 'Sn']",Se_Sn,se_sn,True,False,Orthorhombic,1,"['Se', 'Sn']","['Sn', 'Se']",Sn,tin,,['tin'],tin,Tin,34058.8358333333,($/mt),2025.0,primary_element_proxy,medium,0.9581993569131833,10,high_cost
mp-665,SnSe2,snse2,"['Se', 'Sn']","['Se', 'Sn']",Se_Sn,se_sn,True,False,Trigonal,1,"['Se', 'Sn']","['Sn', 'Se']",Sn,tin,,['tin'],tin,Tin,34058.8358333333,($/mt),2025.0,primary_element_proxy,medium,0.9581993569131833,10,high_cost
mp-560193,SnSe2(Cl4O)2,snse2_cl4o_2,"['Cl', 'O', 'Se', 'Sn']","['Cl', 'O', 'Se', 'Sn']",Cl_O_Se_Sn,cl_o_se_sn,True,False,Monoclinic,1,"['Cl', 'O', 'Se', 'Sn']","['Sn', 'Se', 'Cl', 'O']",Sn,tin,,['tin'],tin,Tin,34058.8358333333,($/mt),2025.0,primary_element_proxy,medium,0.9581993569131833,10,high_cost
mp-1509,Sn2S3,sn2s3,"['S', 'Sn']","['S', 'Sn']",S_Sn,s_sn,True,False,Orthorhombic,1,"['S', 'Sn']","['Sn', 'S']",Sn,tin,,['tin'],tin,Tin,34058.8358333333,($/mt),2025.0,primary_element_proxy,medium,0.9581993569131833,10,high_cost
mp-1198561,Sn15Ru3O14,sn15ru3o14,"['O', 'Ru', 'Sn']","['O', 'Ru', 'Sn']",O_Ru_Sn,o_ru_sn,True,False,Monoclinic,1,"['O', 'Ru', 'Sn']","['Sn', 'Ru', 'O']",Sn,tin,,['tin'],tin,Tin,34058.8358333333,($/mt),2025.0,primary_element_proxy,medium,0.9581993569131833,10,high_cost
mp-28456,Sn15Os3O14,sn15os3o14,"['O', 'Os', 'Sn']","['O', 'Os', 'Sn']",O_Os_Sn,o_os_sn,True,False,Monoclinic,1,"['O', 'Os', 'Sn']","['Sn', 'Os', 'O']",Sn,tin,,['tin'],tin,Tin,34058.8358333333,($/mt),2025.0,primary_element_proxy,medium,0.9581993569131833,10,high_cost
mp-27947,Sn(SbTe2)2,sn_sbte2_2,"['Sb', 'Sn', 'Te']","['Sb', 'Sn', 'Te']",Sb_Sn_Te,sb_sn_te,True,False,Trigonal,1,"['Sb', 'Sn', 'Te']","['Sn', 'Sb', 'Te']",Sn,tin,,['tin'],tin,Tin,34058.8358333333,($/mt),2025.0,primary_element_proxy,medium,0.9581993569131833,10,high_cost
mp-557101,Sn(S4I)4,sn_s4i_4,"['I', 'S', 'Sn']","['I', 'S', 'Sn']",I_S_Sn,i_s_sn,True,False,Orthorhombic,1,"['I', 'S', 'Sn']","['Sn', 'S', 'I']",Sn,tin,,['tin'],tin,Tin,34058.8358333333,($/mt),2025.0,primary_element_proxy,medium,0.9581993569131833,10,high_cost
mp-36381,Sn(PS3)2,sn_ps3_2,"['P', 'S', 'Sn']","['P', 'S', 'Sn']",P_S_Sn,p_s_sn,True,False,Trigonal,1,"['P', 'S', 'Sn']","['Sn', 'P', 'S']",Sn,tin,,"['tin', 'phosphate_rock']",tin,Tin,34058.8358333333,($/mt),2025.0,primary_element_proxy,medium,0.9581993569131833,10,high_cost
mp-29862,SnBr2,snbr2,"['Br', 'Sn']","['Br', 'Sn']",Br_Sn,br_sn,True,False,Orthorhombic,1,"['Br', 'Sn']","['Sn', 'Br']",Sn,tin,,['tin'],tin,Tin,34058.8358333333,($/mt),2025.0,primary_element_proxy,medium,0.9581993569131833,10,high_cost
mp-23216,SnBr4,snbr4,"['Br', 'Sn']","['Br', 'Sn']",Br_Sn,br_sn,True,False,Monoclinic,1,"['Br', 'Sn']","['Sn', 'Br']",Sn,tin,,['tin'],tin,Tin,34058.8358333333,($/mt),2025.0,primary_element_proxy,medium,0.9581993569131833,10,high_cost
mp-29179,SnCl2,sncl2,"['Cl', 'Sn']","['Cl', 'Sn']",Cl_Sn,cl_sn,True,False,Monoclinic,1,"['Cl', 'Sn']","['Sn', 'Cl']",Sn,tin,,['tin'],tin,Tin,34058.8358333333,($/mt),2025.0,primary_element_proxy,medium,0.9581993569131833,10,high_cost
mp-29866,SnCl4,sncl4,"['Cl', 'Sn']","['Cl', 'Sn']",Cl_Sn,cl_sn,True,False,Monoclinic,1,"['Cl', 'Sn']","['Sn', 'Cl']",Sn,tin,,['tin'],tin,Tin,34058.8358333333,($/mt),2025.0,primary_element_proxy,medium,0.9581993569131833,10,high_cost
mp-27373,SnClF,snclf,"['Cl', 'F', 'Sn']","['Cl', 'F', 'Sn']",Cl_F_Sn,cl_f_sn,True,False,Orthorhombic,1,"['Cl', 'F', 'Sn']","['Sn', 'Cl', 'F']",Sn,tin,,['tin'],tin,Tin,34058.8358333333,($/mt),2025.0,primary_element_proxy,medium,0.9581993569131833,10,high_cost
mp-1218953,SnGe4Te4Se,snge4te4se,"['Ge', 'Se', 'Sn', 'Te']","['Ge', 'Se', 'Sn', 'Te']",Ge_Se_Sn_Te,ge_se_sn_te,True,False,Trigonal,1,"['Ge', 'Se', 'Sn', 'Te']","['Sn', 'Ge', 'Te', 'Se']",Sn,tin,,['tin'],tin,Tin,34058.8358333333,($/mt),2025.0,primary_element_proxy,medium,0.9581993569131833,10,high_cost
mp-1203382,Sn2W3Cl14,sn2w3cl14,"['Cl', 'Sn', 'W']","['Cl', 'Sn', 'W']",Cl_Sn_W,cl_sn_w,True,False,Hexagonal,1,"['Cl', 'Sn', 'W']","['Sn', 'W', 'Cl']",Sn,tin,,['tin'],tin,Tin,34058.8358333333,($/mt),2025.0,primary_element_proxy,medium,0.9581993569131833,10,high_cost
mp-554873,Ag2B8O13,ag2b8o13,"['Ag', 'B', 'O']","['Ag', 'B', 'O']",Ag_B_O,ag_b_o,True,False,Monoclinic,2,"['Ag', 'B', 'O']","['Ag', 'B', 'O']",Ag,silver,,['silver'],silver,Silver,39.80466666667,($/troy oz),2025.0,primary_element_proxy,medium,0.04744525547445255,1,low_cost
mp-690687,Ag2H2IOF,ag2h2iof,"['Ag', 'F', 'H', 'I', 'O']","['Ag', 'F', 'H', 'I', 'O']",Ag_F_H_I_O,ag_f_h_i_o,True,False,Monoclinic,2,"['Ag', 'F', 'H', 'I', 'O']","['Ag', 'H', 'I', 'O', 'F']",Ag,silver,,['silver'],silver,Silver,39.80466666667,($/troy oz),2025.0,primary_element_proxy,medium,0.04744525547445255,1,low_cost
mp-553949,Ag2Hg2(TeO4)3,ag2hg2_teo4_3,"['Ag', 'Hg', 'O', 'Te']","['Ag', 'Hg', 'O', 'Te']",Ag_Hg_O_Te,ag_hg_o_te,True,False,Monoclinic,2,"['Ag', 'Hg', 'O', 'Te']","['Ag', 'Hg', 'Te', 'O']",Ag,silver,,['silver'],silver,Silver,39.80466666667,($/troy oz),2025.0,primary_element_proxy,medium,0.04744525547445255,1,low_cost
mp-27966,Ag2Mo2O7,ag2mo2o7,"['Ag', 'Mo', 'O']","['Ag', 'Mo', 'O']",Ag_Mo_O,ag_mo_o,True,False,Triclinic,2,"['Ag', 'Mo', 'O']","['Ag', 'Mo', 'O']",Ag,silver,,['silver'],silver,Silver,39.80466666667,($/troy oz),2025.0,primary_element_proxy,medium,0.04744525547445255,1,low_cost
mp-1190325,Ag2P2PdO7,ag2p2pdo7,"['Ag', 'O', 'P', 'Pd']","['Ag', 'O', 'P', 'Pd']",Ag_O_P_Pd,ag_o_p_pd,True,False,Monoclinic,2,"['Ag', 'O', 'P', 'Pd']","['Ag', 'P', 'Pd', 'O']",Ag,silver,,"['silver', 'phosphate_rock']",silver,Silver,39.80466666667,($/troy oz),2025.0,primary_element_proxy,medium,0.04744525547445255,1,low_cost
mp-707138,Ag2PHO4,ag2pho4,"['Ag', 'H', 'O', 'P']","['Ag', 'H', 'O', 'P']",Ag_H_O_P,ag_h_o_p,True,False,Trigonal,2,"['Ag', 'H', 'O', 'P']","['Ag', 'P', 'H', 'O']",Ag,silver,,"['silver', 'phosphate_rock']",silver,Silver,39.80466666667,($/troy oz),2025.0,primary_element_proxy,medium,0.04744525547445255,1,low_cost
mp-1192057,Ag2S2O7,ag2s2o7,"['Ag', 'O', 'S']","['Ag', 'O', 'S']",Ag_O_S,ag_o_s,True,False,Triclinic,2,"['Ag', 'O', 'S']","['Ag', 'S', 'O']",Ag,silver,,['silver'],silver,Silver,39.80466666667,($/troy oz),2025.0,primary_element_proxy,medium,0.04744525547445255,1,low_cost
mp-5625,Ag2SO4,ag2so4,"['Ag', 'O', 'S']","['Ag', 'O', 'S']",Ag_O_S,ag_o_s,True,False,Orthorhombic,2,"['Ag', 'O', 'S']","['Ag', 'S', 'O']",Ag,silver,,['silver'],silver,Silver,39.80466666667,($/troy oz),2025.0,primary_element_proxy,medium,0.04744525547445255,1,low_cost
mp-2749579,Ag3AsF12,ag3asf12,"['Ag', 'As', 'F']","['Ag', 'As', 'F']",Ag_As_F,ag_as_f,True,False,Triclinic,2,"['Ag', 'As', 'F']","['Ag', 'As', 'F']",Ag,silver,,['silver'],silver,Silver,39.80466666667,($/troy oz),2025.0,primary_element_proxy,medium,0.04744525547445255,1,low_cost
mp-1195261,Ag3Sb4F24,ag3sb4f24,"['Ag', 'F', 'Sb']","['Ag', 'F', 'Sb']",Ag_F_Sb,ag_f_sb,True,False,Cubic,2,"['Ag', 'F', 'Sb']","['Ag', 'Sb', 'F']",Ag,silver,,['silver'],silver,Silver,39.80466666667,($/troy oz),2025.0,primary_element_proxy,medium,0.04744525547445255,1,low_cost
mp-553924,Ag4PIO4,ag4pio4,"['Ag', 'I', 'O', 'P']","['Ag', 'I', 'O', 'P']",Ag_I_O_P,ag_i_o_p,True,False,Monoclinic,2,"['Ag', 'I', 'O', 'P']","['Ag', 'P', 'I', 'O']",Ag,silver,,"['silver', 'phosphate_rock']",silver,Silver,39.80466666667,($/troy oz),2025.0,primary_element_proxy,medium,0.04744525547445255,1,low_cost
mp-34418,AgPF6,agpf6,"['Ag', 'F', 'P']","['Ag', 'F', 'P']",Ag_F_P,ag_f_p,True,False,Cubic,2,"['Ag', 'F', 'P']","['Ag', 'P', 'F']",Ag,silver,,"['silver', 'phosphate_rock']",silver,Silver,39.80466666667,($/troy oz),2025.0,primary_element_proxy,medium,0.04744525547445255,1,low_cost
mp-18702,AgPO3,agpo3,"['Ag', 'O', 'P']","['Ag', 'O', 'P']",Ag_O_P,ag_o_p,True,False,Monoclinic,2,"['Ag', 'O', 'P']","['Ag', 'P', 'O']",Ag,silver,,"['silver', 'phosphate_rock']",silver,Silver,39.80466666667,($/troy oz),2025.0,primary_element_proxy,medium,0.04744525547445255,1,low_cost
mp-1214944,AgRh(SO4)2,agrh_so4_2,"['Ag', 'O', 'Rh', 'S']","['Ag', 'O', 'Rh', 'S']",Ag_O_Rh_S,ag_o_rh_s,True,False,Monoclinic,2,"['Ag', 'O', 'Rh', 'S']","['Ag', 'Rh', 'S', 'O']",Ag,silver,,['silver'],silver,Silver,39.80466666667,($/troy oz),2025.0,primary_element_proxy,medium,0.04744525547445255,1,low_cost
mp-1202574,AgS2(O3F)2,ags2_o3f_2,"['Ag', 'F', 'O', 'S']","['Ag', 'F', 'O', 'S']",Ag_F_O_S,ag_f_o_s,True,False,Monoclinic,2,"['Ag', 'F', 'O', 'S']","['Ag', 'S', 'O', 'F']",Ag,silver,,['silver'],silver,Silver,39.80466666667,($/troy oz),2025.0,primary_element_proxy,medium,0.04744525547445255,1,low_cost
mp-1229086,AgSO3F,agso3f,"['Ag', 'F', 'O', 'S']","['Ag', 'F', 'O', 'S']",Ag_F_O_S,ag_f_o_s,True,False,Monoclinic,2,"['Ag', 'F', 'O', 'S']","['Ag', 'S', 'O', 'F']",Ag,silver,,['silver'],silver,Silver,39.80466666667,($/troy oz),2025.0,primary_element_proxy,medium,0.04744525547445255,1,low_cost
mp-14653,AgSb2F12,agsb2f12,"['Ag', 'F', 'Sb']","['Ag', 'F', 'Sb']",Ag_F_Sb,ag_f_sb,True,False,Triclinic,2,"['Ag', 'F', 'Sb']","['Ag', 'Sb', 'F']",Ag,silver,,['silver'],silver,Silver,39.80466666667,($/troy oz),2025.0,primary_element_proxy,medium,0.04744525547445255,1,low_cost
mp-1199846,AgSb3IF24,agsb3if24,"['Ag', 'F', 'I', 'Sb']","['Ag', 'F', 'I', 'Sb']",Ag_F_I_Sb,ag_f_i_sb,True,False,Monoclinic,2,"['Ag', 'F', 'I', 'Sb']","['Ag', 'Sb', 'I', 'F']",Ag,silver,,['silver'],silver,Silver,39.80466666667,($/troy oz),2025.0,primary_element_proxy,medium,0.04744525547445255,1,low_cost
mp-3414,AgSbF6,agsbf6,"['Ag', 'F', 'Sb']","['Ag', 'F', 'Sb']",Ag_F_Sb,ag_f_sb,True,False,Cubic,2,"['Ag', 'F', 'Sb']","['Ag', 'Sb', 'F']",Ag,silver,,['silver'],silver,Silver,39.80466666667,($/troy oz),2025.0,primary_element_proxy,medium,0.04744525547445255,1,low_cost
mp-1199019,AgSbS(OF3)2,agsbs_of3_2,"['Ag', 'F', 'O', 'S', 'Sb']","['Ag', 'F', 'O', 'S', 'Sb']",Ag_F_O_S_Sb,ag_f_o_s_sb,True,False,Monoclinic,2,"['Ag', 'F', 'O', 'S', 'Sb']","['Ag', 'Sb', 'S', 'O', 'F']",Ag,silver,,['silver'],silver,Silver,39.80466666667,($/troy oz),2025.0,primary_element_proxy,medium,0.04744525547445255,1,low_cost
mp-10809,AgSnF6,agsnf6,"['Ag', 'F', 'Sn']","['Ag', 'F', 'Sn']",Ag_F_Sn,ag_f_sn,True,False,Triclinic,2,"['Ag', 'F', 'Sn']","['Ag', 'Sn', 'F']",Ag,silver,,"['silver', 'tin']",silver,Silver,39.80466666667,($/troy oz),2025.0,primary_element_proxy,medium,0.04744525547445255,1,low_cost
mp-559257,AgTeO3,agteo3,"['Ag', 'O', 'Te']","['Ag', 'O', 'Te']",Ag_O_Te,ag_o_te,True,False,Monoclinic,2,"['Ag', 'O', 'Te']","['Ag', 'Te', 'O']",Ag,silver,,['silver'],silver,Silver,39.80466666667,($/troy oz),2025.0,primary_element_proxy,medium,0.04744525547445255,1,low_cost
mp-1191037,AgAs(SeF2)3,agas_sef2_3,"['Ag', 'As', 'F', 'Se']","['Ag', 'As', 'F', 'Se']",Ag_As_F_Se,ag_as_f_se,True,False,Monoclinic,2,"['Ag', 'As', 'F', 'Se']","['Ag', 'As', 'Se', 'F']",Ag,silver,,['silver'],silver,Silver,39.80466666667,($/troy oz),2025.0,primary_element_proxy,medium,0.04744525547445255,1,low_cost
mp-985701,AgAs3H2O9,agas3h2o9,"['Ag', 'As', 'H', 'O']","['Ag', 'As', 'H', 'O']",Ag_As_H_O,ag_as_h_o,True,False,Triclinic,2,"['Ag', 'As', 'H', 'O']","['Ag', 'As', 'H', 'O']",Ag,silver,,['silver'],silver,Silver,39.80466666667,($/troy oz),2025.0,primary_element_proxy,medium,0.04744525547445255,1,low_cost
mp-553919,Ag6Mo2ClO7F3,ag6mo2clo7f3,"['Ag', 'Cl', 'F', 'Mo', 'O']","['Ag', 'Cl', 'F', 'Mo', 'O']",Ag_Cl_F_Mo_O,ag_cl_f_mo_o,True,False,Trigonal,2,"['Ag', 'Cl', 'F', 'Mo', 'O']","['Ag', 'Mo', 'Cl', 'O', 'F']",Ag,silver,,['silver'],silver,Silver,39.80466666667,($/troy oz),2025.0,primary_element_proxy,medium,0.04744525547445255,1,low_cost
mp-1191916,Ag5PSeO4,ag5pseo4,"['Ag', 'O', 'P', 'Se']","['Ag', 'O', 'P', 'Se']",Ag_O_P_Se,ag_o_p_se,True,False,Tetragonal,2,"['Ag', 'O', 'P', 'Se']","['Ag', 'P', 'Se', 'O']",Ag,silver,,"['silver', 'phosphate_rock']",silver,Silver,39.80466666667,($/troy oz),2025.0,primary_element_proxy,medium,0.04744525547445255,1,low_cost
mp-37153,AgAsF6,agasf6,"['Ag', 'As', 'F']","['Ag', 'As', 'F']",Ag_As_F,ag_as_f,True,False,Cubic,2,"['Ag', 'As', 'F']","['Ag', 'As', 'F']",Ag,silver,,['silver'],silver,Silver,39.80466666667,($/troy oz),2025.0,primary_element_proxy,medium,0.04744525547445255,1,low_cost
mp-1229194,AgAu(IO3)4,agau_io3_4,"['Ag', 'Au', 'I', 'O']","['Ag', 'Au', 'I', 'O']",Ag_Au_I_O,ag_au_i_o,True,False,Monoclinic,2,"['Ag', 'Au', 'I', 'O']","['Ag', 'Au', 'I', 'O']",Ag,silver,,"['silver', 'gold']",silver,Silver,39.80466666667,($/troy oz),2025.0,primary_element_proxy,medium,0.04744525547445255,1,low_cost
mp-12021,AgBF4,agbf4,"['Ag', 'B', 'F']","['Ag', 'B', 'F']",Ag_B_F,ag_b_f,True,False,Orthorhombic,2,"['Ag', 'B', 'F']","['Ag', 'B', 'F']",Ag,silver,,['silver'],silver,Silver,39.80466666667,($/troy oz),2025.0,primary_element_proxy,medium,0.04744525547445255,1,low_cost
mp-24058,AgBH2OF4,agbh2of4,"['Ag', 'B', 'F', 'H', 'O']","['Ag', 'B', 'F', 'H', 'O']",Ag_B_F_H_O,ag_b_f_h_o,True,False,Orthorhombic,2,"['Ag', 'B', 'F', 'H', 'O']","['Ag', 'B', 'H', 'O', 'F']",Ag,silver,,['silver'],silver,Silver,39.80466666667,($/troy oz),2025.0,primary_element_proxy,medium,0.04744525547445255,1,low_cost
mp-1200633,AgH12C4Se5N,agh12c4se5n,"['Ag', 'C', 'H', 'N', 'Se']","['Ag', 'C', 'H', 'N', 'Se']",Ag_C_H_N_Se,ag_c_h_n_se,True,False,Monoclinic,2,"['Ag', 'C', 'H', 'N', 'Se']","['Ag', 'H', 'C', 'Se', 'N']",Ag,silver,,['silver'],silver,Silver,39.80466666667,($/troy oz),2025.0,primary_element_proxy,medium,0.04744525547445255,1,low_cost
mp-28965,AgBi2F12,agbi2f12,"['Ag', 'Bi', 'F']","['Ag', 'Bi', 'F']",Ag_Bi_F,ag_bi_f,True,False,Triclinic,2,"['Ag', 'Bi', 'F']","['Ag', 'Bi', 'F']",Ag,silver,,['silver'],silver,Silver,39.80466666667,($/troy oz),2025.0,primary_element_proxy,medium,0.04744525547445255,1,low_cost
mp-24072,AgH5S2O9,agh5s2o9,"['Ag', 'H', 'O', 'S']","['Ag', 'H', 'O', 'S']",Ag_H_O_S,ag_h_o_s,True,False,Monoclinic,2,"['Ag', 'H', 'O', 'S']","['Ag', 'H', 'S', 'O']",Ag,silver,,['silver'],silver,Silver,39.80466666667,($/troy oz),2025.0,primary_element_proxy,medium,0.04744525547445255,1,low_cost
mp-558188,AgHg2AsO4,aghg2aso4,"['Ag', 'As', 'Hg', 'O']","['Ag', 'As', 'Hg', 'O']",Ag_As_Hg_O,ag_as_hg_o,True,False,Orthorhombic,2,"['Ag', 'As', 'Hg', 'O']","['Ag', 'Hg', 'As', 'O']",Ag,silver,,['silver'],silver,Silver,39.80466666667,($/troy oz),2025.0,primary_element_proxy,medium,0.04744525547445255,1,low_cost
mp-556798,AgHg2PO4,aghg2po4,"['Ag', 'Hg', 'O', 'P']","['Ag', 'Hg', 'O', 'P']",Ag_Hg_O_P,ag_hg_o_p,True,False,Orthorhombic,2,"['Ag', 'Hg', 'O', 'P']","['Ag', 'Hg', 'P', 'O']",Ag,silver,,"['silver', 'phosphate_rock']",silver,Silver,39.80466666667,($/troy oz),2025.0,primary_element_proxy,medium,0.04744525547445255,1,low_cost
mp-14029,AgMoPO6,agmopo6,"['Ag', 'Mo', 'O', 'P']","['Ag', 'Mo', 'O', 'P']",Ag_Mo_O_P,ag_mo_o_p,True,False,Monoclinic,2,"['Ag', 'Mo', 'O', 'P']","['Ag', 'Mo', 'P', 'O']",Ag,silver,,"['silver', 'phosphate_rock']",silver,Silver,39.80466666667,($/troy oz),2025.0,primary_element_proxy,medium,0.04744525547445255,1,low_cost
mp-552185,AgNO3,agno3,"['Ag', 'N', 'O']","['Ag', 'N', 'O']",Ag_N_O,ag_n_o,True,False,Trigonal,2,"['Ag', 'N', 'O']","['Ag', 'N', 'O']",Ag,silver,,['silver'],silver,Silver,39.80466666667,($/troy oz),2025.0,primary_element_proxy,medium,0.04744525547445255,1,low_cost
mp-1194585,AgP(OF)2,agp_of_2,"['Ag', 'F', 'O', 'P']","['Ag', 'F', 'O', 'P']",Ag_F_O_P,ag_f_o_p,True,False,Monoclinic,2,"['Ag', 'F', 'O', 'P']","['Ag', 'P', 'O', 'F']",Ag,silver,,"['silver', 'phosphate_rock']",silver,Silver,39.80466666667,($/troy oz),2025.0,primary_element_proxy,medium,0.04744525547445255,1,low_cost
mp-642795,PHSF2,phsf2,"['F', 'H', 'P', 'S']","['F', 'H', 'P', 'S']",F_H_P_S,f_h_p_s,True,False,Monoclinic,2,"['F', 'H', 'P', 'S']","['P', 'H', 'S', 'F']",P,phosphate,,['phosphate_rock'],phosphate_rock,Phosphate rock,152.5,($/mt),2025.0,primary_element_proxy,medium,0.15693430656934307,2,low_cost
mp-1220034,PHPbO4,phpbo4,"['H', 'O', 'P', 'Pb']","['H', 'O', 'P', 'Pb']",H_O_P_Pb,h_o_p_pb,True,False,Monoclinic,2,"['H', 'O', 'P', 'Pb']","['P', 'H', 'Pb', 'O']",P,phosphate,,"['phosphate_rock', 'lead']",phosphate_rock,Phosphate rock,152.5,($/mt),2025.0,primary_element_proxy,medium,0.15693430656934307,2,low_cost
mp-29514,PHF4,phf4,"['F', 'H', 'P']","['F', 'H', 'P']",F_H_P,f_h_p,True,False,Monoclinic,2,"['F', 'H', 'P']","['P', 'H', 'F']",P,phosphate,,['phosphate_rock'],phosphate_rock,Phosphate rock,152.5,($/mt),2025.0,primary_element_proxy,medium,0.15693430656934307,2,low_cost
mp-697139,PHN2,phn2,"['H', 'N', 'P']","['H', 'N', 'P']",H_N_P,h_n_p,True,False,Orthorhombic,2,"['H', 'N', 'P']","['P', 'H', 'N']",P,phosphate,,['phosphate_rock'],phosphate_rock,Phosphate rock,152.5,($/mt),2025.0,primary_element_proxy,medium,0.15693430656934307,2,low_cost
mp-14935,P3RhO9,p3rho9,"['O', 'P', 'Rh']","['O', 'P', 'Rh']",O_P_Rh,o_p_rh,True,False,Monoclinic,2,"['O', 'P', 'Rh']","['P', 'Rh', 'O']",P,phosphate,,['phosphate_rock'],phosphate_rock,Phosphate rock,152.5,($/mt),2025.0,primary_element_proxy,medium,0.15693430656934307,2,low_cost
mp-21554,P3Pb5O12F,p3pb5o12f,"['F', 'O', 'P', 'Pb']","['F', 'O', 'P', 'Pb']",F_O_P_Pb,f_o_p_pb,True,False,Hexagonal,2,"['F', 'O', 'P', 'Pb']","['P', 'Pb', 'O', 'F']",P,phosphate,,"['phosphate_rock', 'lead']",phosphate_rock,Phosphate rock,152.5,($/mt),2025.0,primary_element_proxy,medium,0.15693430656934307,2,low_cost
mp-504748,P3Pb5ClO12,p3pb5clo12,"['Cl', 'O', 'P', 'Pb']","['Cl', 'O', 'P', 'Pb']",Cl_O_P_Pb,cl_o_p_pb,True,False,Hexagonal,2,"['Cl', 'O', 'P', 'Pb']","['P', 'Pb', 'Cl', 'O']",P,phosphate,,"['phosphate_rock', 'lead']",phosphate_rock,Phosphate rock,152.5,($/mt),2025.0,primary_element_proxy,medium,0.15693430656934307,2,low_cost
mp-8511,PF5,pf5,"['F', 'P']","['F', 'P']",F_P,f_p,True,False,Hexagonal,2,"['F', 'P']","['P', 'F']",P,phosphate,,['phosphate_rock'],phosphate_rock,Phosphate rock,152.5,($/mt),2025.0,primary_element_proxy,medium,0.15693430656934307,2,low_cost
mp-558681,PClOF2,pclof2,"['Cl', 'F', 'O', 'P']","['Cl', 'F', 'O', 'P']",Cl_F_O_P,cl_f_o_p,True,False,Orthorhombic,2,"['Cl', 'F', 'O', 'P']","['P', 'Cl', 'O', 'F']",P,phosphate,,['phosphate_rock'],phosphate_rock,Phosphate rock,152.5,($/mt),2025.0,primary_element_proxy,medium,0.15693430656934307,2,low_cost
mp-1095283,PAuO4,pauo4,"['Au', 'O', 'P']","['Au', 'O', 'P']",Au_O_P,au_o_p,True,False,Monoclinic,2,"['Au', 'O', 'P']","['P', 'Au', 'O']",P,phosphate,,"['phosphate_rock', 'gold']",phosphate_rock,Phosphate rock,152.5,($/mt),2025.0,primary_element_proxy,medium,0.15693430656934307,2,low_cost
mp-1204896,PH6C(NF2)3,ph6c_nf2_3,"['C', 'F', 'H', 'N', 'P']","['C', 'F', 'H', 'N', 'P']",C_F_H_N_P,c_f_h_n_p,True,False,Trigonal,2,"['C', 'F', 'H', 'N', 'P']","['P', 'H', 'C', 'N', 'F']",P,phosphate,,['phosphate_rock'],phosphate_rock,Phosphate rock,152.5,($/mt),2025.0,primary_element_proxy,medium,0.15693430656934307,2,low_cost
mp-1220029,PH6NO4,ph6no4,"['H', 'N', 'O', 'P']","['H', 'N', 'O', 'P']",H_N_O_P,h_n_o_p,True,False,Orthorhombic,2,"['H', 'N', 'O', 'P']","['P', 'H', 'N', 'O']",P,phosphate,,['phosphate_rock'],phosphate_rock,Phosphate rock,152.5,($/mt),2025.0,primary_element_proxy,medium,0.15693430656934307,2,low_cost
mp-698060,PHOF2,phof2,"['F', 'H', 'O', 'P']","['F', 'H', 'O', 'P']",F_H_O_P,f_h_o_p,True,False,Orthorhombic,2,"['F', 'H', 'O', 'P']","['P', 'H', 'O', 'F']",P,phosphate,,['phosphate_rock'],phosphate_rock,Phosphate rock,152.5,($/mt),2025.0,primary_element_proxy,medium,0.15693430656934307,2,low_cost
mp-697683,PH8N3O2,ph8n3o2,"['H', 'N', 'O', 'P']","['H', 'N', 'O', 'P']",H_N_O_P,h_n_o_p,True,False,Monoclinic,2,"['H', 'N', 'O', 'P']","['P', 'H', 'N', 'O']",P,phosphate,,['phosphate_rock'],phosphate_rock,Phosphate rock,152.5,($/mt),2025.0,primary_element_proxy,medium,0.15693430656934307,2,low_cost
mp-24157,PH8N2O3F,ph8n2o3f,"['F', 'H', 'N', 'O', 'P']","['F', 'H', 'N', 'O', 'P']",F_H_N_O_P,f_h_n_o_p,True,False,Orthorhombic,2,"['F', 'H', 'N', 'O', 'P']","['P', 'H', 'N', 'O', 'F']",P,phosphate,,['phosphate_rock'],phosphate_rock,Phosphate rock,152.5,($/mt),2025.0,primary_element_proxy,medium,0.15693430656934307,2,low_cost
mp-759962,PH5NO3F,ph5no3f,"['F', 'H', 'N', 'O', 'P']","['F', 'H', 'N', 'O', 'P']",F_H_N_O_P,f_h_n_o_p,True,False,Monoclinic,2,"['F', 'H', 'N', 'O', 'P']","['P', 'H', 'N', 'O', 'F']",P,phosphate,,['phosphate_rock'],phosphate_rock,Phosphate rock,152.5,($/mt),2025.0,primary_element_proxy,medium,0.15693430656934307,2,low_cost
mp-29366,PWO5,pwo5,"['O', 'P', 'W']","['O', 'P', 'W']",O_P_W,o_p_w,True,False,Orthorhombic,2,"['O', 'P', 'W']","['P', 'W', 'O']",P,phosphate,,['phosphate_rock'],phosphate_rock,Phosphate rock,152.5,($/mt),2025.0,primary_element_proxy,medium,0.15693430656934307,2,low_cost
mp-555863,P4PtF12,p4ptf12,"['F', 'P', 'Pt']","['F', 'P', 'Pt']",F_P_Pt,f_p_pt,True,False,Cubic,2,"['F', 'P', 'Pt']","['P', 'Pt', 'F']",P,phosphate,,"['phosphate_rock', 'platinum']",phosphate_rock,Phosphate rock,152.5,($/mt),2025.0,primary_element_proxy,medium,0.15693430656934307,2,low_cost
mp-722832,PH3NF5,ph3nf5,"['F', 'H', 'N', 'P']","['F', 'H', 'N', 'P']",F_H_N_P,f_h_n_p,True,False,Monoclinic,2,"['F', 'H', 'N', 'P']","['P', 'H', 'N', 'F']",P,phosphate,,['phosphate_rock'],phosphate_rock,Phosphate rock,152.5,($/mt),2025.0,primary_element_proxy,medium,0.15693430656934307,2,low_cost
mp-2213127,PH3O4,ph3o4,"['H', 'O', 'P']","['H', 'O', 'P']",H_O_P,h_o_p,True,False,Monoclinic,2,"['H', 'O', 'P']","['P', 'H', 'O']",P,phosphate,,['phosphate_rock'],phosphate_rock,Phosphate rock,152.5,($/mt),2025.0,primary_element_proxy,medium,0.15693430656934307,2,low_cost
mp-23902,PH3O4,ph3o4,"['H', 'O', 'P']","['H', 'O', 'P']",H_O_P,h_o_p,True,False,Monoclinic,2,"['H', 'O', 'P']","['P', 'H', 'O']",P,phosphate,,['phosphate_rock'],phosphate_rock,Phosphate rock,152.5,($/mt),2025.0,primary_element_proxy,medium,0.15693430656934307,2,low_cost
mp-29515,PH2F3,ph2f3,"['F', 'H', 'P']","['F', 'H', 'P']",F_H_P,f_h_p,True,False,Orthorhombic,2,"['F', 'H', 'P']","['P', 'H', 'F']",P,phosphate,,['phosphate_rock'],phosphate_rock,Phosphate rock,152.5,($/mt),2025.0,primary_element_proxy,medium,0.15693430656934307,2,low_cost
mp-27689,PH4Br,ph4br,"['Br', 'H', 'P']","['Br', 'H', 'P']",Br_H_P,br_h_p,True,False,Tetragonal,2,"['Br', 'H', 'P']","['P', 'H', 'Br']",P,phosphate,,['phosphate_rock'],phosphate_rock,Phosphate rock,152.5,($/mt),2025.0,primary_element_proxy,medium,0.15693430656934307,2,low_cost
mp-19522,P2W2O11,p2w2o11,"['O', 'P', 'W']","['O', 'P', 'W']",O_P_W,o_p_w,True,False,Orthorhombic,2,"['O', 'P', 'W']","['P', 'W', 'O']",P,phosphate,,['phosphate_rock'],phosphate_rock,Phosphate rock,152.5,($/mt),2025.0,primary_element_proxy,medium,0.15693430656934307,2,low_cost
mp-755995,P2WO7,p2wo7,"['O', 'P', 'W']","['O', 'P', 'W']",O_P_W,o_p_w,True,False,Monoclinic,2,"['O', 'P', 'W']","['P', 'W', 'O']",P,phosphate,,['phosphate_rock'],phosphate_rock,Phosphate rock,152.5,($/mt),2025.0,primary_element_proxy,medium,0.15693430656934307,2,low_cost
mp-687234,P2WO8,p2wo8,"['O', 'P', 'W']","['O', 'P', 'W']",O_P_W,o_p_w,True,False,Monoclinic,2,"['O', 'P', 'W']","['P', 'W', 'O']",P,phosphate,,['phosphate_rock'],phosphate_rock,Phosphate rock,152.5,($/mt),2025.0,primary_element_proxy,medium,0.15693430656934307,2,low_cost
mp-1200124,PPb2IO4,ppb2io4,"['I', 'O', 'P', 'Pb']","['I', 'O', 'P', 'Pb']",I_O_P_Pb,i_o_p_pb,True,False,Monoclinic,2,"['I', 'O', 'P', 'Pb']","['P', 'Pb', 'I', 'O']",P,phosphate,,"['phosphate_rock', 'lead']",phosphate_rock,Phosphate rock,152.5,($/mt),2025.0,primary_element_proxy,medium,0.15693430656934307,2,low_cost
mp-28870,PRhO4,prho4,"['O', 'P', 'Rh']","['O', 'P', 'Rh']",O_P_Rh,o_p_rh,True,False,Orthorhombic,2,"['O', 'P', 'Rh']","['P', 'Rh', 'O']",P,phosphate,,['phosphate_rock'],phosphate_rock,Phosphate rock,152.5,($/mt),2025.0,primary_element_proxy,medium,0.15693430656934307,2,low_cost
mp-25432,PWO4F,pwo4f,"['F', 'O', 'P', 'W']","['F', 'O', 'P', 'W']",F_O_P_W,f_o_p_w,True,False,Triclinic,2,"['F', 'O', 'P', 'W']","['P', 'W', 'O', 'F']",P,phosphate,,['phosphate_rock'],phosphate_rock,Phosphate rock,152.5,($/mt),2025.0,primary_element_proxy,medium,0.15693430656934307,2,low_cost
mp-753671,PNO,pno,"['N', 'O', 'P']","['N', 'O', 'P']",N_O_P,n_o_p,True,False,Orthorhombic,2,"['N', 'O', 'P']","['P', 'N', 'O']",P,phosphate,,['phosphate_rock'],phosphate_rock,Phosphate rock,152.5,($/mt),2025.0,primary_element_proxy,medium,0.15693430656934307,2,low_cost
mp-865973,PHPb2F10,phpb2f10,"['F', 'H', 'P', 'Pb']","['F', 'H', 'P', 'Pb']",F_H_P_Pb,f_h_p_pb,True,False,Triclinic,2,"['F', 'H', 'P', 'Pb']","['P', 'H', 'Pb', 'F']",P,phosphate,,"['phosphate_rock', 'lead']",phosphate_rock,Phosphate rock,152.5,($/mt),2025.0,primary_element_proxy,medium,0.15693430656934307,2,low_cost
mp-560008,PNF2,pnf2,"['F', 'N', 'P']","['F', 'N', 'P']",F_N_P,f_n_p,True,False,Orthorhombic,2,"['F', 'N', 'P']","['P', 'N', 'F']",P,phosphate,,['phosphate_rock'],phosphate_rock,Phosphate rock,152.5,($/mt),2025.0,primary_element_proxy,medium,0.15693430656934307,2,low_cost
mp-780572,P3(WO6)2,p3_wo6_2,"['O', 'P', 'W']","['O', 'P', 'W']",O_P_W,o_p_w,True,False,Trigonal,2,"['O', 'P', 'W']","['P', 'W', 'O']",P,phosphate,,['phosphate_rock'],phosphate_rock,Phosphate rock,152.5,($/mt),2025.0,primary_element_proxy,medium,0.15693430656934307,2,low_cost
mp-560585,P3IrO9,p3iro9,"['Ir', 'O', 'P']","['Ir', 'O', 'P']",Ir_O_P,ir_o_p,True,False,Triclinic,2,"['Ir', 'O', 'P']","['P', 'Ir', 'O']",P,phosphate,,['phosphate_rock'],phosphate_rock,Phosphate rock,152.5,($/mt),2025.0,primary_element_proxy,medium,0.15693430656934307,2,low_cost
mp-1220066,P2Pb4SO12,p2pb4so12,"['O', 'P', 'Pb', 'S']","['O', 'P', 'Pb', 'S']",O_P_Pb_S,o_p_pb_s,True,False,Tetragonal,2,"['O', 'P', 'Pb', 'S']","['P', 'Pb', 'S', 'O']",P,phosphate,,"['phosphate_rock', 'lead']",phosphate_rock,Phosphate rock,152.5,($/mt),2025.0,primary_element_proxy,medium,0.15693430656934307,2,low_cost
mp-3476,P2PbO6,p2pbo6,"['O', 'P', 'Pb']","['O', 'P', 'Pb']",O_P_Pb,o_p_pb,True,False,Monoclinic,2,"['O', 'P', 'Pb']","['P', 'Pb', 'O']",P,phosphate,,"['phosphate_rock', 'lead']",phosphate_rock,Phosphate rock,152.5,($/mt),2025.0,primary_element_proxy,medium,0.15693430656934307,2,low_cost
mp-29274,P2PdO6,p2pdo6,"['O', 'P', 'Pd']","['O', 'P', 'Pd']",O_P_Pd,o_p_pd,True,False,Orthorhombic,2,"['O', 'P', 'Pd']","['P', 'Pd', 'O']",P,phosphate,,['phosphate_rock'],phosphate_rock,Phosphate rock,152.5,($/mt),2025.0,primary_element_proxy,medium,0.15693430656934307,2,low_cost
mp-1195693,P2PdPbO7,p2pdpbo7,"['O', 'P', 'Pb', 'Pd']","['O', 'P', 'Pb', 'Pd']",O_P_Pb_Pd,o_p_pb_pd,True,False,Orthorhombic,2,"['O', 'P', 'Pb', 'Pd']","['P', 'Pd', 'Pb', 'O']",P,phosphate,,"['phosphate_rock', 'lead']",phosphate_rock,Phosphate rock,152.5,($/mt),2025.0,primary_element_proxy,medium,0.15693430656934307,2,low_cost
mp-29282,P2PtO7,p2pto7,"['O', 'P', 'Pt']","['O', 'P', 'Pt']",O_P_Pt,o_p_pt,True,False,Monoclinic,2,"['O', 'P', 'Pt']","['P', 'Pt', 'O']",P,phosphate,,"['phosphate_rock', 'platinum']",phosphate_rock,Phosphate rock,152.5,($/mt),2025.0,primary_element_proxy,medium,0.15693430656934307,2,low_cost
mp-24298,P2H4PbO4,p2h4pbo4,"['H', 'O', 'P', 'Pb']","['H', 'O', 'P', 'Pb']",H_O_P_Pb,h_o_p_pb,True,False,Monoclinic,2,"['H', 'O', 'P', 'Pb']","['P', 'H', 'Pb', 'O']",P,phosphate,,"['phosphate_rock', 'lead']",phosphate_rock,Phosphate rock,152.5,($/mt),2025.0,primary_element_proxy,medium,0.15693430656934307,2,low_cost
mp-505799,P2Pb3O8,p2pb3o8,"['O', 'P', 'Pb']","['O', 'P', 'Pb']",O_P_Pb,o_p_pb,True,False,Monoclinic,2,"['O', 'P', 'Pb']","['P', 'Pb', 'O']",P,phosphate,,"['phosphate_rock', 'lead']",phosphate_rock,Phosphate rock,152.5,($/mt),2025.0,primary_element_proxy,medium,0.15693430656934307,2,low_cost
mp-31068,P2Pb4O9,p2pb4o9,"['O', 'P', 'Pb']","['O', 'P', 'Pb']",O_P_Pb,o_p_pb,True,False,Monoclinic,2,"['O', 'P', 'Pb']","['P', 'Pb', 'O']",P,phosphate,,"['phosphate_rock', 'lead']",phosphate_rock,Phosphate rock,152.5,($/mt),2025.0,primary_element_proxy,medium,0.15693430656934307,2,low_cost
mp-2173,P2O5,p2o5,"['O', 'P']","['O', 'P']",O_P,o_p,True,False,Orthorhombic,2,"['O', 'P']","['P', 'O']",P,phosphate,,['phosphate_rock'],phosphate_rock,Phosphate rock,152.5,($/mt),2025.0,primary_element_proxy,medium,0.15693430656934307,2,low_cost
mp-1204941,PH5CO3,ph5co3,"['C', 'H', 'O', 'P']","['C', 'H', 'O', 'P']",C_H_O_P,c_h_o_p,True,False,Monoclinic,2,"['C', 'H', 'O', 'P']","['P', 'H', 'C', 'O']",P,phosphate,,['phosphate_rock'],phosphate_rock,Phosphate rock,152.5,($/mt),2025.0,primary_element_proxy,medium,0.15693430656934307,2,low_cost
mp-22325,P2Pb2O7,p2pb2o7,"['O', 'P', 'Pb']","['O', 'P', 'Pb']",O_P_Pb,o_p_pb,True,False,Triclinic,2,"['O', 'P', 'Pb']","['P', 'Pb', 'O']",P,phosphate,,"['phosphate_rock', 'lead']",phosphate_rock,Phosphate rock,152.5,($/mt),2025.0,primary_element_proxy,medium,0.15693430656934307,2,low_cost
mp-558403,P2Pb(XeF6)3,p2pb_xef6_3,"['F', 'P', 'Pb', 'Xe']","['F', 'P', 'Pb', 'Xe']",F_P_Pb_Xe,f_p_pb_xe,True,False,Monoclinic,2,"['F', 'P', 'Pb', 'Xe']","['P', 'Pb', 'Xe', 'F']",P,phosphate,,"['phosphate_rock', 'lead']",phosphate_rock,Phosphate rock,152.5,($/mt),2025.0,primary_element_proxy,medium,0.15693430656934307,2,low_cost
mp-706986,PH4NO3,ph4no3,"['H', 'N', 'O', 'P']","['H', 'N', 'O', 'P']",H_N_O_P,h_n_o_p,True,False,Orthorhombic,2,"['H', 'N', 'O', 'P']","['P', 'H', 'N', 'O']",P,phosphate,,['phosphate_rock'],phosphate_rock,Phosphate rock,152.5,($/mt),2025.0,primary_element_proxy,medium,0.15693430656934307,2,low_cost
mp-706976,PH4N(OF)2,ph4n_of_2,"['F', 'H', 'N', 'O', 'P']","['F', 'H', 'N', 'O', 'P']",F_H_N_O_P,f_h_n_o_p,True,False,Orthorhombic,2,"['F', 'H', 'N', 'O', 'P']","['P', 'H', 'N', 'O', 'F']",P,phosphate,,['phosphate_rock'],phosphate_rock,Phosphate rock,152.5,($/mt),2025.0,primary_element_proxy,medium,0.15693430656934307,2,low_cost
mp-28950,P4N6O,p4n6o,"['N', 'O', 'P']","['N', 'O', 'P']",N_O_P,n_o_p,True,False,Orthorhombic,2,"['N', 'O', 'P']","['P', 'N', 'O']",P,phosphate,,['phosphate_rock'],phosphate_rock,Phosphate rock,152.5,($/mt),2025.0,primary_element_proxy,medium,0.15693430656934307,2,low_cost
mp-1200699,P2O3F4,p2o3f4,"['F', 'O', 'P']","['F', 'O', 'P']",F_O_P,f_o_p,True,False,Orthorhombic,2,"['F', 'O', 'P']","['P', 'O', 'F']",P,phosphate,,['phosphate_rock'],phosphate_rock,Phosphate rock,152.5,($/mt),2025.0,primary_element_proxy,medium,0.15693430656934307,2,low_cost
mp-1220062,P3Pb5BrO12,p3pb5bro12,"['Br', 'O', 'P', 'Pb']","['Br', 'O', 'P', 'Pb']",Br_O_P_Pb,br_o_p_pb,True,False,Hexagonal,2,"['Br', 'O', 'P', 'Pb']","['P', 'Pb', 'Br', 'O']",P,phosphate,,"['phosphate_rock', 'lead']",phosphate_rock,Phosphate rock,152.5,($/mt),2025.0,primary_element_proxy,medium,0.15693430656934307,2,low_cost
mp-703476,P2H16N4O7,p2h16n4o7,"['H', 'N', 'O', 'P']","['H', 'N', 'O', 'P']",H_N_O_P,h_n_o_p,True,False,Monoclinic,2,"['H', 'N', 'O', 'P']","['P', 'H', 'N', 'O']",P,phosphate,,['phosphate_rock'],phosphate_rock,Phosphate rock,152.5,($/mt),2025.0,primary_element_proxy,medium,0.15693430656934307,2,low_cost
mp-20458,PtPbF6,ptpbf6,"['F', 'Pb', 'Pt']","['F', 'Pb', 'Pt']",F_Pb_Pt,f_pb_pt,True,False,Trigonal,2,"['F', 'Pb', 'Pt']","['Pt', 'Pb', 'F']",Pt,platinum,,"['platinum', 'lead']",platinum,Platinum,1278.29333333333,($/troy oz),2025.0,primary_element_proxy,medium,0.22141119221411193,3,low_cost
mp-22342,PbSeO4,pbseo4,"['O', 'Pb', 'Se']","['O', 'Pb', 'Se']",O_Pb_Se,o_pb_se,True,False,Monoclinic,2,"['O', 'Pb', 'Se']","['Pb', 'Se', 'O']",Pb,lead,,['lead'],lead,Lead,1962.235,($/mt),2025.0,primary_element_proxy,medium,0.25547445255474455,4,low_cost
mp-315,PbF2,pbf2,"['F', 'Pb']","['F', 'Pb']",F_Pb,f_pb,True,False,Cubic,2,"['F', 'Pb']","['Pb', 'F']",Pb,lead,,['lead'],lead,Lead,1962.235,($/mt),2025.0,primary_element_proxy,medium,0.25547445255474455,4,low_cost
mp-504591,PbWO4,pbwo4,"['O', 'Pb', 'W']","['O', 'Pb', 'W']",O_Pb_W,o_pb_w,True,False,Monoclinic,2,"['O', 'Pb', 'W']","['Pb', 'W', 'O']",Pb,lead,,['lead'],lead,Lead,1962.235,($/mt),2025.0,primary_element_proxy,medium,0.25547445255474455,4,low_cost
mp-28513,Pb(ClO3)2,pb_clo3_2,"['Cl', 'O', 'Pb']","['Cl', 'O', 'Pb']",Cl_O_Pb,cl_o_pb,True,False,Orthorhombic,2,"['Cl', 'O', 'Pb']","['Pb', 'Cl', 'O']",Pb,lead,,['lead'],lead,Lead,1962.235,($/mt),2025.0,primary_element_proxy,medium,0.25547445255474455,4,low_cost
mp-754665,Pb(BrO3)2,pb_bro3_2,"['Br', 'O', 'Pb']","['Br', 'O', 'Pb']",Br_O_Pb,br_o_pb,True,False,Monoclinic,2,"['Br', 'O', 'Pb']","['Pb', 'Br', 'O']",Pb,lead,,['lead'],lead,Lead,1962.235,($/mt),2025.0,primary_element_proxy,medium,0.25547445255474455,4,low_cost
mp-1192446,Pb2SeN2O9,pb2sen2o9,"['N', 'O', 'Pb', 'Se']","['N', 'O', 'Pb', 'Se']",N_O_Pb_Se,n_o_pb_se,True,False,Orthorhombic,2,"['N', 'O', 'Pb', 'Se']","['Pb', 'Se', 'N', 'O']",Pb,lead,,['lead'],lead,Lead,1962.235,($/mt),2025.0,primary_element_proxy,medium,0.25547445255474455,4,low_cost
mp-1201318,Pb3(NO4)2,pb3_no4_2,"['N', 'O', 'Pb']","['N', 'O', 'Pb']",N_O_Pb,n_o_pb,True,False,Orthorhombic,2,"['N', 'O', 'Pb']","['Pb', 'N', 'O']",Pb,lead,,['lead'],lead,Lead,1962.235,($/mt),2025.0,primary_element_proxy,medium,0.25547445255474455,4,low_cost
mp-23104,Pb2ClOF,pb2clof,"['Cl', 'F', 'O', 'Pb']","['Cl', 'F', 'O', 'Pb']",Cl_F_O_Pb,cl_f_o_pb,True,False,Orthorhombic,2,"['Cl', 'F', 'O', 'Pb']","['Pb', 'Cl', 'O', 'F']",Pb,lead,,['lead'],lead,Lead,1962.235,($/mt),2025.0,primary_element_proxy,medium,0.25547445255474455,4,low_cost
mp-27355,Pb2OF2,pb2of2,"['F', 'O', 'Pb']","['F', 'O', 'Pb']",F_O_Pb,f_o_pb,True,False,Tetragonal,2,"['F', 'O', 'Pb']","['Pb', 'O', 'F']",Pb,lead,,['lead'],lead,Lead,1962.235,($/mt),2025.0,primary_element_proxy,medium,0.25547445255474455,4,low_cost
mp-557531,Pb2S(O2F)2,pb2s_o2f_2,"['F', 'O', 'Pb', 'S']","['F', 'O', 'Pb', 'S']",F_O_Pb_S,f_o_pb_s,True,False,Monoclinic,2,"['F', 'O', 'Pb', 'S']","['Pb', 'S', 'O', 'F']",Pb,lead,,['lead'],lead,Lead,1962.235,($/mt),2025.0,primary_element_proxy,medium,0.25547445255474455,4,low_cost
mp-21497,Pb2SO5,pb2so5,"['O', 'Pb', 'S']","['O', 'Pb', 'S']",O_Pb_S,o_pb_s,True,False,Monoclinic,2,"['O', 'Pb', 'S']","['Pb', 'S', 'O']",Pb,lead,,['lead'],lead,Lead,1962.235,($/mt),2025.0,primary_element_proxy,medium,0.25547445255474455,4,low_cost
mp-1206495,Pb2BrOF,pb2brof,"['Br', 'F', 'O', 'Pb']","['Br', 'F', 'O', 'Pb']",Br_F_O_Pb,br_f_o_pb,True,False,Orthorhombic,2,"['Br', 'F', 'O', 'Pb']","['Pb', 'Br', 'O', 'F']",Pb,lead,,['lead'],lead,Lead,1962.235,($/mt),2025.0,primary_element_proxy,medium,0.25547445255474455,4,low_cost
mp-505702,Pb2CO4,pb2co4,"['C', 'O', 'Pb']","['C', 'O', 'Pb']",C_O_Pb,c_o_pb,True,False,Orthorhombic,2,"['C', 'O', 'Pb']","['Pb', 'C', 'O']",Pb,lead,,['lead'],lead,Lead,1962.235,($/mt),2025.0,primary_element_proxy,medium,0.25547445255474455,4,low_cost
mp-662535,PbSe2O5,pbse2o5,"['O', 'Pb', 'Se']","['O', 'Pb', 'Se']",O_Pb_Se,o_pb_se,True,False,Monoclinic,2,"['O', 'Pb', 'Se']","['Pb', 'Se', 'O']",Pb,lead,,['lead'],lead,Lead,1962.235,($/mt),2025.0,primary_element_proxy,medium,0.25547445255474455,4,low_cost
mp-630329,PbSeO3,pbseo3,"['O', 'Pb', 'Se']","['O', 'Pb', 'Se']",O_Pb_Se,o_pb_se,True,False,Monoclinic,2,"['O', 'Pb', 'Se']","['Pb', 'Se', 'O']",Pb,lead,,['lead'],lead,Lead,1962.235,($/mt),2025.0,primary_element_proxy,medium,0.25547445255474455,4,low_cost
mp-27581,Pb7(ClF6)2,pb7_clf6_2,"['Cl', 'F', 'Pb']","['Cl', 'F', 'Pb']",Cl_F_Pb,cl_f_pb,True,False,Hexagonal,2,"['Cl', 'F', 'Pb']","['Pb', 'Cl', 'F']",Pb,lead,,['lead'],lead,Lead,1962.235,($/mt),2025.0,primary_element_proxy,medium,0.25547445255474455,4,low_cost
mp-19893,PbCO3,pbco3,"['C', 'O', 'Pb']","['C', 'O', 'Pb']",C_O_Pb,c_o_pb,True,False,Orthorhombic,2,"['C', 'O', 'Pb']","['Pb', 'C', 'O']",Pb,lead,,['lead'],lead,Lead,1962.235,($/mt),2025.0,primary_element_proxy,medium,0.25547445255474455,4,low_cost
mp-341,PbF4,pbf4,"['F', 'Pb']","['F', 'Pb']",F_Pb,f_pb,True,False,Tetragonal,2,"['F', 'Pb']","['Pb', 'F']",Pb,lead,,['lead'],lead,Lead,1962.235,($/mt),2025.0,primary_element_proxy,medium,0.25547445255474455,4,low_cost
mp-20652,PbF3,pbf3,"['F', 'Pb']","['F', 'Pb']",F_Pb,f_pb,True,False,Tetragonal,2,"['F', 'Pb']","['Pb', 'F']",Pb,lead,,['lead'],lead,Lead,1962.235,($/mt),2025.0,primary_element_proxy,medium,0.25547445255474455,4,low_cost
mp-3472,PbSO4,pbso4,"['O', 'Pb', 'S']","['O', 'Pb', 'S']",O_Pb_S,o_pb_s,True,False,Orthorhombic,2,"['O', 'Pb', 'S']","['Pb', 'S', 'O']",Pb,lead,,['lead'],lead,Lead,1962.235,($/mt),2025.0,primary_element_proxy,medium,0.25547445255474455,4,low_cost
mp-1204592,PbS3O10,pbs3o10,"['O', 'Pb', 'S']","['O', 'Pb', 'S']",O_Pb_S,o_pb_s,True,False,Orthorhombic,2,"['O', 'Pb', 'S']","['Pb', 'S', 'O']",Pb,lead,,['lead'],lead,Lead,1962.235,($/mt),2025.0,primary_element_proxy,medium,0.25547445255474455,4,low_cost
mp-505603,Pb5SO8,pb5so8,"['O', 'Pb', 'S']","['O', 'Pb', 'S']",O_Pb_S,o_pb_s,True,False,Monoclinic,2,"['O', 'Pb', 'S']","['Pb', 'S', 'O']",Pb,lead,,['lead'],lead,Lead,1962.235,($/mt),2025.0,primary_element_proxy,medium,0.25547445255474455,4,low_cost
mp-22964,PbClF,pbclf,"['Cl', 'F', 'Pb']","['Cl', 'F', 'Pb']",Cl_F_Pb,cl_f_pb,True,False,Tetragonal,2,"['Cl', 'F', 'Pb']","['Pb', 'Cl', 'F']",Pb,lead,,['lead'],lead,Lead,1962.235,($/mt),2025.0,primary_element_proxy,medium,0.25547445255474455,4,low_cost
mp-1194412,Pb3Se2(BrO3)2,pb3se2_bro3_2,"['Br', 'O', 'Pb', 'Se']","['Br', 'O', 'Pb', 'Se']",Br_O_Pb_Se,br_o_pb_se,True,False,Monoclinic,2,"['Br', 'O', 'Pb', 'Se']","['Pb', 'Se', 'Br', 'O']",Pb,lead,,['lead'],lead,Lead,1962.235,($/mt),2025.0,primary_element_proxy,medium,0.25547445255474455,4,low_cost
mp-1193210,Pb3Se2(IO3)2,pb3se2_io3_2,"['I', 'O', 'Pb', 'Se']","['I', 'O', 'Pb', 'Se']",I_O_Pb_Se,i_o_pb_se,True,False,Monoclinic,2,"['I', 'O', 'Pb', 'Se']","['Pb', 'Se', 'I', 'O']",Pb,lead,,['lead'],lead,Lead,1962.235,($/mt),2025.0,primary_element_proxy,medium,0.25547445255474455,4,low_cost
mp-28857,Pb(IO3)2,pb_io3_2,"['I', 'O', 'Pb']","['I', 'O', 'Pb']",I_O_Pb,i_o_pb,True,False,Orthorhombic,2,"['I', 'O', 'Pb']","['Pb', 'I', 'O']",Pb,lead,,['lead'],lead,Lead,1962.235,($/mt),2025.0,primary_element_proxy,medium,0.25547445255474455,4,low_cost
mp-20820,Pb(NO3)2,pb_no3_2,"['N', 'O', 'Pb']","['N', 'O', 'Pb']",N_O_Pb,n_o_pb,True,False,Cubic,2,"['N', 'O', 'Pb']","['Pb', 'N', 'O']",Pb,lead,,['lead'],lead,Lead,1962.235,($/mt),2025.0,primary_element_proxy,medium,0.25547445255474455,4,low_cost
mp-1214967,Al2Cd3(GeO4)3,al2cd3_geo4_3,"['Al', 'Cd', 'Ge', 'O']","['Al', 'Cd', 'Ge', 'O']",Al_Cd_Ge_O,al_cd_ge_o,True,False,Cubic,2,"['Al', 'Cd', 'Ge', 'O']","['Al', 'Cd', 'Ge', 'O']",Al,aluminum,,['aluminum'],aluminum,Aluminum,2631.69583333333,($/mt),2025.0,primary_element_proxy,medium,0.38564476885644766,5,low_cost
mp-532094,Al2CoO4,al2coo4,"['Al', 'Co', 'O']","['Al', 'Co', 'O']",Al_Co_O,al_co_o,True,True,Trigonal,2,"['Al', 'Co', 'O']","['Al', 'Co', 'O']",Al,aluminum,,['aluminum'],aluminum,Aluminum,2631.69583333333,($/mt),2025.0,primary_element_proxy,medium,0.38564476885644766,5,low_cost
mp-1019377,Al(PO3)3,al_po3_3,"['Al', 'O', 'P']","['Al', 'O', 'P']",Al_O_P,al_o_p,True,False,Monoclinic,2,"['Al', 'O', 'P']","['Al', 'P', 'O']",Al,aluminum,,"['aluminum', 'phosphate_rock']",aluminum,Aluminum,2631.69583333333,($/mt),2025.0,primary_element_proxy,medium,0.38564476885644766,5,low_cost
mp-2206289,Al11TlO17,al11tlo17,"['Al', 'O', 'Tl']","['Al', 'O', 'Tl']",Al_O_Tl,al_o_tl,True,False,Hexagonal,2,"['Al', 'O', 'Tl']","['Al', 'Tl', 'O']",Al,aluminum,,['aluminum'],aluminum,Aluminum,2631.69583333333,($/mt),2025.0,primary_element_proxy,medium,0.38564476885644766,5,low_cost
mp-1214864,Al2Ga2Bi2O9,al2ga2bi2o9,"['Al', 'Bi', 'Ga', 'O']","['Al', 'Bi', 'Ga', 'O']",Al_Bi_Ga_O,al_bi_ga_o,True,False,Orthorhombic,2,"['Al', 'Bi', 'Ga', 'O']","['Al', 'Ga', 'Bi', 'O']",Al,aluminum,,['aluminum'],aluminum,Aluminum,2631.69583333333,($/mt),2025.0,primary_element_proxy,medium,0.38564476885644766,5,low_cost
mp-561437,Al2Ge(O2F)2,al2ge_o2f_2,"['Al', 'F', 'Ge', 'O']","['Al', 'F', 'Ge', 'O']",Al_F_Ge_O,al_f_ge_o,True,False,Orthorhombic,2,"['Al', 'F', 'Ge', 'O']","['Al', 'Ge', 'O', 'F']",Al,aluminum,,['aluminum'],aluminum,Aluminum,2631.69583333333,($/mt),2025.0,primary_element_proxy,medium,0.38564476885644766,5,low_cost
mp-707424,Al2H12(SeO5)3,al2h12_seo5_3,"['Al', 'H', 'O', 'Se']","['Al', 'H', 'O', 'Se']",Al_H_O_Se,al_h_o_se,True,False,Hexagonal,2,"['Al', 'H', 'O', 'Se']","['Al', 'H', 'Se', 'O']",Al,aluminum,,['aluminum'],aluminum,Aluminum,2631.69583333333,($/mt),2025.0,primary_element_proxy,medium,0.38564476885644766,5,low_cost
mp-37614,Al2NiO4,al2nio4,"['Al', 'Ni', 'O']","['Al', 'Ni', 'O']",Al_Ni_O,al_ni_o,True,False,Orthorhombic,2,"['Al', 'Ni', 'O']","['Al', 'Ni', 'O']",Al,aluminum,,"['aluminum', 'nickel']",aluminum,Aluminum,2631.69583333333,($/mt),2025.0,primary_element_proxy,medium,0.38564476885644766,5,low_cost
mp-569787,Al(BH4)3,al_bh4_3,"['Al', 'B', 'H']","['Al', 'B', 'H']",Al_B_H,al_b_h,True,False,Orthorhombic,2,"['Al', 'B', 'H']","['Al', 'B', 'H']",Al,aluminum,,['aluminum'],aluminum,Aluminum,2631.69583333333,($/mt),2025.0,primary_element_proxy,medium,0.38564476885644766,5,low_cost
mp-555903,Al(IO3)3,al_io3_3,"['Al', 'I', 'O']","['Al', 'I', 'O']",Al_I_O,al_i_o,True,False,Hexagonal,2,"['Al', 'I', 'O']","['Al', 'I', 'O']",Al,aluminum,,['aluminum'],aluminum,Aluminum,2631.69583333333,($/mt),2025.0,primary_element_proxy,medium,0.38564476885644766,5,low_cost
mp-1281387,AlV2O4,alv2o4,"['Al', 'O', 'V']","['Al', 'O', 'V']",Al_O_V,al_o_v,True,False,Orthorhombic,2,"['Al', 'O', 'V']","['Al', 'V', 'O']",Al,aluminum,,['aluminum'],aluminum,Aluminum,2631.69583333333,($/mt),2025.0,primary_element_proxy,medium,0.38564476885644766,5,low_cost
mp-1228209,AlTlSiO4,altlsio4,"['Al', 'O', 'Si', 'Tl']","['Al', 'O', 'Si', 'Tl']",Al_O_Si_Tl,al_o_si_tl,True,False,Trigonal,2,"['Al', 'O', 'Si', 'Tl']","['Al', 'Tl', 'Si', 'O']",Al,aluminum,,['aluminum'],aluminum,Aluminum,2631.69583333333,($/mt),2025.0,primary_element_proxy,medium,0.38564476885644766,5,low_cost
mp-18827,AlVO4,alvo4,"['Al', 'O', 'V']","['Al', 'O', 'V']",Al_O_V,al_o_v,True,False,Triclinic,2,"['Al', 'O', 'V']","['Al', 'V', 'O']",Al,aluminum,,['aluminum'],aluminum,Aluminum,2631.69583333333,($/mt),2025.0,primary_element_proxy,medium,0.38564476885644766,5,low_cost
mp-1182867,AlWO4,alwo4,"['Al', 'O', 'W']","['Al', 'O', 'W']",Al_O_W,al_o_w,True,False,Orthorhombic,2,"['Al', 'O', 'W']","['Al', 'W', 'O']",Al,aluminum,,['aluminum'],aluminum,Aluminum,2631.69583333333,($/mt),2025.0,primary_element_proxy,medium,0.38564476885644766,5,low_cost
mp-2767452,AlV2O4,alv2o4,"['Al', 'O', 'V']","['Al', 'O', 'V']",Al_O_V,al_o_v,True,False,Triclinic,2,"['Al', 'O', 'V']","['Al', 'V', 'O']",Al,aluminum,,['aluminum'],aluminum,Aluminum,2631.69583333333,($/mt),2025.0,primary_element_proxy,medium,0.38564476885644766,5,low_cost
mp-20014,AlVMoO7,alvmoo7,"['Al', 'Mo', 'O', 'V']","['Al', 'Mo', 'O', 'V']",Al_Mo_O_V,al_mo_o_v,True,False,Orthorhombic,2,"['Al', 'Mo', 'O', 'V']","['Al', 'V', 'Mo', 'O']",Al,aluminum,,['aluminum'],aluminum,Aluminum,2631.69583333333,($/mt),2025.0,primary_element_proxy,medium,0.38564476885644766,5,low_cost
mp-23743,AlH12(ClO2)3,alh12_clo2_3,"['Al', 'Cl', 'H', 'O']","['Al', 'Cl', 'H', 'O']",Al_Cl_H_O,al_cl_h_o,True,False,Trigonal,2,"['Al', 'Cl', 'H', 'O']","['Al', 'H', 'Cl', 'O']",Al,aluminum,,['aluminum'],aluminum,Aluminum,2631.69583333333,($/mt),2025.0,primary_element_proxy,medium,0.38564476885644766,5,low_cost
mp-1203296,AlH12(NO5)3,alh12_no5_3,"['Al', 'H', 'N', 'O']","['Al', 'H', 'N', 'O']",Al_H_N_O,al_h_n_o,True,False,Monoclinic,2,"['Al', 'H', 'N', 'O']","['Al', 'H', 'N', 'O']",Al,aluminum,,['aluminum'],aluminum,Aluminum,2631.69583333333,($/mt),2025.0,primary_element_proxy,medium,0.38564476885644766,5,low_cost
mp-1197821,AlH14SeNO14,alh14seno14,"['Al', 'H', 'N', 'O', 'Se']","['Al', 'H', 'N', 'O', 'Se']",Al_H_N_O_Se,al_h_n_o_se,True,False,Triclinic,2,"['Al', 'H', 'N', 'O', 'Se']","['Al', 'H', 'Se', 'N', 'O']",Al,aluminum,,['aluminum'],aluminum,Aluminum,2631.69583333333,($/mt),2025.0,primary_element_proxy,medium,0.38564476885644766,5,low_cost
mp-1229104,AlH15(OF)6,alh15_of_6,"['Al', 'F', 'H', 'O']","['Al', 'F', 'H', 'O']",Al_F_H_O,al_f_h_o,True,False,Triclinic,2,"['Al', 'F', 'H', 'O']","['Al', 'H', 'O', 'F']",Al,aluminum,,['aluminum'],aluminum,Aluminum,2631.69583333333,($/mt),2025.0,primary_element_proxy,medium,0.38564476885644766,5,low_cost
mp-643387,AlH2PbO2F3,alh2pbo2f3,"['Al', 'F', 'H', 'O', 'Pb']","['Al', 'F', 'H', 'O', 'Pb']",Al_F_H_O_Pb,al_f_h_o_pb,True,False,Triclinic,2,"['Al', 'F', 'H', 'O', 'Pb']","['Al', 'H', 'Pb', 'O', 'F']",Al,aluminum,,"['aluminum', 'lead']",aluminum,Aluminum,2631.69583333333,($/mt),2025.0,primary_element_proxy,medium,0.38564476885644766,5,low_cost
mp-759356,AlH3NCl3,alh3ncl3,"['Al', 'Cl', 'H', 'N']","['Al', 'Cl', 'H', 'N']",Al_Cl_H_N,al_cl_h_n,True,False,Orthorhombic,2,"['Al', 'Cl', 'H', 'N']","['Al', 'H', 'N', 'Cl']",Al,aluminum,,['aluminum'],aluminum,Aluminum,2631.69583333333,($/mt),2025.0,primary_element_proxy,medium,0.38564476885644766,5,low_cost
mp-696815,AlH4NF4,alh4nf4,"['Al', 'F', 'H', 'N']","['Al', 'F', 'H', 'N']",Al_F_H_N,al_f_h_n,True,False,Tetragonal,2,"['Al', 'F', 'H', 'N']","['Al', 'H', 'N', 'F']",Al,aluminum,,['aluminum'],aluminum,Aluminum,2631.69583333333,($/mt),2025.0,primary_element_proxy,medium,0.38564476885644766,5,low_cost
mp-1214960,AlH5(SeO4)2,alh5_seo4_2,"['Al', 'H', 'O', 'Se']","['Al', 'H', 'O', 'Se']",Al_H_O_Se,al_h_o_se,True,False,Monoclinic,2,"['Al', 'H', 'O', 'Se']","['Al', 'H', 'Se', 'O']",Al,aluminum,,['aluminum'],aluminum,Aluminum,2631.69583333333,($/mt),2025.0,primary_element_proxy,medium,0.38564476885644766,5,low_cost
mp-1192001,AlH6BrO4,alh6bro4,"['Al', 'Br', 'H', 'O']","['Al', 'Br', 'H', 'O']",Al_Br_H_O,al_br_h_o,True,False,Monoclinic,2,"['Al', 'Br', 'H', 'O']","['Al', 'H', 'Br', 'O']",Al,aluminum,,['aluminum'],aluminum,Aluminum,2631.69583333333,($/mt),2025.0,primary_element_proxy,medium,0.38564476885644766,5,low_cost
mp-1200831,AlH6C2SeCl3,alh6c2secl3,"['Al', 'C', 'Cl', 'H', 'Se']","['Al', 'C', 'Cl', 'H', 'Se']",Al_C_Cl_H_Se,al_c_cl_h_se,True,False,Orthorhombic,2,"['Al', 'C', 'Cl', 'H', 'Se']","['Al', 'H', 'C', 'Se', 'Cl']",Al,aluminum,,['aluminum'],aluminum,Aluminum,2631.69583333333,($/mt),2025.0,primary_element_proxy,medium,0.38564476885644766,5,low_cost
mp-1191939,AlH6IO4,alh6io4,"['Al', 'H', 'I', 'O']","['Al', 'H', 'I', 'O']",Al_H_I_O,al_h_i_o,True,False,Monoclinic,2,"['Al', 'H', 'I', 'O']","['Al', 'H', 'I', 'O']",Al,aluminum,,['aluminum'],aluminum,Aluminum,2631.69583333333,($/mt),2025.0,primary_element_proxy,medium,0.38564476885644766,5,low_cost
mp-1228986,AlH6N2F3,alh6n2f3,"['Al', 'F', 'H', 'N']","['Al', 'F', 'H', 'N']",Al_F_H_N,al_f_h_n,True,False,Monoclinic,2,"['Al', 'F', 'H', 'N']","['Al', 'H', 'N', 'F']",Al,aluminum,,['aluminum'],aluminum,Aluminum,2631.69583333333,($/mt),2025.0,primary_element_proxy,medium,0.38564476885644766,5,low_cost
mp-625152,AlHO2,alho2,"['Al', 'H', 'O']","['Al', 'H', 'O']",Al_H_O,al_h_o,True,False,Orthorhombic,2,"['Al', 'H', 'O']","['Al', 'H', 'O']",Al,aluminum,,['aluminum'],aluminum,Aluminum,2631.69583333333,($/mt),2025.0,primary_element_proxy,medium,0.38564476885644766,5,low_cost
mp-1105277,AlHSO5,alhso5,"['Al', 'H', 'O', 'S']","['Al', 'H', 'O', 'S']",Al_H_O_S,al_h_o_s,True,False,Monoclinic,2,"['Al', 'H', 'O', 'S']","['Al', 'H', 'S', 'O']",Al,aluminum,,['aluminum'],aluminum,Aluminum,2631.69583333333,($/mt),2025.0,primary_element_proxy,medium,0.38564476885644766,5,low_cost
mp-661,AlN,aln,"['Al', 'N']","['Al', 'N']",Al_N,al_n,True,False,Hexagonal,2,"['Al', 'N']","['Al', 'N']",Al,aluminum,,['aluminum'],aluminum,Aluminum,2631.69583333333,($/mt),2025.0,primary_element_proxy,medium,0.38564476885644766,5,low_cost
mp-1214877,AlNi2BO5,alni2bo5,"['Al', 'B', 'Ni', 'O']","['Al', 'B', 'Ni', 'O']",Al_B_Ni_O,al_b_ni_o,True,False,Orthorhombic,2,"['Al', 'B', 'Ni', 'O']","['Al', 'Ni', 'B', 'O']",Al,aluminum,,"['aluminum', 'nickel']",aluminum,Aluminum,2631.69583333333,($/mt),2025.0,primary_element_proxy,medium,0.38564476885644766,5,low_cost
mp-1214829,AlNiAg2F7,alniag2f7,"['Ag', 'Al', 'F', 'Ni']","['Ag', 'Al', 'F', 'Ni']",Ag_Al_F_Ni,ag_al_f_ni,True,False,Orthorhombic,2,"['Ag', 'Al', 'F', 'Ni']","['Al', 'Ni', 'Ag', 'F']",Al,aluminum,,"['aluminum', 'silver', 'nickel']",aluminum,Aluminum,2631.69583333333,($/mt),2025.0,primary_element_proxy,medium,0.38564476885644766,5,low_cost
mp-1196119,AlPH9(CCl)3,alph9_ccl_3,"['Al', 'C', 'Cl', 'H', 'P']","['Al', 'C', 'Cl', 'H', 'P']",Al_C_Cl_H_P,al_c_cl_h_p,True,False,Monoclinic,2,"['Al', 'C', 'Cl', 'H', 'P']","['Al', 'P', 'H', 'C', 'Cl']",Al,aluminum,,"['aluminum', 'phosphate_rock']",aluminum,Aluminum,2631.69583333333,($/mt),2025.0,primary_element_proxy,medium,0.38564476885644766,5,low_cost
mp-5331,AlPO4,alpo4,"['Al', 'O', 'P']","['Al', 'O', 'P']",Al_O_P,al_o_p,True,False,Trigonal,2,"['Al', 'O', 'P']","['Al', 'P', 'O']",Al,aluminum,,"['aluminum', 'phosphate_rock']",aluminum,Aluminum,2631.69583333333,($/mt),2025.0,primary_element_proxy,medium,0.38564476885644766,5,low_cost
mp-556418,AlSCl3O2,alscl3o2,"['Al', 'Cl', 'O', 'S']","['Al', 'Cl', 'O', 'S']",Al_Cl_O_S,al_cl_o_s,True,False,Triclinic,2,"['Al', 'Cl', 'O', 'S']","['Al', 'S', 'Cl', 'O']",Al,aluminum,,['aluminum'],aluminum,Aluminum,2631.69583333333,($/mt),2025.0,primary_element_proxy,medium,0.38564476885644766,5,low_cost
mp-676861,AlSbO4,alsbo4,"['Al', 'O', 'Sb']","['Al', 'O', 'Sb']",Al_O_Sb,al_o_sb,True,False,Orthorhombic,2,"['Al', 'O', 'Sb']","['Al', 'Sb', 'O']",Al,aluminum,,['aluminum'],aluminum,Aluminum,2631.69583333333,($/mt),2025.0,primary_element_proxy,medium,0.38564476885644766,5,low_cost
mp-24308,AlSiH9C3Cl2O,alsih9c3cl2o,"['Al', 'C', 'Cl', 'H', 'O', 'Si']","['Al', 'C', 'Cl', 'H', 'O', 'Si']",Al_C_Cl_H_O_Si,al_c_cl_h_o_si,True,False,Monoclinic,2,"['Al', 'C', 'Cl', 'H', 'O', 'Si']","['Al', 'Si', 'H', 'C', 'Cl', 'O']",Al,aluminum,,['aluminum'],aluminum,Aluminum,2631.69583333333,($/mt),2025.0,primary_element_proxy,medium,0.38564476885644766,5,low_cost
mp-18733,AlTl(MoO4)2,altl_moo4_2,"['Al', 'Mo', 'O', 'Tl']","['Al', 'Mo', 'O', 'Tl']",Al_Mo_O_Tl,al_mo_o_tl,True,False,Trigonal,2,"['Al', 'Mo', 'O', 'Tl']","['Al', 'Tl', 'Mo', 'O']",Al,aluminum,,['aluminum'],aluminum,Aluminum,2631.69583333333,($/mt),2025.0,primary_element_proxy,medium,0.38564476885644766,5,low_cost
mp-1539038,AlTl2F5,altl2f5,"['Al', 'F', 'Tl']","['Al', 'F', 'Tl']",Al_F_Tl,al_f_tl,True,False,Tetragonal,2,"['Al', 'F', 'Tl']","['Al', 'Tl', 'F']",Al,aluminum,,['aluminum'],aluminum,Aluminum,2631.69583333333,($/mt),2025.0,primary_element_proxy,medium,0.38564476885644766,5,low_cost
mp-3751,AlTlF4,altlf4,"['Al', 'F', 'Tl']","['Al', 'F', 'Tl']",Al_F_Tl,al_f_tl,True,False,Monoclinic,2,"['Al', 'F', 'Tl']","['Al', 'Tl', 'F']",Al,aluminum,,['aluminum'],aluminum,Aluminum,2631.69583333333,($/mt),2025.0,primary_element_proxy,medium,0.38564476885644766,5,low_cost
mp-1228177,AlTlSi3O8,altlsi3o8,"['Al', 'O', 'Si', 'Tl']","['Al', 'O', 'Si', 'Tl']",Al_O_Si_Tl,al_o_si_tl,True,False,Triclinic,2,"['Al', 'O', 'Si', 'Tl']","['Al', 'Tl', 'Si', 'O']",Al,aluminum,,['aluminum'],aluminum,Aluminum,2631.69583333333,($/mt),2025.0,primary_element_proxy,medium,0.38564476885644766,5,low_cost
mp-17477,AlFePO5,alfepo5,"['Al', 'Fe', 'O', 'P']","['Al', 'Fe', 'O', 'P']",Al_Fe_O_P,al_fe_o_p,True,False,Monoclinic,2,"['Al', 'Fe', 'O', 'P']","['Al', 'Fe', 'P', 'O']",Al,aluminum,,"['aluminum', 'phosphate_rock']",aluminum,Aluminum,2631.69583333333,($/mt),2025.0,primary_element_proxy,medium,0.38564476885644766,5,low_cost
mp-468,AlF3,alf3,"['Al', 'F']","['Al', 'F']",Al_F,al_f,True,False,Trigonal,2,"['Al', 'F']","['Al', 'F']",Al,aluminum,,['aluminum'],aluminum,Aluminum,2631.69583333333,($/mt),2025.0,primary_element_proxy,medium,0.38564476885644766,5,low_cost
mp-722527,AlH11SO10,alh11so10,"['Al', 'H', 'O', 'S']","['Al', 'H', 'O', 'S']",Al_H_O_S,al_h_o_s,True,False,Monoclinic,2,"['Al', 'H', 'O', 'S']","['Al', 'H', 'S', 'O']",Al,aluminum,,['aluminum'],aluminum,Aluminum,2631.69583333333,($/mt),2025.0,primary_element_proxy,medium,0.38564476885644766,5,low_cost
mp-24618,AlH10N2OF5,alh10n2of5,"['Al', 'F', 'H', 'N', 'O']","['Al', 'F', 'H', 'N', 'O']",Al_F_H_N_O,al_f_h_n_o,True,False,Orthorhombic,2,"['Al', 'F', 'H', 'N', 'O']","['Al', 'H', 'N', 'O', 'F']",Al,aluminum,,['aluminum'],aluminum,Aluminum,2631.69583333333,($/mt),2025.0,primary_element_proxy,medium,0.38564476885644766,5,low_cost
mp-3098,AlCuO2,alcuo2,"['Al', 'Cu', 'O']","['Al', 'Cu', 'O']",Al_Cu_O,al_cu_o,True,False,Hexagonal,2,"['Al', 'Cu', 'O']","['Al', 'Cu', 'O']",Al,aluminum,,"['aluminum', 'copper']",aluminum,Aluminum,2631.69583333333,($/mt),2025.0,primary_element_proxy,medium,0.38564476885644766,5,low_cost
mp-1229097,AlCrFeO4,alcrfeo4,"['Al', 'Cr', 'Fe', 'O']","['Al', 'Cr', 'Fe', 'O']",Al_Cr_Fe_O,al_cr_fe_o,True,False,Orthorhombic,2,"['Al', 'Cr', 'Fe', 'O']","['Al', 'Cr', 'Fe', 'O']",Al,aluminum,,['aluminum'],aluminum,Aluminum,2631.69583333333,($/mt),2025.0,primary_element_proxy,medium,0.38564476885644766,5,low_cost
mp-1143,Al2O3,al2o3,"['Al', 'O']","['Al', 'O']",Al_O,al_o,True,False,Trigonal,2,"['Al', 'O']","['Al', 'O']",Al,aluminum,,['aluminum'],aluminum,Aluminum,2631.69583333333,($/mt),2025.0,primary_element_proxy,medium,0.38564476885644766,5,low_cost
mp-23995,Al2P3(HO3)3,al2p3_ho3_3,"['Al', 'H', 'O', 'P']","['Al', 'H', 'O', 'P']",Al_H_O_P,al_h_o_p,True,False,Hexagonal,2,"['Al', 'H', 'O', 'P']","['Al', 'P', 'H', 'O']",Al,aluminum,,"['aluminum', 'phosphate_rock']",aluminum,Aluminum,2631.69583333333,($/mt),2025.0,primary_element_proxy,medium,0.38564476885644766,5,low_cost
mp-14941,Al2Pb3F12,al2pb3f12,"['Al', 'F', 'Pb']","['Al', 'F', 'Pb']",Al_F_Pb,al_f_pb,True,False,Monoclinic,2,"['Al', 'F', 'Pb']","['Al', 'Pb', 'F']",Al,aluminum,,"['aluminum', 'lead']",aluminum,Aluminum,2631.69583333333,($/mt),2025.0,primary_element_proxy,medium,0.38564476885644766,5,low_cost
mp-21892,Al2PbO4,al2pbo4,"['Al', 'O', 'Pb']","['Al', 'O', 'Pb']",Al_O_Pb,al_o_pb,True,False,Orthorhombic,2,"['Al', 'O', 'Pb']","['Al', 'Pb', 'O']",Al,aluminum,,"['aluminum', 'lead']",aluminum,Aluminum,2631.69583333333,($/mt),2025.0,primary_element_proxy,medium,0.38564476885644766,5,low_cost
mp-6280,Al2Si(O2F)2,al2si_o2f_2,"['Al', 'F', 'O', 'Si']","['Al', 'F', 'O', 'Si']",Al_F_O_Si,al_f_o_si,True,False,Orthorhombic,2,"['Al', 'F', 'O', 'Si']","['Al', 'Si', 'O', 'F']",Al,aluminum,,['aluminum'],aluminum,Aluminum,2631.69583333333,($/mt),2025.0,primary_element_proxy,medium,0.38564476885644766,5,low_cost
mp-5065,Al2SiO5,al2sio5,"['Al', 'O', 'Si']","['Al', 'O', 'Si']",Al_O_Si,al_o_si,True,False,Triclinic,2,"['Al', 'O', 'Si']","['Al', 'Si', 'O']",Al,aluminum,,['aluminum'],aluminum,Aluminum,2631.69583333333,($/mt),2025.0,primary_element_proxy,medium,0.38564476885644766,5,low_cost
mp-2908,Al2ZnO4,al2zno4,"['Al', 'O', 'Zn']","['Al', 'O', 'Zn']",Al_O_Zn,al_o_zn,True,False,Cubic,2,"['Al', 'O', 'Zn']","['Al', 'Zn', 'O']",Al,aluminum,,"['aluminum', 'zinc']",aluminum,Aluminum,2631.69583333333,($/mt),2025.0,primary_element_proxy,medium,0.38564476885644766,5,low_cost
mp-1228599,Al3BC3,al3bc3,"['Al', 'B', 'C']","['Al', 'B', 'C']",Al_B_C,al_b_c,True,False,Hexagonal,2,"['Al', 'B', 'C']","['Al', 'B', 'C']",Al,aluminum,,['aluminum'],aluminum,Aluminum,2631.69583333333,($/mt),2025.0,primary_element_proxy,medium,0.38564476885644766,5,low_cost
mp-1214863,Al3Si3Ag4IO12,al3si3ag4io12,"['Ag', 'Al', 'I', 'O', 'Si']","['Ag', 'Al', 'I', 'O', 'Si']",Ag_Al_I_O_Si,ag_al_i_o_si,True,False,Cubic,2,"['Ag', 'Al', 'I', 'O', 'Si']","['Al', 'Si', 'Ag', 'I', 'O']",Al,aluminum,,"['aluminum', 'silver']",aluminum,Aluminum,2631.69583333333,($/mt),2025.0,primary_element_proxy,medium,0.38564476885644766,5,low_cost
mp-1229069,Al3Tl4Fe(As2O7)4,al3tl4fe_as2o7_4,"['Al', 'As', 'Fe', 'O', 'Tl']","['Al', 'As', 'Fe', 'O', 'Tl']",Al_As_Fe_O_Tl,al_as_fe_o_tl,True,False,Triclinic,2,"['Al', 'As', 'Fe', 'O', 'Tl']","['Al', 'Tl', 'Fe', 'As', 'O']",Al,aluminum,,['aluminum'],aluminum,Aluminum,2631.69583333333,($/mt),2025.0,primary_element_proxy,medium,0.38564476885644766,5,low_cost
mp-31408,Al4(B2O5)3,al4_b2o5_3,"['Al', 'B', 'O']","['Al', 'B', 'O']",Al_B_O,al_b_o,True,False,Trigonal,2,"['Al', 'B', 'O']","['Al', 'B', 'O']",Al,aluminum,,['aluminum'],aluminum,Aluminum,2631.69583333333,($/mt),2025.0,primary_element_proxy,medium,0.38564476885644766,5,low_cost
mp-1229135,Al4B2O9,al4b2o9,"['Al', 'B', 'O']","['Al', 'B', 'O']",Al_B_O,al_b_o,True,False,Monoclinic,2,"['Al', 'B', 'O']","['Al', 'B', 'O']",Al,aluminum,,['aluminum'],aluminum,Aluminum,2631.69583333333,($/mt),2025.0,primary_element_proxy,medium,0.38564476885644766,5,low_cost
mp-23426,Al4Bi2O9,al4bi2o9,"['Al', 'Bi', 'O']","['Al', 'Bi', 'O']",Al_Bi_O,al_bi_o,True,False,Orthorhombic,2,"['Al', 'Bi', 'O']","['Al', 'Bi', 'O']",Al,aluminum,,['aluminum'],aluminum,Aluminum,2631.69583333333,($/mt),2025.0,primary_element_proxy,medium,0.38564476885644766,5,low_cost
mp-13703,Al4CO4,al4co4,"['Al', 'C', 'O']","['Al', 'C', 'O']",Al_C_O,al_c_o,True,False,Orthorhombic,2,"['Al', 'C', 'O']","['Al', 'C', 'O']",Al,aluminum,,['aluminum'],aluminum,Aluminum,2631.69583333333,($/mt),2025.0,primary_element_proxy,medium,0.38564476885644766,5,low_cost
mp-1190488,Al4CdO7,al4cdo7,"['Al', 'Cd', 'O']","['Al', 'Cd', 'O']",Al_Cd_O,al_cd_o,True,False,Monoclinic,2,"['Al', 'Cd', 'O']","['Al', 'Cd', 'O']",Al,aluminum,,['aluminum'],aluminum,Aluminum,2631.69583333333,($/mt),2025.0,primary_element_proxy,medium,0.38564476885644766,5,low_cost
mp-1204107,Al4Fe2Si5O18,al4fe2si5o18,"['Al', 'Fe', 'O', 'Si']","['Al', 'Fe', 'O', 'Si']",Al_Fe_O_Si,al_fe_o_si,True,False,Orthorhombic,2,"['Al', 'Fe', 'O', 'Si']","['Al', 'Fe', 'Si', 'O']",Al,aluminum,,['aluminum'],aluminum,Aluminum,2631.69583333333,($/mt),2025.0,primary_element_proxy,medium,0.38564476885644766,5,low_cost
mp-3281,Al5BO9,al5bo9,"['Al', 'B', 'O']","['Al', 'B', 'O']",Al_B_O,al_b_o,True,False,Orthorhombic,2,"['Al', 'B', 'O']","['Al', 'B', 'O']",Al,aluminum,,['aluminum'],aluminum,Aluminum,2631.69583333333,($/mt),2025.0,primary_element_proxy,medium,0.38564476885644766,5,low_cost
mp-6738,Al6B5(O5F)3,al6b5_o5f_3,"['Al', 'B', 'F', 'O']","['Al', 'B', 'F', 'O']",Al_B_F_O,al_b_f_o,True,False,Hexagonal,2,"['Al', 'B', 'F', 'O']","['Al', 'B', 'O', 'F']",Al,aluminum,,['aluminum'],aluminum,Aluminum,2631.69583333333,($/mt),2025.0,primary_element_proxy,medium,0.38564476885644766,5,low_cost
mp-9203,Al6Cd4SO12,al6cd4so12,"['Al', 'Cd', 'O', 'S']","['Al', 'Cd', 'O', 'S']",Al_Cd_O_S,al_cd_o_s,True,False,Cubic,2,"['Al', 'Cd', 'O', 'S']","['Al', 'Cd', 'S', 'O']",Al,aluminum,,['aluminum'],aluminum,Aluminum,2631.69583333333,($/mt),2025.0,primary_element_proxy,medium,0.38564476885644766,5,low_cost
mp-9535,Al6Cd4TeO12,al6cd4teo12,"['Al', 'Cd', 'O', 'Te']","['Al', 'Cd', 'O', 'Te']",Al_Cd_O_Te,al_cd_o_te,True,False,Cubic,2,"['Al', 'Cd', 'O', 'Te']","['Al', 'Cd', 'Te', 'O']",Al,aluminum,,['aluminum'],aluminum,Aluminum,2631.69583333333,($/mt),2025.0,primary_element_proxy,medium,0.38564476885644766,5,low_cost
mp-1228228,Al7Cr(Bi2O9)2,al7cr_bi2o9_2,"['Al', 'Bi', 'Cr', 'O']","['Al', 'Bi', 'Cr', 'O']",Al_Bi_Cr_O,al_bi_cr_o,True,False,Monoclinic,2,"['Al', 'Bi', 'Cr', 'O']","['Al', 'Cr', 'Bi', 'O']",Al,aluminum,,['aluminum'],aluminum,Aluminum,2631.69583333333,($/mt),2025.0,primary_element_proxy,medium,0.38564476885644766,5,low_cost
mp-9631,AlAgO2,alago2,"['Ag', 'Al', 'O']","['Ag', 'Al', 'O']",Ag_Al_O,ag_al_o,True,False,Hexagonal,2,"['Ag', 'Al', 'O']","['Al', 'Ag', 'O']",Al,aluminum,,"['aluminum', 'silver']",aluminum,Aluminum,2631.69583333333,($/mt),2025.0,primary_element_proxy,medium,0.38564476885644766,5,low_cost
mp-5189,AlAsO4,alaso4,"['Al', 'As', 'O']","['Al', 'As', 'O']",Al_As_O,al_as_o,True,False,Trigonal,2,"['Al', 'As', 'O']","['Al', 'As', 'O']",Al,aluminum,,['aluminum'],aluminum,Aluminum,2631.69583333333,($/mt),2025.0,primary_element_proxy,medium,0.38564476885644766,5,low_cost
mp-558137,AlBPbO4,albpbo4,"['Al', 'B', 'O', 'Pb']","['Al', 'B', 'O', 'Pb']",Al_B_O_Pb,al_b_o_pb,True,False,Orthorhombic,2,"['Al', 'B', 'O', 'Pb']","['Al', 'B', 'Pb', 'O']",Al,aluminum,,"['aluminum', 'lead']",aluminum,Aluminum,2631.69583333333,($/mt),2025.0,primary_element_proxy,medium,0.38564476885644766,5,low_cost
mp-1214833,AlBrO,albro,"['Al', 'Br', 'O']","['Al', 'Br', 'O']",Al_Br_O,al_br_o,True,False,Orthorhombic,2,"['Al', 'Br', 'O']","['Al', 'Br', 'O']",Al,aluminum,,['aluminum'],aluminum,Aluminum,2631.69583333333,($/mt),2025.0,primary_element_proxy,medium,0.38564476885644766,5,low_cost
mp-27863,AlClO,alclo,"['Al', 'Cl', 'O']","['Al', 'Cl', 'O']",Al_Cl_O,al_cl_o,True,False,Orthorhombic,2,"['Al', 'Cl', 'O']","['Al', 'Cl', 'O']",Al,aluminum,,['aluminum'],aluminum,Aluminum,2631.69583333333,($/mt),2025.0,primary_element_proxy,medium,0.38564476885644766,5,low_cost
mp-1199198,Al2B3HO8,al2b3ho8,"['Al', 'B', 'H', 'O']","['Al', 'B', 'H', 'O']",Al_B_H_O,al_b_h_o,True,False,Orthorhombic,2,"['Al', 'B', 'H', 'O']","['Al', 'B', 'H', 'O']",Al,aluminum,,['aluminum'],aluminum,Aluminum,2631.69583333333,($/mt),2025.0,primary_element_proxy,medium,0.38564476885644766,5,low_cost
mp-756970,Al2(SeO4)3,al2_seo4_3,"['Al', 'O', 'Se']","['Al', 'O', 'Se']",Al_O_Se,al_o_se,True,False,Trigonal,2,"['Al', 'O', 'Se']","['Al', 'Se', 'O']",Al,aluminum,,['aluminum'],aluminum,Aluminum,2631.69583333333,($/mt),2025.0,primary_element_proxy,medium,0.38564476885644766,5,low_cost
mp-4417,Al2(SO4)3,al2_so4_3,"['Al', 'O', 'S']","['Al', 'O', 'S']",Al_O_S,al_o_s,True,False,Trigonal,2,"['Al', 'O', 'S']","['Al', 'S', 'O']",Al,aluminum,,['aluminum'],aluminum,Aluminum,2631.69583333333,($/mt),2025.0,primary_element_proxy,medium,0.38564476885644766,5,low_cost
mp-19521,Al2(MoO4)3,al2_moo4_3,"['Al', 'Mo', 'O']","['Al', 'Mo', 'O']",Al_Mo_O,al_mo_o,True,False,Orthorhombic,2,"['Al', 'Mo', 'O']","['Al', 'Mo', 'O']",Al,aluminum,,['aluminum'],aluminum,Aluminum,2631.69583333333,($/mt),2025.0,primary_element_proxy,medium,0.38564476885644766,5,low_cost
mp-1029975,Al2(CN2)3,al2_cn2_3,"['Al', 'C', 'N']","['Al', 'C', 'N']",Al_C_N,al_c_n,True,False,Trigonal,2,"['Al', 'C', 'N']","['Al', 'C', 'N']",Al,aluminum,,['aluminum'],aluminum,Aluminum,2631.69583333333,($/mt),2025.0,primary_element_proxy,medium,0.38564476885644766,5,low_cost
mp-758571,Al11TlO17,al11tlo17,"['Al', 'O', 'Tl']","['Al', 'O', 'Tl']",Al_O_Tl,al_o_tl,True,False,Orthorhombic,2,"['Al', 'O', 'Tl']","['Al', 'Tl', 'O']",Al,aluminum,,['aluminum'],aluminum,Aluminum,2631.69583333333,($/mt),2025.0,primary_element_proxy,medium,0.38564476885644766,5,low_cost
mp-13903,ZnSnF6,znsnf6,"['F', 'Sn', 'Zn']","['F', 'Sn', 'Zn']",F_Sn_Zn,f_sn_zn,True,False,Trigonal,2,"['F', 'Sn', 'Zn']","['Zn', 'Sn', 'F']",Zn,zinc,,"['zinc', 'tin']",zinc,Zinc,2867.52833333333,($/mt),2025.0,primary_element_proxy,medium,0.597323600973236,6,medium_cost
mp-1194155,ZnSn2H12(OF)6,znsn2h12_of_6,"['F', 'H', 'O', 'Sn', 'Zn']","['F', 'H', 'O', 'Sn', 'Zn']",F_H_O_Sn_Zn,f_h_o_sn_zn,True,False,Triclinic,2,"['F', 'H', 'O', 'Sn', 'Zn']","['Zn', 'Sn', 'H', 'O', 'F']",Zn,zinc,,"['zinc', 'tin']",zinc,Zinc,2867.52833333333,($/mt),2025.0,primary_element_proxy,medium,0.597323600973236,6,medium_cost
mp-21724,ZnSiPbO4,znsipbo4,"['O', 'Pb', 'Si', 'Zn']","['O', 'Pb', 'Si', 'Zn']",O_Pb_Si_Zn,o_pb_si_zn,True,False,Orthorhombic,2,"['O', 'Pb', 'Si', 'Zn']","['Zn', 'Si', 'Pb', 'O']",Zn,zinc,,"['zinc', 'lead']",zinc,Zinc,2867.52833333333,($/mt),2025.0,primary_element_proxy,medium,0.597323600973236,6,medium_cost
mp-1020712,ZnSiN2,znsin2,"['N', 'Si', 'Zn']","['N', 'Si', 'Zn']",N_Si_Zn,n_si_zn,True,False,Orthorhombic,2,"['N', 'Si', 'Zn']","['Zn', 'Si', 'N']",Zn,zinc,,['zinc'],zinc,Zinc,2867.52833333333,($/mt),2025.0,primary_element_proxy,medium,0.597323600973236,6,medium_cost
mp-40134,ZnSiH12(OF)6,znsih12_of_6,"['F', 'H', 'O', 'Si', 'Zn']","['F', 'H', 'O', 'Si', 'Zn']",F_H_O_Si_Zn,f_h_o_si_zn,True,False,Trigonal,2,"['F', 'H', 'O', 'Si', 'Zn']","['Zn', 'Si', 'H', 'O', 'F']",Zn,zinc,,['zinc'],zinc,Zinc,2867.52833333333,($/mt),2025.0,primary_element_proxy,medium,0.597323600973236,6,medium_cost
mp-778924,ZnSeO4,znseo4,"['O', 'Se', 'Zn']","['O', 'Se', 'Zn']",O_Se_Zn,o_se_zn,True,False,Orthorhombic,2,"['O', 'Se', 'Zn']","['Zn', 'Se', 'O']",Zn,zinc,,['zinc'],zinc,Zinc,2867.52833333333,($/mt),2025.0,primary_element_proxy,medium,0.597323600973236,6,medium_cost
mp-5338,ZnSeO3,znseo3,"['O', 'Se', 'Zn']","['O', 'Se', 'Zn']",O_Se_Zn,o_se_zn,True,False,Orthorhombic,2,"['O', 'Se', 'Zn']","['Zn', 'Se', 'O']",Zn,zinc,,['zinc'],zinc,Zinc,2867.52833333333,($/mt),2025.0,primary_element_proxy,medium,0.597323600973236,6,medium_cost
mp-18373,ZnSe2O5,znse2o5,"['O', 'Se', 'Zn']","['O', 'Se', 'Zn']",O_Se_Zn,o_se_zn,True,False,Orthorhombic,2,"['O', 'Se', 'Zn']","['Zn', 'Se', 'O']",Zn,zinc,,['zinc'],zinc,Zinc,2867.52833333333,($/mt),2025.0,primary_element_proxy,medium,0.597323600973236,6,medium_cost
mp-1199855,ZnSb2Cl2O3,znsb2cl2o3,"['Cl', 'O', 'Sb', 'Zn']","['Cl', 'O', 'Sb', 'Zn']",Cl_O_Sb_Zn,cl_o_sb_zn,True,False,Orthorhombic,2,"['Cl', 'O', 'Sb', 'Zn']","['Zn', 'Sb', 'Cl', 'O']",Zn,zinc,,['zinc'],zinc,Zinc,2867.52833333333,($/mt),2025.0,primary_element_proxy,medium,0.597323600973236,6,medium_cost
mp-561492,ZnSb2(XeF4)6,znsb2_xef4_6,"['F', 'Sb', 'Xe', 'Zn']","['F', 'Sb', 'Xe', 'Zn']",F_Sb_Xe_Zn,f_sb_xe_zn,True,False,Trigonal,2,"['F', 'Sb', 'Xe', 'Zn']","['Zn', 'Sb', 'Xe', 'F']",Zn,zinc,,['zinc'],zinc,Zinc,2867.52833333333,($/mt),2025.0,primary_element_proxy,medium,0.597323600973236,6,medium_cost
mp-5126,ZnSO4,znso4,"['O', 'S', 'Zn']","['O', 'S', 'Zn']",O_S_Zn,o_s_zn,True,False,Orthorhombic,2,"['O', 'S', 'Zn']","['Zn', 'S', 'O']",Zn,zinc,,['zinc'],zinc,Zinc,2867.52833333333,($/mt),2025.0,primary_element_proxy,medium,0.597323600973236,6,medium_cost
mp-8256,ZnPtF6,znptf6,"['F', 'Pt', 'Zn']","['F', 'Pt', 'Zn']",F_Pt_Zn,f_pt_zn,True,False,Trigonal,2,"['F', 'Pt', 'Zn']","['Zn', 'Pt', 'F']",Zn,zinc,,"['zinc', 'platinum']",zinc,Zinc,2867.52833333333,($/mt),2025.0,primary_element_proxy,medium,0.597323600973236,6,medium_cost
mp-13983,ZnPdF6,znpdf6,"['F', 'Pd', 'Zn']","['F', 'Pd', 'Zn']",F_Pd_Zn,f_pd_zn,True,False,Trigonal,2,"['F', 'Pd', 'Zn']","['Zn', 'Pd', 'F']",Zn,zinc,,['zinc'],zinc,Zinc,2867.52833333333,($/mt),2025.0,primary_element_proxy,medium,0.597323600973236,6,medium_cost
mp-13610,ZnPbF6,znpbf6,"['F', 'Pb', 'Zn']","['F', 'Pb', 'Zn']",F_Pb_Zn,f_pb_zn,True,False,Trigonal,2,"['F', 'Pb', 'Zn']","['Zn', 'Pb', 'F']",Zn,zinc,,"['zinc', 'lead']",zinc,Zinc,2867.52833333333,($/mt),2025.0,primary_element_proxy,medium,0.597323600973236,6,medium_cost
mp-20006,ZnPb2F6,znpb2f6,"['F', 'Pb', 'Zn']","['F', 'Pb', 'Zn']",F_Pb_Zn,f_pb_zn,True,False,Tetragonal,2,"['F', 'Pb', 'Zn']","['Zn', 'Pb', 'F']",Zn,zinc,,"['zinc', 'lead']",zinc,Zinc,2867.52833333333,($/mt),2025.0,primary_element_proxy,medium,0.597323600973236,6,medium_cost
mp-759413,ZnPH4NO4,znph4no4,"['H', 'N', 'O', 'P', 'Zn']","['H', 'N', 'O', 'P', 'Zn']",H_N_O_P_Zn,h_n_o_p_zn,True,False,Hexagonal,2,"['H', 'N', 'O', 'P', 'Zn']","['Zn', 'P', 'H', 'N', 'O']",Zn,zinc,,"['zinc', 'phosphate_rock']",zinc,Zinc,2867.52833333333,($/mt),2025.0,primary_element_proxy,medium,0.597323600973236,6,medium_cost
mp-1190321,Zn3P2Pb3WO14,zn3p2pb3wo14,"['O', 'P', 'Pb', 'W', 'Zn']","['O', 'P', 'Pb', 'W', 'Zn']",O_P_Pb_W_Zn,o_p_pb_w_zn,True,False,Trigonal,2,"['O', 'P', 'Pb', 'W', 'Zn']","['Zn', 'P', 'Pb', 'W', 'O']",Zn,zinc,,"['zinc', 'phosphate_rock', 'lead']",zinc,Zinc,2867.52833333333,($/mt),2025.0,primary_element_proxy,medium,0.597323600973236,6,medium_cost
mp-30986,Zn3S2O9,zn3s2o9,"['O', 'S', 'Zn']","['O', 'S', 'Zn']",O_S_Zn,o_s_zn,True,False,Monoclinic,2,"['O', 'S', 'Zn']","['Zn', 'S', 'O']",Zn,zinc,,['zinc'],zinc,Zinc,2867.52833333333,($/mt),2025.0,primary_element_proxy,medium,0.597323600973236,6,medium_cost
mp-1195381,Zn3Te2P2(PbO7)2,zn3te2p2_pbo7_2,"['O', 'P', 'Pb', 'Te', 'Zn']","['O', 'P', 'Pb', 'Te', 'Zn']",O_P_Pb_Te_Zn,o_p_pb_te_zn,True,False,Monoclinic,2,"['O', 'P', 'Pb', 'Te', 'Zn']","['Zn', 'Te', 'P', 'Pb', 'O']",Zn,zinc,,"['zinc', 'phosphate_rock', 'lead']",zinc,Zinc,2867.52833333333,($/mt),2025.0,primary_element_proxy,medium,0.597323600973236,6,medium_cost
mp-558298,Zn3TeAs2Pb3O14,zn3teas2pb3o14,"['As', 'O', 'Pb', 'Te', 'Zn']","['As', 'O', 'Pb', 'Te', 'Zn']",As_O_Pb_Te_Zn,as_o_pb_te_zn,True,False,Trigonal,2,"['As', 'O', 'Pb', 'Te', 'Zn']","['Zn', 'Te', 'As', 'Pb', 'O']",Zn,zinc,,"['zinc', 'lead']",zinc,Zinc,2867.52833333333,($/mt),2025.0,primary_element_proxy,medium,0.597323600973236,6,medium_cost
mp-13199,Zn3TeO6,zn3teo6,"['O', 'Te', 'Zn']","['O', 'Te', 'Zn']",O_Te_Zn,o_te_zn,True,False,Monoclinic,2,"['O', 'Te', 'Zn']","['Zn', 'Te', 'O']",Zn,zinc,,['zinc'],zinc,Zinc,2867.52833333333,($/mt),2025.0,primary_element_proxy,medium,0.597323600973236,6,medium_cost
mp-4812,Zn4B6O13,zn4b6o13,"['B', 'O', 'Zn']","['B', 'O', 'Zn']",B_O_Zn,b_o_zn,True,False,Cubic,2,"['B', 'O', 'Zn']","['Zn', 'B', 'O']",Zn,zinc,,['zinc'],zinc,Zinc,2867.52833333333,($/mt),2025.0,primary_element_proxy,medium,0.597323600973236,6,medium_cost
mp-14921,Zn4B6SeO12,zn4b6seo12,"['B', 'O', 'Se', 'Zn']","['B', 'O', 'Se', 'Zn']",B_O_Se_Zn,b_o_se_zn,True,False,Cubic,2,"['B', 'O', 'Se', 'Zn']","['Zn', 'B', 'Se', 'O']",Zn,zinc,,['zinc'],zinc,Zinc,2867.52833333333,($/mt),2025.0,primary_element_proxy,medium,0.597323600973236,6,medium_cost
mp-1046528,Zn4Co5(TeO6)3,zn4co5_teo6_3,"['Co', 'O', 'Te', 'Zn']","['Co', 'O', 'Te', 'Zn']",Co_O_Te_Zn,co_o_te_zn,True,False,Monoclinic,2,"['Co', 'O', 'Te', 'Zn']","['Zn', 'Co', 'Te', 'O']",Zn,zinc,,['zinc'],zinc,Zinc,2867.52833333333,($/mt),2025.0,primary_element_proxy,medium,0.597323600973236,6,medium_cost
mp-1200255,Zn4P3H7(NO6)2,zn4p3h7_no6_2,"['H', 'N', 'O', 'P', 'Zn']","['H', 'N', 'O', 'P', 'Zn']",H_N_O_P_Zn,h_n_o_p_zn,True,False,Triclinic,2,"['H', 'N', 'O', 'P', 'Zn']","['Zn', 'P', 'H', 'N', 'O']",Zn,zinc,,"['zinc', 'phosphate_rock']",zinc,Zinc,2867.52833333333,($/mt),2025.0,primary_element_proxy,medium,0.597323600973236,6,medium_cost
mp-557537,Zn4P6N12O,zn4p6n12o,"['N', 'O', 'P', 'Zn']","['N', 'O', 'P', 'Zn']",N_O_P_Zn,n_o_p_zn,True,False,Cubic,2,"['N', 'O', 'P', 'Zn']","['Zn', 'P', 'N', 'O']",Zn,zinc,,"['zinc', 'phosphate_rock']",zinc,Zinc,2867.52833333333,($/mt),2025.0,primary_element_proxy,medium,0.597323600973236,6,medium_cost
mp-15833,Zn4P6SN12,zn4p6sn12,"['N', 'P', 'S', 'Zn']","['N', 'P', 'S', 'Zn']",N_P_S_Zn,n_p_s_zn,True,False,Cubic,2,"['N', 'P', 'S', 'Zn']","['Zn', 'P', 'S', 'N']",Zn,zinc,,"['zinc', 'phosphate_rock']",zinc,Zinc,2867.52833333333,($/mt),2025.0,primary_element_proxy,medium,0.597323600973236,6,medium_cost
mp-558938,Zn4SiTePbO10,zn4sitepbo10,"['O', 'Pb', 'Si', 'Te', 'Zn']","['O', 'Pb', 'Si', 'Te', 'Zn']",O_Pb_Si_Te_Zn,o_pb_si_te_zn,True,False,Orthorhombic,2,"['O', 'Pb', 'Si', 'Te', 'Zn']","['Zn', 'Si', 'Te', 'Pb', 'O']",Zn,zinc,,"['zinc', 'lead']",zinc,Zinc,2867.52833333333,($/mt),2025.0,primary_element_proxy,medium,0.597323600973236,6,medium_cost
mp-1216191,Zn6B3HO11,zn6b3ho11,"['B', 'H', 'O', 'Zn']","['B', 'H', 'O', 'Zn']",B_H_O_Zn,b_h_o_zn,True,False,Trigonal,2,"['B', 'H', 'O', 'Zn']","['Zn', 'B', 'H', 'O']",Zn,zinc,,['zinc'],zinc,Zinc,2867.52833333333,($/mt),2025.0,primary_element_proxy,medium,0.597323600973236,6,medium_cost
mp-1193999,ZnAgPO4,znagpo4,"['Ag', 'O', 'P', 'Zn']","['Ag', 'O', 'P', 'Zn']",Ag_O_P_Zn,ag_o_p_zn,True,False,Monoclinic,2,"['Ag', 'O', 'P', 'Zn']","['Zn', 'Ag', 'P', 'O']",Zn,zinc,,"['zinc', 'silver', 'phosphate_rock']",zinc,Zinc,2867.52833333333,($/mt),2025.0,primary_element_proxy,medium,0.597323600973236,6,medium_cost
mp-1215782,ZnGa2(TeO3)4,znga2_teo3_4,"['Ga', 'O', 'Te', 'Zn']","['Ga', 'O', 'Te', 'Zn']",Ga_O_Te_Zn,ga_o_te_zn,True,False,Tetragonal,2,"['Ga', 'O', 'Te', 'Zn']","['Zn', 'Ga', 'Te', 'O']",Zn,zinc,,['zinc'],zinc,Zinc,2867.52833333333,($/mt),2025.0,primary_element_proxy,medium,0.597323600973236,6,medium_cost
mp-707960,ZnH12C2(N3Cl2)2,znh12c2_n3cl2_2,"['C', 'Cl', 'H', 'N', 'Zn']","['C', 'Cl', 'H', 'N', 'Zn']",C_Cl_H_N_Zn,c_cl_h_n_zn,True,False,Triclinic,2,"['C', 'Cl', 'H', 'N', 'Zn']","['Zn', 'H', 'C', 'N', 'Cl']",Zn,zinc,,['zinc'],zinc,Zinc,2867.52833333333,($/mt),2025.0,primary_element_proxy,medium,0.597323600973236,6,medium_cost
mp-12233,ZnB4O7,znb4o7,"['B', 'O', 'Zn']","['B', 'O', 'Zn']",B_O_Zn,b_o_zn,True,False,Orthorhombic,2,"['B', 'O', 'Zn']","['Zn', 'B', 'O']",Zn,zinc,,['zinc'],zinc,Zinc,2867.52833333333,($/mt),2025.0,primary_element_proxy,medium,0.597323600973236,6,medium_cost
mp-510279,ZnAsHPbO5,znashpbo5,"['As', 'H', 'O', 'Pb', 'Zn']","['As', 'H', 'O', 'Pb', 'Zn']",As_H_O_Pb_Zn,as_h_o_pb_zn,True,False,Orthorhombic,2,"['As', 'H', 'O', 'Pb', 'Zn']","['Zn', 'As', 'H', 'Pb', 'O']",Zn,zinc,,"['zinc', 'lead']",zinc,Zinc,2867.52833333333,($/mt),2025.0,primary_element_proxy,medium,0.597323600973236,6,medium_cost
mp-761169,Zn2Hg2H2S2O11,zn2hg2h2s2o11,"['H', 'Hg', 'O', 'S', 'Zn']","['H', 'Hg', 'O', 'S', 'Zn']",H_Hg_O_S_Zn,h_hg_o_s_zn,True,False,Orthorhombic,2,"['H', 'Hg', 'O', 'S', 'Zn']","['Zn', 'Hg', 'H', 'S', 'O']",Zn,zinc,,['zinc'],zinc,Zinc,2867.52833333333,($/mt),2025.0,primary_element_proxy,medium,0.597323600973236,6,medium_cost
mp-17972,Zn2Hg2OF6,zn2hg2of6,"['F', 'Hg', 'O', 'Zn']","['F', 'Hg', 'O', 'Zn']",F_Hg_O_Zn,f_hg_o_zn,True,False,Cubic,2,"['F', 'Hg', 'O', 'Zn']","['Zn', 'Hg', 'O', 'F']",Zn,zinc,,['zinc'],zinc,Zinc,2867.52833333333,($/mt),2025.0,primary_element_proxy,medium,0.597323600973236,6,medium_cost
mp-557746,Zn2SeCl2O3,zn2secl2o3,"['Cl', 'O', 'Se', 'Zn']","['Cl', 'O', 'Se', 'Zn']",Cl_O_Se_Zn,cl_o_se_zn,True,False,Orthorhombic,2,"['Cl', 'O', 'Se', 'Zn']","['Zn', 'Se', 'Cl', 'O']",Zn,zinc,,['zinc'],zinc,Zinc,2867.52833333333,($/mt),2025.0,primary_element_proxy,medium,0.597323600973236,6,medium_cost
mp-559184,Zn2Si3Pb4SO15,zn2si3pb4so15,"['O', 'Pb', 'S', 'Si', 'Zn']","['O', 'Pb', 'S', 'Si', 'Zn']",O_Pb_S_Si_Zn,o_pb_s_si_zn,True,False,Monoclinic,2,"['O', 'Pb', 'S', 'Si', 'Zn']","['Zn', 'Si', 'Pb', 'S', 'O']",Zn,zinc,,"['zinc', 'lead']",zinc,Zinc,2867.52833333333,($/mt),2025.0,primary_element_proxy,medium,0.597323600973236,6,medium_cost
mp-1191333,Zn2MoSeO7,zn2moseo7,"['Mo', 'O', 'Se', 'Zn']","['Mo', 'O', 'Se', 'Zn']",Mo_O_Se_Zn,mo_o_se_zn,True,False,Monoclinic,2,"['Mo', 'O', 'Se', 'Zn']","['Zn', 'Mo', 'Se', 'O']",Zn,zinc,,['zinc'],zinc,Zinc,2867.52833333333,($/mt),2025.0,primary_element_proxy,medium,0.597323600973236,6,medium_cost
mp-1102523,Zn2PN3,zn2pn3,"['N', 'P', 'Zn']","['N', 'P', 'Zn']",N_P_Zn,n_p_zn,True,False,Orthorhombic,2,"['N', 'P', 'Zn']","['Zn', 'P', 'N']",Zn,zinc,,"['zinc', 'phosphate_rock']",zinc,Zinc,2867.52833333333,($/mt),2025.0,primary_element_proxy,medium,0.597323600973236,6,medium_cost
mp-1192126,Zn2TeMoO7,zn2temoo7,"['Mo', 'O', 'Te', 'Zn']","['Mo', 'O', 'Te', 'Zn']",Mo_O_Te_Zn,mo_o_te_zn,True,False,Monoclinic,2,"['Mo', 'O', 'Te', 'Zn']","['Zn', 'Te', 'Mo', 'O']",Zn,zinc,,['zinc'],zinc,Zinc,2867.52833333333,($/mt),2025.0,primary_element_proxy,medium,0.597323600973236,6,medium_cost
mp-27580,Zn3(AsO3)2,zn3_aso3_2,"['As', 'O', 'Zn']","['As', 'O', 'Zn']",As_O_Zn,as_o_zn,True,False,Orthorhombic,2,"['As', 'O', 'Zn']","['Zn', 'As', 'O']",Zn,zinc,,['zinc'],zinc,Zinc,2867.52833333333,($/mt),2025.0,primary_element_proxy,medium,0.597323600973236,6,medium_cost
mp-16834,Zn3(AsO4)2,zn3_aso4_2,"['As', 'O', 'Zn']","['As', 'O', 'Zn']",As_O_Zn,as_o_zn,True,False,Monoclinic,2,"['As', 'O', 'Zn']","['Zn', 'As', 'O']",Zn,zinc,,['zinc'],zinc,Zinc,2867.52833333333,($/mt),2025.0,primary_element_proxy,medium,0.597323600973236,6,medium_cost
mp-557920,Zn3(PO4)2,zn3_po4_2,"['O', 'P', 'Zn']","['O', 'P', 'Zn']",O_P_Zn,o_p_zn,True,False,Monoclinic,2,"['O', 'P', 'Zn']","['Zn', 'P', 'O']",Zn,zinc,,"['zinc', 'phosphate_rock']",zinc,Zinc,2867.52833333333,($/mt),2025.0,primary_element_proxy,medium,0.597323600973236,6,medium_cost
mp-1216036,Zn3Co4(SbO6)2,zn3co4_sbo6_2,"['Co', 'O', 'Sb', 'Zn']","['Co', 'O', 'Sb', 'Zn']",Co_O_Sb_Zn,co_o_sb_zn,True,False,Triclinic,2,"['Co', 'O', 'Sb', 'Zn']","['Zn', 'Co', 'Sb', 'O']",Zn,zinc,,['zinc'],zinc,Zinc,2867.52833333333,($/mt),2025.0,primary_element_proxy,medium,0.597323600973236,6,medium_cost
mp-555802,Zn3Fe2(SeO3)6,zn3fe2_seo3_6,"['Fe', 'O', 'Se', 'Zn']","['Fe', 'O', 'Se', 'Zn']",Fe_O_Se_Zn,fe_o_se_zn,True,False,Monoclinic,2,"['Fe', 'O', 'Se', 'Zn']","['Zn', 'Fe', 'Se', 'O']",Zn,zinc,,['zinc'],zinc,Zinc,2867.52833333333,($/mt),2025.0,primary_element_proxy,medium,0.597323600973236,6,medium_cost
mp-3789,Zn2SiO4,zn2sio4,"['O', 'Si', 'Zn']","['O', 'Si', 'Zn']",O_Si_Zn,o_si_zn,True,False,Trigonal,2,"['O', 'Si', 'Zn']","['Zn', 'Si', 'O']",Zn,zinc,,['zinc'],zinc,Zinc,2867.52833333333,($/mt),2025.0,primary_element_proxy,medium,0.597323600973236,6,medium_cost
mp-3502,Zn2Te3O8,zn2te3o8,"['O', 'Te', 'Zn']","['O', 'Te', 'Zn']",O_Te_Zn,o_te_zn,True,False,Monoclinic,2,"['O', 'Te', 'Zn']","['Zn', 'Te', 'O']",Zn,zinc,,['zinc'],zinc,Zinc,2867.52833333333,($/mt),2025.0,primary_element_proxy,medium,0.597323600973236,6,medium_cost
mp-1216023,Zn3Ni4(SbO6)2,zn3ni4_sbo6_2,"['Ni', 'O', 'Sb', 'Zn']","['Ni', 'O', 'Sb', 'Zn']",Ni_O_Sb_Zn,ni_o_sb_zn,True,False,Monoclinic,2,"['Ni', 'O', 'Sb', 'Zn']","['Zn', 'Ni', 'Sb', 'O']",Zn,zinc,,"['zinc', 'nickel']",zinc,Zinc,2867.52833333333,($/mt),2025.0,primary_element_proxy,medium,0.597323600973236,6,medium_cost
mp-39215,Zn3GaB6PO12,zn3gab6po12,"['B', 'Ga', 'O', 'P', 'Zn']","['B', 'Ga', 'O', 'P', 'Zn']",B_Ga_O_P_Zn,b_ga_o_p_zn,True,False,Trigonal,2,"['B', 'Ga', 'O', 'P', 'Zn']","['Zn', 'Ga', 'B', 'P', 'O']",Zn,zinc,,"['zinc', 'phosphate_rock']",zinc,Zinc,2867.52833333333,($/mt),2025.0,primary_element_proxy,medium,0.597323600973236,6,medium_cost
mp-24502,ZnH2(SO4)2,znh2_so4_2,"['H', 'O', 'S', 'Zn']","['H', 'O', 'S', 'Zn']",H_O_S_Zn,h_o_s_zn,True,False,Monoclinic,2,"['H', 'O', 'S', 'Zn']","['Zn', 'H', 'S', 'O']",Zn,zinc,,['zinc'],zinc,Zinc,2867.52833333333,($/mt),2025.0,primary_element_proxy,medium,0.597323600973236,6,medium_cost
mp-24547,ZnH2(SeO4)2,znh2_seo4_2,"['H', 'O', 'Se', 'Zn']","['H', 'O', 'Se', 'Zn']",H_O_Se_Zn,h_o_se_zn,True,False,Monoclinic,2,"['H', 'O', 'Se', 'Zn']","['Zn', 'H', 'Se', 'O']",Zn,zinc,,['zinc'],zinc,Zinc,2867.52833333333,($/mt),2025.0,primary_element_proxy,medium,0.597323600973236,6,medium_cost
mp-604229,ZnH3CNO3,znh3cno3,"['C', 'H', 'N', 'O', 'Zn']","['C', 'H', 'N', 'O', 'Zn']",C_H_N_O_Zn,c_h_n_o_zn,True,False,Orthorhombic,2,"['C', 'H', 'N', 'O', 'Zn']","['Zn', 'H', 'C', 'N', 'O']",Zn,zinc,,['zinc'],zinc,Zinc,2867.52833333333,($/mt),2025.0,primary_element_proxy,medium,0.597323600973236,6,medium_cost
mp-1197946,ZnH6(SO4)4,znh6_so4_4,"['H', 'O', 'S', 'Zn']","['H', 'O', 'S', 'Zn']",H_O_S_Zn,h_o_s_zn,True,False,Monoclinic,2,"['H', 'O', 'S', 'Zn']","['Zn', 'H', 'S', 'O']",Zn,zinc,,['zinc'],zinc,Zinc,2867.52833333333,($/mt),2025.0,primary_element_proxy,medium,0.597323600973236,6,medium_cost
mp-643066,ZnH2SO5,znh2so5,"['H', 'O', 'S', 'Zn']","['H', 'O', 'S', 'Zn']",H_O_S_Zn,h_o_s_zn,True,False,Monoclinic,2,"['H', 'O', 'S', 'Zn']","['Zn', 'H', 'S', 'O']",Zn,zinc,,['zinc'],zinc,Zinc,2867.52833333333,($/mt),2025.0,primary_element_proxy,medium,0.597323600973236,6,medium_cost
mp-23969,ZnH2SeO5,znh2seo5,"['H', 'O', 'Se', 'Zn']","['H', 'O', 'Se', 'Zn']",H_O_Se_Zn,h_o_se_zn,True,False,Monoclinic,2,"['H', 'O', 'Se', 'Zn']","['Zn', 'H', 'Se', 'O']",Zn,zinc,,['zinc'],zinc,Zinc,2867.52833333333,($/mt),2025.0,primary_element_proxy,medium,0.597323600973236,6,medium_cost
mp-1201376,ZnIn2(SeO3)4,znin2_seo3_4,"['In', 'O', 'Se', 'Zn']","['In', 'O', 'Se', 'Zn']",In_O_Se_Zn,in_o_se_zn,True,False,Monoclinic,2,"['In', 'O', 'Se', 'Zn']","['Zn', 'In', 'Se', 'O']",Zn,zinc,,['zinc'],zinc,Zinc,2867.52833333333,($/mt),2025.0,primary_element_proxy,medium,0.597323600973236,6,medium_cost
mp-729903,ZnInH14O7F5,zninh14o7f5,"['F', 'H', 'In', 'O', 'Zn']","['F', 'H', 'In', 'O', 'Zn']",F_H_In_O_Zn,f_h_in_o_zn,True,False,Triclinic,2,"['F', 'H', 'In', 'O', 'Zn']","['Zn', 'In', 'H', 'O', 'F']",Zn,zinc,,['zinc'],zinc,Zinc,2867.52833333333,($/mt),2025.0,primary_element_proxy,medium,0.597323600973236,6,medium_cost
mp-1095420,ZnMoO4,znmoo4,"['Mo', 'O', 'Zn']","['Mo', 'O', 'Zn']",Mo_O_Zn,mo_o_zn,True,False,Monoclinic,2,"['Mo', 'O', 'Zn']","['Zn', 'Mo', 'O']",Zn,zinc,,['zinc'],zinc,Zinc,2867.52833333333,($/mt),2025.0,primary_element_proxy,medium,0.597323600973236,6,medium_cost
mp-1391273,ZnNiF6,znnif6,"['F', 'Ni', 'Zn']","['F', 'Ni', 'Zn']",F_Ni_Zn,f_ni_zn,True,False,Trigonal,2,"['F', 'Ni', 'Zn']","['Zn', 'Ni', 'F']",Zn,zinc,,"['zinc', 'nickel']",zinc,Zinc,2867.52833333333,($/mt),2025.0,primary_element_proxy,medium,0.597323600973236,6,medium_cost
mp-1215818,ZnNiTe3O8,znnite3o8,"['Ni', 'O', 'Te', 'Zn']","['Ni', 'O', 'Te', 'Zn']",Ni_O_Te_Zn,ni_o_te_zn,True,False,Monoclinic,2,"['Ni', 'O', 'Te', 'Zn']","['Zn', 'Ni', 'Te', 'O']",Zn,zinc,,"['zinc', 'nickel']",zinc,Zinc,2867.52833333333,($/mt),2025.0,primary_element_proxy,medium,0.597323600973236,6,medium_cost
mp-758284,ZnP2H7NO8,znp2h7no8,"['H', 'N', 'O', 'P', 'Zn']","['H', 'N', 'O', 'P', 'Zn']",H_N_O_P_Zn,h_n_o_p_zn,True,False,Monoclinic,2,"['H', 'N', 'O', 'P', 'Zn']","['Zn', 'P', 'H', 'N', 'O']",Zn,zinc,,"['zinc', 'phosphate_rock']",zinc,Zinc,2867.52833333333,($/mt),2025.0,primary_element_proxy,medium,0.597323600973236,6,medium_cost
mp-24664,ZnH8C2N4(ClO)2,znh8c2n4_clo_2,"['C', 'Cl', 'H', 'N', 'O', 'Zn']","['C', 'Cl', 'H', 'N', 'O', 'Zn']",C_Cl_H_N_O_Zn,c_cl_h_n_o_zn,True,False,Triclinic,2,"['C', 'Cl', 'H', 'N', 'O', 'Zn']","['Zn', 'H', 'C', 'N', 'Cl', 'O']",Zn,zinc,,['zinc'],zinc,Zinc,2867.52833333333,($/mt),2025.0,primary_element_proxy,medium,0.597323600973236,6,medium_cost
mp-24216,ZnHgAsHO5,znhgasho5,"['As', 'H', 'Hg', 'O', 'Zn']","['As', 'H', 'Hg', 'O', 'Zn']",As_H_Hg_O_Zn,as_h_hg_o_zn,True,False,Orthorhombic,2,"['As', 'H', 'Hg', 'O', 'Zn']","['Zn', 'Hg', 'As', 'H', 'O']",Zn,zinc,,['zinc'],zinc,Zinc,2867.52833333333,($/mt),2025.0,primary_element_proxy,medium,0.597323600973236,6,medium_cost
mp-15438,ZnP4O11,znp4o11,"['O', 'P', 'Zn']","['O', 'P', 'Zn']",O_P_Zn,o_p_zn,True,False,Monoclinic,2,"['O', 'P', 'Zn']","['Zn', 'P', 'O']",Zn,zinc,,"['zinc', 'phosphate_rock']",zinc,Zinc,2867.52833333333,($/mt),2025.0,primary_element_proxy,medium,0.597323600973236,6,medium_cost
mp-17924,ZnP2PbO7,znp2pbo7,"['O', 'P', 'Pb', 'Zn']","['O', 'P', 'Pb', 'Zn']",O_P_Pb_Zn,o_p_pb_zn,True,False,Monoclinic,2,"['O', 'P', 'Pb', 'Zn']","['Zn', 'P', 'Pb', 'O']",Zn,zinc,,"['zinc', 'phosphate_rock', 'lead']",zinc,Zinc,2867.52833333333,($/mt),2025.0,primary_element_proxy,medium,0.597323600973236,6,medium_cost
mp-24657,ZnBP2H4NO8,znbp2h4no8,"['B', 'H', 'N', 'O', 'P', 'Zn']","['B', 'H', 'N', 'O', 'P', 'Zn']",B_H_N_O_P_Zn,b_h_n_o_p_zn,True,False,Triclinic,2,"['B', 'H', 'N', 'O', 'P', 'Zn']","['Zn', 'B', 'P', 'H', 'N', 'O']",Zn,zinc,,"['zinc', 'phosphate_rock']",zinc,Zinc,2867.52833333333,($/mt),2025.0,primary_element_proxy,medium,0.597323600973236,6,medium_cost
mp-555880,ZnBi2B2O7,znbi2b2o7,"['B', 'Bi', 'O', 'Zn']","['B', 'Bi', 'O', 'Zn']",B_Bi_O_Zn,b_bi_o_zn,True,False,Orthorhombic,2,"['B', 'Bi', 'O', 'Zn']","['Zn', 'Bi', 'B', 'O']",Zn,zinc,,['zinc'],zinc,Zinc,2867.52833333333,($/mt),2025.0,primary_element_proxy,medium,0.597323600973236,6,medium_cost
mp-9812,ZnCO3,znco3,"['C', 'O', 'Zn']","['C', 'O', 'Zn']",C_O_Zn,c_o_zn,True,False,Trigonal,2,"['C', 'O', 'Zn']","['Zn', 'C', 'O']",Zn,zinc,,['zinc'],zinc,Zinc,2867.52833333333,($/mt),2025.0,primary_element_proxy,medium,0.597323600973236,6,medium_cost
mp-1392030,ZnCoF6,zncof6,"['Co', 'F', 'Zn']","['Co', 'F', 'Zn']",Co_F_Zn,co_f_zn,True,False,Trigonal,2,"['Co', 'F', 'Zn']","['Zn', 'Co', 'F']",Zn,zinc,,['zinc'],zinc,Zinc,2867.52833333333,($/mt),2025.0,primary_element_proxy,medium,0.597323600973236,6,medium_cost
mp-645375,ZnBi6P2O15,znbi6p2o15,"['Bi', 'O', 'P', 'Zn']","['Bi', 'O', 'P', 'Zn']",Bi_O_P_Zn,bi_o_p_zn,True,False,Monoclinic,2,"['Bi', 'O', 'P', 'Zn']","['Zn', 'Bi', 'P', 'O']",Zn,zinc,,"['zinc', 'phosphate_rock']",zinc,Zinc,2867.52833333333,($/mt),2025.0,primary_element_proxy,medium,0.597323600973236,6,medium_cost
mp-29826,ZnCN2,zncn2,"['C', 'N', 'Zn']","['C', 'N', 'Zn']",C_N_Zn,c_n_zn,True,False,Tetragonal,2,"['C', 'N', 'Zn']","['Zn', 'C', 'N']",Zn,zinc,,['zinc'],zinc,Zinc,2867.52833333333,($/mt),2025.0,primary_element_proxy,medium,0.597323600973236,6,medium_cost
mp-35311,ZnCrF6,zncrf6,"['Cr', 'F', 'Zn']","['Cr', 'F', 'Zn']",Cr_F_Zn,cr_f_zn,True,False,Trigonal,2,"['Cr', 'F', 'Zn']","['Zn', 'Cr', 'F']",Zn,zinc,,['zinc'],zinc,Zinc,2867.52833333333,($/mt),2025.0,primary_element_proxy,medium,0.597323600973236,6,medium_cost
mp-1215793,ZnCrFeO4,zncrfeo4,"['Cr', 'Fe', 'O', 'Zn']","['Cr', 'Fe', 'O', 'Zn']",Cr_Fe_O_Zn,cr_fe_o_zn,True,False,Orthorhombic,2,"['Cr', 'Fe', 'O', 'Zn']","['Zn', 'Cr', 'Fe', 'O']",Zn,zinc,,['zinc'],zinc,Zinc,2867.52833333333,($/mt),2025.0,primary_element_proxy,medium,0.597323600973236,6,medium_cost
mp-728124,ZnCrH15N5Cl4F,zncrh15n5cl4f,"['Cl', 'Cr', 'F', 'H', 'N', 'Zn']","['Cl', 'Cr', 'F', 'H', 'N', 'Zn']",Cl_Cr_F_H_N_Zn,cl_cr_f_h_n_zn,True,False,Orthorhombic,2,"['Cl', 'Cr', 'F', 'H', 'N', 'Zn']","['Zn', 'Cr', 'H', 'N', 'Cl', 'F']",Zn,zinc,,['zinc'],zinc,Zinc,2867.52833333333,($/mt),2025.0,primary_element_proxy,medium,0.597323600973236,6,medium_cost
mp-755896,ZnCrO4,zncro4,"['Cr', 'O', 'Zn']","['Cr', 'O', 'Zn']",Cr_O_Zn,cr_o_zn,True,False,Orthorhombic,2,"['Cr', 'O', 'Zn']","['Zn', 'Cr', 'O']",Zn,zinc,,['zinc'],zinc,Zinc,2867.52833333333,($/mt),2025.0,primary_element_proxy,medium,0.597323600973236,6,medium_cost
mp-1873,ZnF2,znf2,"['F', 'Zn']","['F', 'Zn']",F_Zn,f_zn,True,False,Tetragonal,2,"['F', 'Zn']","['Zn', 'F']",Zn,zinc,,['zinc'],zinc,Zinc,2867.52833333333,($/mt),2025.0,primary_element_proxy,medium,0.597323600973236,6,medium_cost
mp-1396958,ZnFeF6,znfef6,"['F', 'Fe', 'Zn']","['F', 'Fe', 'Zn']",F_Fe_Zn,f_fe_zn,True,False,Trigonal,2,"['F', 'Fe', 'Zn']","['Zn', 'Fe', 'F']",Zn,zinc,,['zinc'],zinc,Zinc,2867.52833333333,($/mt),2025.0,primary_element_proxy,medium,0.597323600973236,6,medium_cost
mp-561632,ZnCoPHO5,zncopho5,"['Co', 'H', 'O', 'P', 'Zn']","['Co', 'H', 'O', 'P', 'Zn']",Co_H_O_P_Zn,co_h_o_p_zn,True,False,Triclinic,2,"['Co', 'H', 'O', 'P', 'Zn']","['Zn', 'Co', 'P', 'H', 'O']",Zn,zinc,,"['zinc', 'phosphate_rock']",zinc,Zinc,2867.52833333333,($/mt),2025.0,primary_element_proxy,medium,0.597323600973236,6,medium_cost
mp-1215732,ZnCoTe3O8,zncote3o8,"['Co', 'O', 'Te', 'Zn']","['Co', 'O', 'Te', 'Zn']",Co_O_Te_Zn,co_o_te_zn,True,False,Monoclinic,2,"['Co', 'O', 'Te', 'Zn']","['Zn', 'Co', 'Te', 'O']",Zn,zinc,,['zinc'],zinc,Zinc,2867.52833333333,($/mt),2025.0,primary_element_proxy,medium,0.597323600973236,6,medium_cost
mp-772617,Zn(NO3)2,zn_no3_2,"['N', 'O', 'Zn']","['N', 'O', 'Zn']",N_O_Zn,n_o_zn,True,False,Cubic,2,"['N', 'O', 'Zn']","['Zn', 'N', 'O']",Zn,zinc,,['zinc'],zinc,Zinc,2867.52833333333,($/mt),2025.0,primary_element_proxy,medium,0.597323600973236,6,medium_cost
mp-8230,Zn(PO3)2,zn_po3_2,"['O', 'P', 'Zn']","['O', 'P', 'Zn']",O_P_Zn,o_p_zn,True,False,Monoclinic,2,"['O', 'P', 'Zn']","['Zn', 'P', 'O']",Zn,zinc,,"['zinc', 'phosphate_rock']",zinc,Zinc,2867.52833333333,($/mt),2025.0,primary_element_proxy,medium,0.597323600973236,6,medium_cost
mp-17512,Zn(AuF4)2,zn_auf4_2,"['Au', 'F', 'Zn']","['Au', 'F', 'Zn']",Au_F_Zn,au_f_zn,True,False,Monoclinic,2,"['Au', 'F', 'Zn']","['Zn', 'Au', 'F']",Zn,zinc,,"['zinc', 'gold']",zinc,Zinc,2867.52833333333,($/mt),2025.0,primary_element_proxy,medium,0.597323600973236,6,medium_cost
mp-1191586,Zn(BH4)2,zn_bh4_2,"['B', 'H', 'Zn']","['B', 'H', 'Zn']",B_H_Zn,b_h_zn,True,False,Tetragonal,2,"['B', 'H', 'Zn']","['Zn', 'B', 'H']",Zn,zinc,,['zinc'],zinc,Zinc,2867.52833333333,($/mt),2025.0,primary_element_proxy,medium,0.597323600973236,6,medium_cost
mp-19313,Zn(FeO2)2,zn_feo2_2,"['Fe', 'O', 'Zn']","['Fe', 'O', 'Zn']",Fe_O_Zn,fe_o_zn,True,False,Cubic,2,"['Fe', 'O', 'Zn']","['Zn', 'Fe', 'O']",Zn,zinc,,['zinc'],zinc,Zinc,2867.52833333333,($/mt),2025.0,primary_element_proxy,medium,0.597323600973236,6,medium_cost
mp-5794,Zn(GaO2)2,zn_gao2_2,"['Ga', 'O', 'Zn']","['Ga', 'O', 'Zn']",Ga_O_Zn,ga_o_zn,True,False,Cubic,2,"['Ga', 'O', 'Zn']","['Zn', 'Ga', 'O']",Zn,zinc,,['zinc'],zinc,Zinc,2867.52833333333,($/mt),2025.0,primary_element_proxy,medium,0.597323600973236,6,medium_cost
mp-625830,Zn(HO)2,zn_ho_2,"['H', 'O', 'Zn']","['H', 'O', 'Zn']",H_O_Zn,h_o_zn,True,False,Orthorhombic,2,"['H', 'O', 'Zn']","['Zn', 'H', 'O']",Zn,zinc,,['zinc'],zinc,Zinc,2867.52833333333,($/mt),2025.0,primary_element_proxy,medium,0.597323600973236,6,medium_cost
mp-23360,Zn(IO3)2,zn_io3_2,"['I', 'O', 'Zn']","['I', 'O', 'Zn']",I_O_Zn,i_o_zn,True,False,Monoclinic,2,"['I', 'O', 'Zn']","['Zn', 'I', 'O']",Zn,zinc,,['zinc'],zinc,Zinc,2867.52833333333,($/mt),2025.0,primary_element_proxy,medium,0.597323600973236,6,medium_cost
mp-721702,Zn2AsHO5,zn2asho5,"['As', 'H', 'O', 'Zn']","['As', 'H', 'O', 'Zn']",As_H_O_Zn,as_h_o_zn,True,False,Orthorhombic,2,"['As', 'H', 'O', 'Zn']","['Zn', 'As', 'H', 'O']",Zn,zinc,,['zinc'],zinc,Zinc,2867.52833333333,($/mt),2025.0,primary_element_proxy,medium,0.597323600973236,6,medium_cost
mp-560471,Zn2B2PbO6,zn2b2pbo6,"['B', 'O', 'Pb', 'Zn']","['B', 'O', 'Pb', 'Zn']",B_O_Pb_Zn,b_o_pb_zn,True,False,Orthorhombic,2,"['B', 'O', 'Pb', 'Zn']","['Zn', 'B', 'Pb', 'O']",Zn,zinc,,"['zinc', 'lead']",zinc,Zinc,2867.52833333333,($/mt),2025.0,primary_element_proxy,medium,0.597323600973236,6,medium_cost
mp-10326,Zn(ReO4)2,zn_reo4_2,"['O', 'Re', 'Zn']","['O', 'Re', 'Zn']",O_Re_Zn,o_re_zn,True,False,Trigonal,2,"['O', 'Re', 'Zn']","['Zn', 'Re', 'O']",Zn,zinc,,['zinc'],zinc,Zinc,2867.52833333333,($/mt),2025.0,primary_element_proxy,medium,0.597323600973236,6,medium_cost
mp-3188,Zn(SbO3)2,zn_sbo3_2,"['O', 'Sb', 'Zn']","['O', 'Sb', 'Zn']",O_Sb_Zn,o_sb_zn,True,False,Tetragonal,2,"['O', 'Sb', 'Zn']","['Zn', 'Sb', 'O']",Zn,zinc,,['zinc'],zinc,Zinc,2867.52833333333,($/mt),2025.0,primary_element_proxy,medium,0.597323600973236,6,medium_cost
mp-6278,Zn2Cu(AsO4)2,zn2cu_aso4_2,"['As', 'Cu', 'O', 'Zn']","['As', 'Cu', 'O', 'Zn']",As_Cu_O_Zn,as_cu_o_zn,True,False,Triclinic,2,"['As', 'Cu', 'O', 'Zn']","['Zn', 'Cu', 'As', 'O']",Zn,zinc,,"['zinc', 'copper']",zinc,Zinc,2867.52833333333,($/mt),2025.0,primary_element_proxy,medium,0.597323600973236,6,medium_cost
mp-5909,Zn2GeO4,zn2geo4,"['Ge', 'O', 'Zn']","['Ge', 'O', 'Zn']",Ge_O_Zn,ge_o_zn,True,False,Trigonal,2,"['Ge', 'O', 'Zn']","['Zn', 'Ge', 'O']",Zn,zinc,,['zinc'],zinc,Zinc,2867.52833333333,($/mt),2025.0,primary_element_proxy,medium,0.597323600973236,6,medium_cost
mp-30003,AuSO4,auso4,"['Au', 'O', 'S']","['Au', 'O', 'S']",Au_O_S,au_o_s,True,False,Orthorhombic,2,"['Au', 'O', 'S']","['Au', 'S', 'O']",Au,gold,,['gold'],gold,Gold,3441.50583333333,($/troy oz),2025.0,primary_element_proxy,medium,0.7153284671532847,7,high_cost
mp-560021,AuS3(O3F)3,aus3_o3f_3,"['Au', 'F', 'O', 'S']","['Au', 'F', 'O', 'S']",Au_F_O_S,au_f_o_s,True,False,Monoclinic,2,"['Au', 'F', 'O', 'S']","['Au', 'S', 'O', 'F']",Au,gold,,['gold'],gold,Gold,3441.50583333333,($/troy oz),2025.0,primary_element_proxy,medium,0.7153284671532847,7,high_cost
mp-30159,AuBrF6,aubrf6,"['Au', 'Br', 'F']","['Au', 'Br', 'F']",Au_Br_F,au_br_f,True,False,Monoclinic,2,"['Au', 'Br', 'F']","['Au', 'Br', 'F']",Au,gold,,['gold'],gold,Gold,3441.50583333333,($/troy oz),2025.0,primary_element_proxy,medium,0.7153284671532847,7,high_cost
mp-1202008,CuAg2(NO3)4,cuag2_no3_4,"['Ag', 'Cu', 'N', 'O']","['Ag', 'Cu', 'N', 'O']",Ag_Cu_N_O,ag_cu_n_o,True,False,Triclinic,2,"['Ag', 'Cu', 'N', 'O']","['Cu', 'Ag', 'N', 'O']",Cu,copper,,"['copper', 'silver']",copper,Copper,9947.305,($/mt),2025.0,primary_element_proxy,medium,0.7530413625304136,8,high_cost
mp-1213198,CuAg2P2O7,cuag2p2o7,"['Ag', 'Cu', 'O', 'P']","['Ag', 'Cu', 'O', 'P']",Ag_Cu_O_P,ag_cu_o_p,True,False,Monoclinic,2,"['Ag', 'Cu', 'O', 'P']","['Cu', 'Ag', 'P', 'O']",Cu,copper,,"['copper', 'silver', 'phosphate_rock']",copper,Copper,9947.305,($/mt),2025.0,primary_element_proxy,medium,0.7530413625304136,8,high_cost
mp-1213222,CuAg2(PO3)4,cuag2_po3_4,"['Ag', 'Cu', 'O', 'P']","['Ag', 'Cu', 'O', 'P']",Ag_Cu_O_P,ag_cu_o_p,True,False,Monoclinic,2,"['Ag', 'Cu', 'O', 'P']","['Cu', 'Ag', 'P', 'O']",Cu,copper,,"['copper', 'silver', 'phosphate_rock']",copper,Copper,9947.305,($/mt),2025.0,primary_element_proxy,medium,0.7530413625304136,8,high_cost
mp-556303,CuBi2(SeO3)4,cubi2_seo3_4,"['Bi', 'Cu', 'O', 'Se']","['Bi', 'Cu', 'O', 'Se']",Bi_Cu_O_Se,bi_cu_o_se,True,False,Monoclinic,2,"['Bi', 'Cu', 'O', 'Se']","['Cu', 'Bi', 'Se', 'O']",Cu,copper,,['copper'],copper,Copper,9947.305,($/mt),2025.0,primary_element_proxy,medium,0.7530413625304136,8,high_cost
mp-643793,Cu3H2(OF2)2,cu3h2_of2_2,"['Cu', 'F', 'H', 'O']","['Cu', 'F', 'H', 'O']",Cu_F_H_O,cu_f_h_o,True,False,Monoclinic,2,"['Cu', 'F', 'H', 'O']","['Cu', 'H', 'O', 'F']",Cu,copper,,['copper'],copper,Copper,9947.305,($/mt),2025.0,primary_element_proxy,medium,0.7530413625304136,8,high_cost
mp-2932665,Cu2Hg2SF6,cu2hg2sf6,"['Cu', 'F', 'Hg', 'S']","['Cu', 'F', 'Hg', 'S']",Cu_F_Hg_S,cu_f_hg_s,True,False,Triclinic,2,"['Cu', 'F', 'Hg', 'S']","['Cu', 'Hg', 'S', 'F']",Cu,copper,,['copper'],copper,Copper,9947.305,($/mt),2025.0,primary_element_proxy,medium,0.7530413625304136,8,high_cost
mp-557871,CuAsPbO4,cuaspbo4,"['As', 'Cu', 'O', 'Pb']","['As', 'Cu', 'O', 'Pb']",As_Cu_O_Pb,as_cu_o_pb,True,False,Triclinic,2,"['As', 'Cu', 'O', 'Pb']","['Cu', 'As', 'Pb', 'O']",Cu,copper,,"['copper', 'lead']",copper,Copper,9947.305,($/mt),2025.0,primary_element_proxy,medium,0.7530413625304136,8,high_cost
mp-1194777,Cu3Hg2(Te3O8)2,cu3hg2_te3o8_2,"['Cu', 'Hg', 'O', 'Te']","['Cu', 'Hg', 'O', 'Te']",Cu_Hg_O_Te,cu_hg_o_te,True,False,Tetragonal,2,"['Cu', 'Hg', 'O', 'Te']","['Cu', 'Hg', 'Te', 'O']",Cu,copper,,['copper'],copper,Copper,9947.305,($/mt),2025.0,primary_element_proxy,medium,0.7530413625304136,8,high_cost
mp-1198285,Cu3P4H8N2(O3F)4,cu3p4h8n2_o3f_4,"['Cu', 'F', 'H', 'N', 'O', 'P']","['Cu', 'F', 'H', 'N', 'O', 'P']",Cu_F_H_N_O_P,cu_f_h_n_o_p,True,False,Monoclinic,2,"['Cu', 'F', 'H', 'N', 'O', 'P']","['Cu', 'P', 'H', 'N', 'O', 'F']",Cu,copper,,"['copper', 'phosphate_rock']",copper,Copper,9947.305,($/mt),2025.0,primary_element_proxy,medium,0.7530413625304136,8,high_cost
mp-1213055,CuPbF6,cupbf6,"['Cu', 'F', 'Pb']","['Cu', 'F', 'Pb']",Cu_F_Pb,cu_f_pb,True,False,Triclinic,2,"['Cu', 'F', 'Pb']","['Cu', 'Pb', 'F']",Cu,copper,,"['copper', 'lead']",copper,Copper,9947.305,($/mt),2025.0,primary_element_proxy,medium,0.7530413625304136,8,high_cost
mp-554497,CuSb2(XeF5)4,cusb2_xef5_4,"['Cu', 'F', 'Sb', 'Xe']","['Cu', 'F', 'Sb', 'Xe']",Cu_F_Sb_Xe,cu_f_sb_xe,True,False,Tetragonal,2,"['Cu', 'F', 'Sb', 'Xe']","['Cu', 'Sb', 'Xe', 'F']",Cu,copper,,['copper'],copper,Copper,9947.305,($/mt),2025.0,primary_element_proxy,medium,0.7530413625304136,8,high_cost
mp-4701,CuSnF6,cusnf6,"['Cu', 'F', 'Sn']","['Cu', 'F', 'Sn']",Cu_F_Sn,cu_f_sn,True,False,Triclinic,2,"['Cu', 'F', 'Sn']","['Cu', 'Sn', 'F']",Cu,copper,,"['copper', 'tin']",copper,Copper,9947.305,($/mt),2025.0,primary_element_proxy,medium,0.7530413625304136,8,high_cost
mp-1225986,Cu2Ag5Se4NO15,cu2ag5se4no15,"['Ag', 'Cu', 'N', 'O', 'Se']","['Ag', 'Cu', 'N', 'O', 'Se']",Ag_Cu_N_O_Se,ag_cu_n_o_se,True,False,Triclinic,2,"['Ag', 'Cu', 'N', 'O', 'Se']","['Cu', 'Ag', 'Se', 'N', 'O']",Cu,copper,,"['copper', 'silver']",copper,Copper,9947.305,($/mt),2025.0,primary_element_proxy,medium,0.7530413625304136,8,high_cost
mp-768451,Cu2(SO4)3,cu2_so4_3,"['Cu', 'O', 'S']","['Cu', 'O', 'S']",Cu_O_S,cu_o_s,True,False,Trigonal,2,"['Cu', 'O', 'S']","['Cu', 'S', 'O']",Cu,copper,,['copper'],copper,Copper,9947.305,($/mt),2025.0,primary_element_proxy,medium,0.7530413625304136,8,high_cost
mp-1203834,Cu2H10N4O17,cu2h10n4o17,"['Cu', 'H', 'N', 'O']","['Cu', 'H', 'N', 'O']",Cu_H_N_O,cu_h_n_o,True,False,Monoclinic,2,"['Cu', 'H', 'N', 'O']","['Cu', 'H', 'N', 'O']",Cu,copper,,['copper'],copper,Copper,9947.305,($/mt),2025.0,primary_element_proxy,medium,0.7530413625304136,8,high_cost
mp-21533,CuP2PbO7,cup2pbo7,"['Cu', 'O', 'P', 'Pb']","['Cu', 'O', 'P', 'Pb']",Cu_O_P_Pb,cu_o_p_pb,True,False,Monoclinic,2,"['Cu', 'O', 'P', 'Pb']","['Cu', 'P', 'Pb', 'O']",Cu,copper,,"['copper', 'phosphate_rock', 'lead']",copper,Copper,9947.305,($/mt),2025.0,primary_element_proxy,medium,0.7530413625304136,8,high_cost
mp-1194904,CuHg(SeO3)2,cuhg_seo3_2,"['Cu', 'Hg', 'O', 'Se']","['Cu', 'Hg', 'O', 'Se']",Cu_Hg_O_Se,cu_hg_o_se,True,False,Monoclinic,2,"['Cu', 'Hg', 'O', 'Se']","['Cu', 'Hg', 'Se', 'O']",Cu,copper,,['copper'],copper,Copper,9947.305,($/mt),2025.0,primary_element_proxy,medium,0.7530413625304136,8,high_cost
mp-24522,CuH2SO5,cuh2so5,"['Cu', 'H', 'O', 'S']","['Cu', 'H', 'O', 'S']",Cu_H_O_S,cu_h_o_s,True,False,Triclinic,2,"['Cu', 'H', 'O', 'S']","['Cu', 'H', 'S', 'O']",Cu,copper,,['copper'],copper,Copper,9947.305,($/mt),2025.0,primary_element_proxy,medium,0.7530413625304136,8,high_cost
mp-505436,CuP4O11,cup4o11,"['Cu', 'O', 'P']","['Cu', 'O', 'P']",Cu_O_P,cu_o_p,True,False,Triclinic,2,"['Cu', 'O', 'P']","['Cu', 'P', 'O']",Cu,copper,,"['copper', 'phosphate_rock']",copper,Copper,9947.305,($/mt),2025.0,primary_element_proxy,medium,0.7530413625304136,8,high_cost
mp-1198565,CuPb5Se4(ClO3)4,cupb5se4_clo3_4,"['Cl', 'Cu', 'O', 'Pb', 'Se']","['Cl', 'Cu', 'O', 'Pb', 'Se']",Cl_Cu_O_Pb_Se,cl_cu_o_pb_se,True,False,Monoclinic,2,"['Cl', 'Cu', 'O', 'Pb', 'Se']","['Cu', 'Pb', 'Se', 'Cl', 'O']",Cu,copper,,"['copper', 'lead']",copper,Copper,9947.305,($/mt),2025.0,primary_element_proxy,medium,0.7530413625304136,8,high_cost
mp-721471,CuPH4O5F,cuph4o5f,"['Cu', 'F', 'H', 'O', 'P']","['Cu', 'F', 'H', 'O', 'P']",Cu_F_H_O_P,cu_f_h_o_p,True,False,Monoclinic,2,"['Cu', 'F', 'H', 'O', 'P']","['Cu', 'P', 'H', 'O', 'F']",Cu,copper,,"['copper', 'phosphate_rock']",copper,Copper,9947.305,($/mt),2025.0,primary_element_proxy,medium,0.7530413625304136,8,high_cost
mp-1201654,CuPHO4,cupho4,"['Cu', 'H', 'O', 'P']","['Cu', 'H', 'O', 'P']",Cu_H_O_P,cu_h_o_p,True,False,Trigonal,2,"['Cu', 'H', 'O', 'P']","['Cu', 'P', 'H', 'O']",Cu,copper,,"['copper', 'phosphate_rock']",copper,Copper,9947.305,($/mt),2025.0,primary_element_proxy,medium,0.7530413625304136,8,high_cost
mp-504265,CuPO4,cupo4,"['Cu', 'O', 'P']","['Cu', 'O', 'P']",Cu_O_P,cu_o_p,True,False,Monoclinic,2,"['Cu', 'O', 'P']","['Cu', 'P', 'O']",Cu,copper,,"['copper', 'phosphate_rock']",copper,Copper,9947.305,($/mt),2025.0,primary_element_proxy,medium,0.7530413625304136,8,high_cost
mp-1181782,CuReO4,cureo4,"['Cu', 'O', 'Re']","['Cu', 'O', 'Re']",Cu_O_Re,cu_o_re,True,False,Tetragonal,2,"['Cu', 'O', 'Re']","['Cu', 'Re', 'O']",Cu,copper,,['copper'],copper,Copper,9947.305,($/mt),2025.0,primary_element_proxy,medium,0.7530413625304136,8,high_cost
mp-1192782,CuRe2(H2O3)4,cure2_h2o3_4,"['Cu', 'H', 'O', 'Re']","['Cu', 'H', 'O', 'Re']",Cu_H_O_Re,cu_h_o_re,True,False,Triclinic,2,"['Cu', 'H', 'O', 'Re']","['Cu', 'Re', 'H', 'O']",Cu,copper,,['copper'],copper,Copper,9947.305,($/mt),2025.0,primary_element_proxy,medium,0.7530413625304136,8,high_cost
mp-606617,CuSb2(XeF8)2,cusb2_xef8_2,"['Cu', 'F', 'Sb', 'Xe']","['Cu', 'F', 'Sb', 'Xe']",Cu_F_Sb_Xe,cu_f_sb_xe,True,False,Monoclinic,2,"['Cu', 'F', 'Sb', 'Xe']","['Cu', 'Sb', 'Xe', 'F']",Cu,copper,,['copper'],copper,Copper,9947.305,($/mt),2025.0,primary_element_proxy,medium,0.7530413625304136,8,high_cost
mp-1203135,CuTe2PbO7,cute2pbo7,"['Cu', 'O', 'Pb', 'Te']","['Cu', 'O', 'Pb', 'Te']",Cu_O_Pb_Te,cu_o_pb_te,True,False,Orthorhombic,2,"['Cu', 'O', 'Pb', 'Te']","['Cu', 'Te', 'Pb', 'O']",Cu,copper,,"['copper', 'lead']",copper,Copper,9947.305,($/mt),2025.0,primary_element_proxy,medium,0.7530413625304136,8,high_cost
mp-1190199,CuSb6(SO8)2,cusb6_so8_2,"['Cu', 'O', 'S', 'Sb']","['Cu', 'O', 'S', 'Sb']",Cu_O_S_Sb,cu_o_s_sb,True,False,Triclinic,2,"['Cu', 'O', 'S', 'Sb']","['Cu', 'Sb', 'S', 'O']",Cu,copper,,['copper'],copper,Copper,9947.305,($/mt),2025.0,primary_element_proxy,medium,0.7530413625304136,8,high_cost
mp-559798,NiF2,nif2,"['F', 'Ni']","['F', 'Ni']",F_Ni,f_ni,True,False,Tetragonal,2,"['F', 'Ni']","['Ni', 'F']",Ni,nickel,,['nickel'],nickel,Nickel,15162.1583333333,($/mt),2025.0,primary_element_proxy,medium,0.8491484184914841,9,high_cost
mp-24231,NiH12(ClO3)2,nih12_clo3_2,"['Cl', 'H', 'Ni', 'O']","['Cl', 'H', 'Ni', 'O']",Cl_H_Ni_O,cl_h_ni_o,True,False,Monoclinic,2,"['Cl', 'H', 'Ni', 'O']","['Ni', 'H', 'Cl', 'O']",Ni,nickel,,['nickel'],nickel,Nickel,15162.1583333333,($/mt),2025.0,primary_element_proxy,medium,0.8491484184914841,9,high_cost
mp-690647,NiH12(BrO7)2,nih12_bro7_2,"['Br', 'H', 'Ni', 'O']","['Br', 'H', 'Ni', 'O']",Br_H_Ni_O,br_h_ni_o,True,False,Trigonal,2,"['Br', 'H', 'Ni', 'O']","['Ni', 'H', 'Br', 'O']",Ni,nickel,,['nickel'],nickel,Nickel,15162.1583333333,($/mt),2025.0,primary_element_proxy,medium,0.8491484184914841,9,high_cost
mp-1194565,NiH12(NO6)2,nih12_no6_2,"['H', 'N', 'Ni', 'O']","['H', 'N', 'Ni', 'O']",H_N_Ni_O,h_n_ni_o,True,False,Triclinic,2,"['H', 'N', 'Ni', 'O']","['Ni', 'H', 'N', 'O']",Ni,nickel,,['nickel'],nickel,Nickel,15162.1583333333,($/mt),2025.0,primary_element_proxy,medium,0.8491484184914841,9,high_cost
mp-23912,NiH20S2(NO7)2,nih20s2_no7_2,"['H', 'N', 'Ni', 'O', 'S']","['H', 'N', 'Ni', 'O', 'S']",H_N_Ni_O_S,h_n_ni_o_s,True,False,Monoclinic,2,"['H', 'N', 'Ni', 'O', 'S']","['Ni', 'H', 'S', 'N', 'O']",Ni,nickel,,['nickel'],nickel,Nickel,15162.1583333333,($/mt),2025.0,primary_element_proxy,medium,0.8491484184914841,9,high_cost
mp-23968,NiH2SeO5,nih2seo5,"['H', 'Ni', 'O', 'Se']","['H', 'Ni', 'O', 'Se']",H_Ni_O_Se,h_ni_o_se,True,False,Monoclinic,2,"['H', 'Ni', 'O', 'Se']","['Ni', 'H', 'Se', 'O']",Ni,nickel,,['nickel'],nickel,Nickel,15162.1583333333,($/mt),2025.0,primary_element_proxy,medium,0.8491484184914841,9,high_cost
mp-1193552,NiH4(NO4)2,nih4_no4_2,"['H', 'N', 'Ni', 'O']","['H', 'N', 'Ni', 'O']",H_N_Ni_O,h_n_ni_o,True,False,Monoclinic,2,"['H', 'N', 'Ni', 'O']","['Ni', 'H', 'N', 'O']",Ni,nickel,,['nickel'],nickel,Nickel,15162.1583333333,($/mt),2025.0,primary_element_proxy,medium,0.8491484184914841,9,high_cost
mp-510650,NiP2(H4O5)2,nip2_h4o5_2,"['H', 'Ni', 'O', 'P']","['H', 'Ni', 'O', 'P']",H_Ni_O_P,h_ni_o_p,True,False,Monoclinic,2,"['H', 'Ni', 'O', 'P']","['Ni', 'P', 'H', 'O']",Ni,nickel,,"['nickel', 'phosphate_rock']",nickel,Nickel,15162.1583333333,($/mt),2025.0,primary_element_proxy,medium,0.8491484184914841,9,high_cost
mp-1202326,NiP2(PbO4)2,nip2_pbo4_2,"['Ni', 'O', 'P', 'Pb']","['Ni', 'O', 'P', 'Pb']",Ni_O_P_Pb,ni_o_p_pb,True,False,Monoclinic,2,"['Ni', 'O', 'P', 'Pb']","['Ni', 'P', 'Pb', 'O']",Ni,nickel,,"['nickel', 'phosphate_rock', 'lead']",nickel,Nickel,15162.1583333333,($/mt),2025.0,primary_element_proxy,medium,0.8491484184914841,9,high_cost
mp-758839,NiP4H16(NO8)2,nip4h16_no8_2,"['H', 'N', 'Ni', 'O', 'P']","['H', 'N', 'Ni', 'O', 'P']",H_N_Ni_O_P,h_n_ni_o_p,True,False,Triclinic,2,"['H', 'N', 'Ni', 'O', 'P']","['Ni', 'P', 'H', 'N', 'O']",Ni,nickel,,"['nickel', 'phosphate_rock']",nickel,Nickel,15162.1583333333,($/mt),2025.0,primary_element_proxy,medium,0.8491484184914841,9,high_cost
mp-28957,NiP4O11,nip4o11,"['Ni', 'O', 'P']","['Ni', 'O', 'P']",Ni_O_P,ni_o_p,True,False,Monoclinic,2,"['Ni', 'O', 'P']","['Ni', 'P', 'O']",Ni,nickel,,"['nickel', 'phosphate_rock']",nickel,Nickel,15162.1583333333,($/mt),2025.0,primary_element_proxy,medium,0.8491484184914841,9,high_cost
mp-505449,NiPH16NO10,niph16no10,"['H', 'N', 'Ni', 'O', 'P']","['H', 'N', 'Ni', 'O', 'P']",H_N_Ni_O_P,h_n_ni_o_p,True,False,Orthorhombic,2,"['H', 'N', 'Ni', 'O', 'P']","['Ni', 'P', 'H', 'N', 'O']",Ni,nickel,,"['nickel', 'phosphate_rock']",nickel,Nickel,15162.1583333333,($/mt),2025.0,primary_element_proxy,medium,0.8491484184914841,9,high_cost
mp-735535,NiPH6NO5,niph6no5,"['H', 'N', 'Ni', 'O', 'P']","['H', 'N', 'Ni', 'O', 'P']",H_N_Ni_O_P,h_n_ni_o_p,True,False,Orthorhombic,2,"['H', 'N', 'Ni', 'O', 'P']","['Ni', 'P', 'H', 'N', 'O']",Ni,nickel,,"['nickel', 'phosphate_rock']",nickel,Nickel,15162.1583333333,($/mt),2025.0,primary_element_proxy,medium,0.8491484184914841,9,high_cost
mp-20854,NiPbF6,nipbf6,"['F', 'Ni', 'Pb']","['F', 'Ni', 'Pb']",F_Ni_Pb,f_ni_pb,True,False,Trigonal,2,"['F', 'Ni', 'Pb']","['Ni', 'Pb', 'F']",Ni,nickel,,"['nickel', 'lead']",nickel,Nickel,15162.1583333333,($/mt),2025.0,primary_element_proxy,medium,0.8491484184914841,9,high_cost
mp-558838,NiPtF6,niptf6,"['F', 'Ni', 'Pt']","['F', 'Ni', 'Pt']",F_Ni_Pt,f_ni_pt,True,False,Trigonal,2,"['F', 'Ni', 'Pt']","['Ni', 'Pt', 'F']",Ni,nickel,,"['nickel', 'platinum']",nickel,Nickel,15162.1583333333,($/mt),2025.0,primary_element_proxy,medium,0.8491484184914841,9,high_cost
mp-20580,NiRhF6,nirhf6,"['F', 'Ni', 'Rh']","['F', 'Ni', 'Rh']",F_Ni_Rh,f_ni_rh,True,False,Trigonal,2,"['F', 'Ni', 'Rh']","['Ni', 'Rh', 'F']",Ni,nickel,,['nickel'],nickel,Nickel,15162.1583333333,($/mt),2025.0,primary_element_proxy,medium,0.8491484184914841,9,high_cost
mp-1199397,NiSb2H12(O3F4)2,nisb2h12_o3f4_2,"['F', 'H', 'Ni', 'O', 'Sb']","['F', 'H', 'Ni', 'O', 'Sb']",F_H_Ni_O_Sb,f_h_ni_o_sb,True,False,Monoclinic,2,"['F', 'H', 'Ni', 'O', 'Sb']","['Ni', 'Sb', 'H', 'O', 'F']",Ni,nickel,,['nickel'],nickel,Nickel,15162.1583333333,($/mt),2025.0,primary_element_proxy,medium,0.8491484184914841,9,high_cost
mp-18817,NiSeO4,niseo4,"['Ni', 'O', 'Se']","['Ni', 'O', 'Se']",Ni_O_Se,ni_o_se,True,False,Orthorhombic,2,"['Ni', 'O', 'Se']","['Ni', 'Se', 'O']",Ni,nickel,,['nickel'],nickel,Nickel,15162.1583333333,($/mt),2025.0,primary_element_proxy,medium,0.8491484184914841,9,high_cost
mp-21179,NiWO4,niwo4,"['Ni', 'O', 'W']","['Ni', 'O', 'W']",Ni_O_W,ni_o_w,True,False,Monoclinic,2,"['Ni', 'O', 'W']","['Ni', 'W', 'O']",Ni,nickel,,['nickel'],nickel,Nickel,15162.1583333333,($/mt),2025.0,primary_element_proxy,medium,0.8491484184914841,9,high_cost
mp-1173402,NiGeH12(OF)6,nigeh12_of_6,"['F', 'Ge', 'H', 'Ni', 'O']","['F', 'Ge', 'H', 'Ni', 'O']",F_Ge_H_Ni_O,f_ge_h_ni_o,True,False,Trigonal,2,"['F', 'Ge', 'H', 'Ni', 'O']","['Ni', 'Ge', 'H', 'O', 'F']",Ni,nickel,,['nickel'],nickel,Nickel,15162.1583333333,($/mt),2025.0,primary_element_proxy,medium,0.8491484184914841,9,high_cost
mp-1181715,NiH10(SeO5)2,nih10_seo5_2,"['H', 'Ni', 'O', 'Se']","['H', 'Ni', 'O', 'Se']",H_Ni_O_Se,h_ni_o_se,True,False,Monoclinic,2,"['H', 'Ni', 'O', 'Se']","['Ni', 'H', 'Se', 'O']",Ni,nickel,,['nickel'],nickel,Nickel,15162.1583333333,($/mt),2025.0,primary_element_proxy,medium,0.8491484184914841,9,high_cost
mp-556993,NiBiPO5,nibipo5,"['Bi', 'Ni', 'O', 'P']","['Bi', 'Ni', 'O', 'P']",Bi_Ni_O_P,bi_ni_o_p,True,False,Monoclinic,2,"['Bi', 'Ni', 'O', 'P']","['Ni', 'Bi', 'P', 'O']",Ni,nickel,,"['nickel', 'phosphate_rock']",nickel,Nickel,15162.1583333333,($/mt),2025.0,primary_element_proxy,medium,0.8491484184914841,9,high_cost
mp-556141,Ni3B7ClO13,ni3b7clo13,"['B', 'Cl', 'Ni', 'O']","['B', 'Cl', 'Ni', 'O']",B_Cl_Ni_O,b_cl_ni_o,True,False,Orthorhombic,2,"['B', 'Cl', 'Ni', 'O']","['Ni', 'B', 'Cl', 'O']",Ni,nickel,,['nickel'],nickel,Nickel,15162.1583333333,($/mt),2025.0,primary_element_proxy,medium,0.8491484184914841,9,high_cost
mp-554323,Ni3B7BrO13,ni3b7bro13,"['B', 'Br', 'Ni', 'O']","['B', 'Br', 'Ni', 'O']",B_Br_Ni_O,b_br_ni_o,True,False,Orthorhombic,2,"['B', 'Br', 'Ni', 'O']","['Ni', 'B', 'Br', 'O']",Ni,nickel,,['nickel'],nickel,Nickel,15162.1583333333,($/mt),2025.0,primary_element_proxy,medium,0.8491484184914841,9,high_cost
mp-24731,Ni3AgP3(HO6)2,ni3agp3_ho6_2,"['Ag', 'H', 'Ni', 'O', 'P']","['Ag', 'H', 'Ni', 'O', 'P']",Ag_H_Ni_O_P,ag_h_ni_o_p,True,False,Monoclinic,2,"['Ag', 'H', 'Ni', 'O', 'P']","['Ni', 'Ag', 'P', 'H', 'O']",Ni,nickel,,"['nickel', 'silver', 'phosphate_rock']",nickel,Nickel,15162.1583333333,($/mt),2025.0,primary_element_proxy,medium,0.8491484184914841,9,high_cost
mp-22697,Ni3(PO4)2,ni3_po4_2,"['Ni', 'O', 'P']","['Ni', 'O', 'P']",Ni_O_P,ni_o_p,True,False,Monoclinic,2,"['Ni', 'O', 'P']","['Ni', 'P', 'O']",Ni,nickel,,"['nickel', 'phosphate_rock']",nickel,Nickel,15162.1583333333,($/mt),2025.0,primary_element_proxy,medium,0.8491484184914841,9,high_cost
mp-504969,Ni3(AsO4)2,ni3_aso4_2,"['As', 'Ni', 'O']","['As', 'Ni', 'O']",As_Ni_O,as_ni_o,True,False,Orthorhombic,2,"['As', 'Ni', 'O']","['Ni', 'As', 'O']",Ni,nickel,,['nickel'],nickel,Nickel,15162.1583333333,($/mt),2025.0,primary_element_proxy,medium,0.8491484184914841,9,high_cost
mp-17360,Ni2Te3O8,ni2te3o8,"['Ni', 'O', 'Te']","['Ni', 'O', 'Te']",Ni_O_Te,ni_o_te,True,False,Monoclinic,2,"['Ni', 'O', 'Te']","['Ni', 'Te', 'O']",Ni,nickel,,['nickel'],nickel,Nickel,15162.1583333333,($/mt),2025.0,primary_element_proxy,medium,0.8491484184914841,9,high_cost
mp-554705,Ni2P2O7,ni2p2o7,"['Ni', 'O', 'P']","['Ni', 'O', 'P']",Ni_O_P,ni_o_p,True,False,Monoclinic,2,"['Ni', 'O', 'P']","['Ni', 'P', 'O']",Ni,nickel,,"['nickel', 'phosphate_rock']",nickel,Nickel,15162.1583333333,($/mt),2025.0,primary_element_proxy,medium,0.8491484184914841,9,high_cost
mp-504704,Ni2Hg2OF6,ni2hg2of6,"['F', 'Hg', 'Ni', 'O']","['F', 'Hg', 'Ni', 'O']",F_Hg_Ni_O,f_hg_ni_o,True,False,Cubic,2,"['F', 'Hg', 'Ni', 'O']","['Ni', 'Hg', 'O', 'F']",Ni,nickel,,['nickel'],nickel,Nickel,15162.1583333333,($/mt),2025.0,primary_element_proxy,medium,0.8491484184914841,9,high_cost
mp-22638,Ni2GeO4,ni2geo4,"['Ge', 'Ni', 'O']","['Ge', 'Ni', 'O']",Ge_Ni_O,ge_ni_o,True,False,Cubic,2,"['Ge', 'Ni', 'O']","['Ni', 'Ge', 'O']",Ni,nickel,,['nickel'],nickel,Nickel,15162.1583333333,($/mt),2025.0,primary_element_proxy,medium,0.8491484184914841,9,high_cost
mp-21275,Ni(SbO2)2,ni_sbo2_2,"['Ni', 'O', 'Sb']","['Ni', 'O', 'Sb']",Ni_O_Sb,ni_o_sb,True,False,Tetragonal,2,"['Ni', 'O', 'Sb']","['Ni', 'Sb', 'O']",Ni,nickel,,['nickel'],nickel,Nickel,15162.1583333333,($/mt),2025.0,primary_element_proxy,medium,0.8491484184914841,9,high_cost
mp-19135,Ni(PO3)2,ni_po3_2,"['Ni', 'O', 'P']","['Ni', 'O', 'P']",Ni_O_P,ni_o_p,True,False,Monoclinic,2,"['Ni', 'O', 'P']","['Ni', 'P', 'O']",Ni,nickel,,"['nickel', 'phosphate_rock']",nickel,Nickel,15162.1583333333,($/mt),2025.0,primary_element_proxy,medium,0.8491484184914841,9,high_cost
mp-504722,Ni(NO3)2,ni_no3_2,"['N', 'Ni', 'O']","['N', 'Ni', 'O']",N_Ni_O,n_ni_o,True,False,Cubic,2,"['N', 'Ni', 'O']","['Ni', 'N', 'O']",Ni,nickel,,['nickel'],nickel,Nickel,15162.1583333333,($/mt),2025.0,primary_element_proxy,medium,0.8491484184914841,9,high_cost
mp-27806,Ni(NF7)2,ni_nf7_2,"['F', 'N', 'Ni']","['F', 'N', 'Ni']",F_N_Ni,f_n_ni,True,False,Tetragonal,2,"['F', 'N', 'Ni']","['Ni', 'N', 'F']",Ni,nickel,,['nickel'],nickel,Nickel,15162.1583333333,($/mt),2025.0,primary_element_proxy,medium,0.8491484184914841,9,high_cost
mp-560757,Ni3Mo2SeO11,ni3mo2seo11,"['Mo', 'Ni', 'O', 'Se']","['Mo', 'Ni', 'O', 'Se']",Mo_Ni_O_Se,mo_ni_o_se,True,False,Triclinic,2,"['Mo', 'Ni', 'O', 'Se']","['Ni', 'Mo', 'Se', 'O']",Ni,nickel,,['nickel'],nickel,Nickel,15162.1583333333,($/mt),2025.0,primary_element_proxy,medium,0.8491484184914841,9,high_cost
mp-24540,Ni3H2Se3O10,ni3h2se3o10,"['H', 'Ni', 'O', 'Se']","['H', 'Ni', 'O', 'Se']",H_Ni_O_Se,h_ni_o_se,True,False,Triclinic,2,"['H', 'Ni', 'O', 'Se']","['Ni', 'H', 'Se', 'O']",Ni,nickel,,['nickel'],nickel,Nickel,15162.1583333333,($/mt),2025.0,primary_element_proxy,medium,0.8491484184914841,9,high_cost
mp-504714,Ni3B7IO13,ni3b7io13,"['B', 'I', 'Ni', 'O']","['B', 'I', 'Ni', 'O']",B_I_Ni_O,b_i_ni_o,True,False,Cubic,2,"['B', 'I', 'Ni', 'O']","['Ni', 'B', 'I', 'O']",Ni,nickel,,['nickel'],nickel,Nickel,15162.1583333333,($/mt),2025.0,primary_element_proxy,medium,0.8491484184914841,9,high_cost
mp-755246,Ni(IO3)2,ni_io3_2,"['I', 'Ni', 'O']","['I', 'Ni', 'O']",I_Ni_O,i_ni_o,True,False,Monoclinic,2,"['I', 'Ni', 'O']","['Ni', 'I', 'O']",Ni,nickel,,['nickel'],nickel,Nickel,15162.1583333333,($/mt),2025.0,primary_element_proxy,medium,0.8491484184914841,9,high_cost
mp-1096784,Ni(AsO2)2,ni_aso2_2,"['As', 'Ni', 'O']","['As', 'Ni', 'O']",As_Ni_O,as_ni_o,True,False,Tetragonal,2,"['As', 'Ni', 'O']","['Ni', 'As', 'O']",Ni,nickel,,['nickel'],nickel,Nickel,15162.1583333333,($/mt),2025.0,primary_element_proxy,medium,0.8491484184914841,9,high_cost
mp-28138,Ni(ClO4)2,ni_clo4_2,"['Cl', 'Ni', 'O']","['Cl', 'Ni', 'O']",Cl_Ni_O,cl_ni_o,True,False,Trigonal,2,"['Cl', 'Ni', 'O']","['Ni', 'Cl', 'O']",Ni,nickel,,['nickel'],nickel,Nickel,15162.1583333333,($/mt),2025.0,primary_element_proxy,medium,0.8491484184914841,9,high_cost
mp-557209,NiBiAsO5,nibiaso5,"['As', 'Bi', 'Ni', 'O']","['As', 'Bi', 'Ni', 'O']",As_Bi_Ni_O,as_bi_ni_o,True,False,Triclinic,2,"['As', 'Bi', 'Ni', 'O']","['Ni', 'Bi', 'As', 'O']",Ni,nickel,,['nickel'],nickel,Nickel,15162.1583333333,($/mt),2025.0,primary_element_proxy,medium,0.8491484184914841,9,high_cost
mp-555442,Ni7Te6(ClO9)2,ni7te6_clo9_2,"['Cl', 'Ni', 'O', 'Te']","['Cl', 'Ni', 'O', 'Te']",Cl_Ni_O_Te,cl_ni_o_te,True,False,Trigonal,2,"['Cl', 'Ni', 'O', 'Te']","['Ni', 'Te', 'Cl', 'O']",Ni,nickel,,['nickel'],nickel,Nickel,15162.1583333333,($/mt),2025.0,primary_element_proxy,medium,0.8491484184914841,9,high_cost
mp-556514,Ni5Sn(BO5)2,ni5sn_bo5_2,"['B', 'Ni', 'O', 'Sn']","['B', 'Ni', 'O', 'Sn']",B_Ni_O_Sn,b_ni_o_sn,True,False,Orthorhombic,2,"['B', 'Ni', 'O', 'Sn']","['Ni', 'Sn', 'B', 'O']",Ni,nickel,,"['nickel', 'tin']",nickel,Nickel,15162.1583333333,($/mt),2025.0,primary_element_proxy,medium,0.8491484184914841,9,high_cost
mp-1194971,Ni5Se4(ClO6)2,ni5se4_clo6_2,"['Cl', 'Ni', 'O', 'Se']","['Cl', 'Ni', 'O', 'Se']",Cl_Ni_O_Se,cl_ni_o_se,True,False,Triclinic,2,"['Cl', 'Ni', 'O', 'Se']","['Ni', 'Se', 'Cl', 'O']",Ni,nickel,,['nickel'],nickel,Nickel,15162.1583333333,($/mt),2025.0,primary_element_proxy,medium,0.8491484184914841,9,high_cost
mp-555343,Ni5Se4(BrO6)2,ni5se4_bro6_2,"['Br', 'Ni', 'O', 'Se']","['Br', 'Ni', 'O', 'Se']",Br_Ni_O_Se,br_ni_o_se,True,False,Triclinic,2,"['Br', 'Ni', 'O', 'Se']","['Ni', 'Se', 'Br', 'O']",Ni,nickel,,['nickel'],nickel,Nickel,15162.1583333333,($/mt),2025.0,primary_element_proxy,medium,0.8491484184914841,9,high_cost
mp-1195170,Ni5H2Se6(ClO4)4,ni5h2se6_clo4_4,"['Cl', 'H', 'Ni', 'O', 'Se']","['Cl', 'H', 'Ni', 'O', 'Se']",Cl_H_Ni_O_Se,cl_h_ni_o_se,True,False,Monoclinic,2,"['Cl', 'H', 'Ni', 'O', 'Se']","['Ni', 'H', 'Se', 'Cl', 'O']",Ni,nickel,,['nickel'],nickel,Nickel,15162.1583333333,($/mt),2025.0,primary_element_proxy,medium,0.8491484184914841,9,high_cost
mp-1198070,Ni3Te2MoO10,ni3te2moo10,"['Mo', 'Ni', 'O', 'Te']","['Mo', 'Ni', 'O', 'Te']",Mo_Ni_O_Te,mo_ni_o_te,True,False,Orthorhombic,2,"['Mo', 'Ni', 'O', 'Te']","['Ni', 'Te', 'Mo', 'O']",Ni,nickel,,['nickel'],nickel,Nickel,15162.1583333333,($/mt),2025.0,primary_element_proxy,medium,0.8491484184914841,9,high_cost
mp-1105005,Ni3Se4(ClO5)2,ni3se4_clo5_2,"['Cl', 'Ni', 'O', 'Se']","['Cl', 'Ni', 'O', 'Se']",Cl_Ni_O_Se,cl_ni_o_se,True,False,Monoclinic,2,"['Cl', 'Ni', 'O', 'Se']","['Ni', 'Se', 'Cl', 'O']",Ni,nickel,,['nickel'],nickel,Nickel,15162.1583333333,($/mt),2025.0,primary_element_proxy,medium,0.8491484184914841,9,high_cost
mp-1105117,Ni3Sb4(OF)6,ni3sb4_of_6,"['F', 'Ni', 'O', 'Sb']","['F', 'Ni', 'O', 'Sb']",F_Ni_O_Sb,f_ni_o_sb,True,False,Cubic,2,"['F', 'Ni', 'O', 'Sb']","['Ni', 'Sb', 'O', 'F']",Ni,nickel,,['nickel'],nickel,Nickel,15162.1583333333,($/mt),2025.0,primary_element_proxy,medium,0.8491484184914841,9,high_cost
mp-651726,Ni3P4PbO14,ni3p4pbo14,"['Ni', 'O', 'P', 'Pb']","['Ni', 'O', 'P', 'Pb']",Ni_O_P_Pb,ni_o_p_pb,True,False,Monoclinic,2,"['Ni', 'O', 'P', 'Pb']","['Ni', 'P', 'Pb', 'O']",Ni,nickel,,"['nickel', 'phosphate_rock', 'lead']",nickel,Nickel,15162.1583333333,($/mt),2025.0,primary_element_proxy,medium,0.8491484184914841,9,high_cost
mp-30989,Sn(NO3)4,sn_no3_4,"['N', 'O', 'Sn']","['N', 'O', 'Sn']",N_O_Sn,n_o_sn,True,False,Monoclinic,2,"['N', 'O', 'Sn']","['Sn', 'N', 'O']",Sn,tin,,['tin'],tin,Tin,34058.8358333333,($/mt),2025.0,primary_element_proxy,medium,0.9562043795620438,10,high_cost
mp-766947,Sn(PO3)2,sn_po3_2,"['O', 'P', 'Sn']","['O', 'P', 'Sn']",O_P_Sn,o_p_sn,True,False,Orthorhombic,2,"['O', 'P', 'Sn']","['Sn', 'P', 'O']",Sn,tin,,"['tin', 'phosphate_rock']",tin,Tin,34058.8358333333,($/mt),2025.0,primary_element_proxy,medium,0.9562043795620438,10,high_cost
mp-22467,Sn(PbO2)2,sn_pbo2_2,"['O', 'Pb', 'Sn']","['O', 'Pb', 'Sn']",O_Pb_Sn,o_pb_sn,True,False,Tetragonal,2,"['O', 'Pb', 'Sn']","['Sn', 'Pb', 'O']",Sn,tin,,"['tin', 'lead']",tin,Tin,34058.8358333333,($/mt),2025.0,primary_element_proxy,medium,0.9562043795620438,10,high_cost
mp-29252,Sn2ClF3,sn2clf3,"['Cl', 'F', 'Sn']","['Cl', 'F', 'Sn']",Cl_F_Sn,cl_f_sn,True,False,Cubic,2,"['Cl', 'F', 'Sn']","['Sn', 'Cl', 'F']",Sn,tin,,['tin'],tin,Tin,34058.8358333333,($/mt),2025.0,primary_element_proxy,medium,0.9562043795620438,10,high_cost
mp-27480,Sn2OF2,sn2of2,"['F', 'O', 'Sn']","['F', 'O', 'Sn']",F_O_Sn,f_o_sn,True,False,Monoclinic,2,"['F', 'O', 'Sn']","['Sn', 'O', 'F']",Sn,tin,,['tin'],tin,Tin,34058.8358333333,($/mt),2025.0,primary_element_proxy,medium,0.9562043795620438,10,high_cost
mp-29590,Sn2OF5,sn2of5,"['F', 'O', 'Sn']","['F', 'O', 'Sn']",F_O_Sn,f_o_sn,True,False,Monoclinic,2,"['F', 'O', 'Sn']","['Sn', 'O', 'F']",Sn,tin,,['tin'],tin,Tin,34058.8358333333,($/mt),2025.0,primary_element_proxy,medium,0.9562043795620438,10,high_cost
mp-554022,Sn2P2O7,sn2p2o7,"['O', 'P', 'Sn']","['O', 'P', 'Sn']",O_P_Sn,o_p_sn,True,False,Triclinic,2,"['O', 'P', 'Sn']","['Sn', 'P', 'O']",Sn,tin,,"['tin', 'phosphate_rock']",tin,Tin,34058.8358333333,($/mt),2025.0,primary_element_proxy,medium,0.9562043795620438,10,high_cost
mp-555836,Sn2PClO4,sn2pclo4,"['Cl', 'O', 'P', 'Sn']","['Cl', 'O', 'P', 'Sn']",Cl_O_P_Sn,cl_o_p_sn,True,False,Orthorhombic,2,"['Cl', 'O', 'P', 'Sn']","['Sn', 'P', 'Cl', 'O']",Sn,tin,,"['tin', 'phosphate_rock']",tin,Tin,34058.8358333333,($/mt),2025.0,primary_element_proxy,medium,0.9562043795620438,10,high_cost
mp-1219056,Sn2Sb2Pb4O13,sn2sb2pb4o13,"['O', 'Pb', 'Sb', 'Sn']","['O', 'Pb', 'Sb', 'Sn']",O_Pb_Sb_Sn,o_pb_sb_sn,True,False,Orthorhombic,2,"['O', 'Pb', 'Sb', 'Sn']","['Sn', 'Sb', 'Pb', 'O']",Sn,tin,,"['tin', 'lead']",tin,Tin,34058.8358333333,($/mt),2025.0,primary_element_proxy,medium,0.9562043795620438,10,high_cost
mp-27493,Sn3(PO4)2,sn3_po4_2,"['O', 'P', 'Sn']","['O', 'P', 'Sn']",O_P_Sn,o_p_sn,True,False,Monoclinic,2,"['O', 'P', 'Sn']","['Sn', 'P', 'O']",Sn,tin,,"['tin', 'phosphate_rock']",tin,Tin,34058.8358333333,($/mt),2025.0,primary_element_proxy,medium,0.9562043795620438,10,high_cost
mp-27431,Sn3BF9,sn3bf9,"['B', 'F', 'Sn']","['B', 'F', 'Sn']",B_F_Sn,b_f_sn,True,False,Monoclinic,2,"['B', 'F', 'Sn']","['Sn', 'B', 'F']",Sn,tin,,['tin'],tin,Tin,34058.8358333333,($/mt),2025.0,primary_element_proxy,medium,0.9562043795620438,10,high_cost
mp-1443,Sn3F8,sn3f8,"['F', 'Sn']","['F', 'Sn']",F_Sn,f_sn,True,False,Monoclinic,2,"['F', 'Sn']","['Sn', 'F']",Sn,tin,,['tin'],tin,Tin,34058.8358333333,($/mt),2025.0,primary_element_proxy,medium,0.9562043795620438,10,high_cost
mp-546757,Sn3PO4F3,sn3po4f3,"['F', 'O', 'P', 'Sn']","['F', 'O', 'P', 'Sn']",F_O_P_Sn,f_o_p_sn,True,False,Trigonal,2,"['F', 'O', 'P', 'Sn']","['Sn', 'P', 'O', 'F']",Sn,tin,,"['tin', 'phosphate_rock']",tin,Tin,34058.8358333333,($/mt),2025.0,primary_element_proxy,medium,0.9562043795620438,10,high_cost
mp-1219089,Sn3TePb4O13,sn3tepb4o13,"['O', 'Pb', 'Sn', 'Te']","['O', 'Pb', 'Sn', 'Te']",O_Pb_Sn_Te,o_pb_sn_te,True,False,Trigonal,2,"['O', 'Pb', 'Sn', 'Te']","['Sn', 'Te', 'Pb', 'O']",Sn,tin,,"['tin', 'lead']",tin,Tin,34058.8358333333,($/mt),2025.0,primary_element_proxy,medium,0.9562043795620438,10,high_cost
mp-560715,Sn5(PO5)2,sn5_po5_2,"['O', 'P', 'Sn']","['O', 'P', 'Sn']",O_P_Sn,o_p_sn,True,False,Triclinic,2,"['O', 'P', 'Sn']","['Sn', 'P', 'O']",Sn,tin,,"['tin', 'phosphate_rock']",tin,Tin,34058.8358333333,($/mt),2025.0,primary_element_proxy,medium,0.9562043795620438,10,high_cost
mp-13252,SnB4O7,snb4o7,"['B', 'O', 'Sn']","['B', 'O', 'Sn']",B_O_Sn,b_o_sn,True,False,Orthorhombic,2,"['B', 'O', 'Sn']","['Sn', 'B', 'O']",Sn,tin,,['tin'],tin,Tin,34058.8358333333,($/mt),2025.0,primary_element_proxy,medium,0.9562043795620438,10,high_cost
mp-2843,SnF2,snf2,"['F', 'Sn']","['F', 'Sn']",F_Sn,f_sn,True,False,Monoclinic,2,"['F', 'Sn']","['Sn', 'F']",Sn,tin,,['tin'],tin,Tin,34058.8358333333,($/mt),2025.0,primary_element_proxy,medium,0.9562043795620438,10,high_cost
mp-2706,SnF4,snf4,"['F', 'Sn']","['F', 'Sn']",F_Sn,f_sn,True,False,Tetragonal,2,"['F', 'Sn']","['Sn', 'F']",Sn,tin,,['tin'],tin,Tin,34058.8358333333,($/mt),2025.0,primary_element_proxy,medium,0.9562043795620438,10,high_cost
mp-1198673,SnH12C2(NCl)6,snh12c2_ncl_6,"['C', 'Cl', 'H', 'N', 'Sn']","['C', 'Cl', 'H', 'N', 'Sn']",C_Cl_H_N_Sn,c_cl_h_n_sn,True,False,Monoclinic,2,"['C', 'Cl', 'H', 'N', 'Sn']","['Sn', 'H', 'C', 'N', 'Cl']",Sn,tin,,['tin'],tin,Tin,34058.8358333333,($/mt),2025.0,primary_element_proxy,medium,0.9562043795620438,10,high_cost
mp-1202021,SnH16(ClO2)4,snh16_clo2_4,"['Cl', 'H', 'O', 'Sn']","['Cl', 'H', 'O', 'Sn']",Cl_H_O_Sn,cl_h_o_sn,True,False,Monoclinic,2,"['Cl', 'H', 'O', 'Sn']","['Sn', 'H', 'Cl', 'O']",Sn,tin,,['tin'],tin,Tin,34058.8358333333,($/mt),2025.0,primary_element_proxy,medium,0.9562043795620438,10,high_cost
mp-554808,SnH22(Cl3O5)2,snh22_cl3o5_2,"['Cl', 'H', 'O', 'Sn']","['Cl', 'H', 'O', 'Sn']",Cl_H_O_Sn,cl_h_o_sn,True,False,Monoclinic,2,"['Cl', 'H', 'O', 'Sn']","['Sn', 'H', 'Cl', 'O']",Sn,tin,,['tin'],tin,Tin,34058.8358333333,($/mt),2025.0,primary_element_proxy,medium,0.9562043795620438,10,high_cost
mp-643902,SnH4(NF)2,snh4_nf_2,"['F', 'H', 'N', 'Sn']","['F', 'H', 'N', 'Sn']",F_H_N_Sn,f_h_n_sn,True,False,Monoclinic,2,"['F', 'H', 'N', 'Sn']","['Sn', 'H', 'N', 'F']",Sn,tin,,['tin'],tin,Tin,34058.8358333333,($/mt),2025.0,primary_element_proxy,medium,0.9562043795620438,10,high_cost
mp-863000,SnH6(NF2)2,snh6_nf2_2,"['F', 'H', 'N', 'Sn']","['F', 'H', 'N', 'Sn']",F_H_N_Sn,f_h_n_sn,True,False,Monoclinic,2,"['F', 'H', 'N', 'Sn']","['Sn', 'H', 'N', 'F']",Sn,tin,,['tin'],tin,Tin,34058.8358333333,($/mt),2025.0,primary_element_proxy,medium,0.9562043795620438,10,high_cost
mp-23763,SnH8(NCl3)2,snh8_ncl3_2,"['Cl', 'H', 'N', 'Sn']","['Cl', 'H', 'N', 'Sn']",Cl_H_N_Sn,cl_h_n_sn,True,False,Cubic,2,"['Cl', 'H', 'N', 'Sn']","['Sn', 'H', 'N', 'Cl']",Sn,tin,,['tin'],tin,Tin,34058.8358333333,($/mt),2025.0,primary_element_proxy,medium,0.9562043795620438,10,high_cost
mp-24113,SnH8(NF3)2,snh8_nf3_2,"['F', 'H', 'N', 'Sn']","['F', 'H', 'N', 'Sn']",F_H_N_Sn,f_h_n_sn,True,False,Trigonal,2,"['F', 'H', 'N', 'Sn']","['Sn', 'H', 'N', 'F']",Sn,tin,,['tin'],tin,Tin,34058.8358333333,($/mt),2025.0,primary_element_proxy,medium,0.9562043795620438,10,high_cost
mp-36508,SnHgF6,snhgf6,"['F', 'Hg', 'Sn']","['F', 'Hg', 'Sn']",F_Hg_Sn,f_hg_sn,True,False,Trigonal,2,"['F', 'Hg', 'Sn']","['Sn', 'Hg', 'F']",Sn,tin,,['tin'],tin,Tin,34058.8358333333,($/mt),2025.0,primary_element_proxy,medium,0.9562043795620438,10,high_cost
mp-757192,SnP2O7,snp2o7,"['O', 'P', 'Sn']","['O', 'P', 'Sn']",O_P_Sn,o_p_sn,True,False,Triclinic,2,"['O', 'P', 'Sn']","['Sn', 'P', 'O']",Sn,tin,,"['tin', 'phosphate_rock']",tin,Tin,34058.8358333333,($/mt),2025.0,primary_element_proxy,medium,0.9562043795620438,10,high_cost
mp-22821,SnP2PbO8,snp2pbo8,"['O', 'P', 'Pb', 'Sn']","['O', 'P', 'Pb', 'Sn']",O_P_Pb_Sn,o_p_pb_sn,True,False,Monoclinic,2,"['O', 'P', 'Pb', 'Sn']","['Sn', 'P', 'Pb', 'O']",Sn,tin,,"['tin', 'phosphate_rock', 'lead']",tin,Tin,34058.8358333333,($/mt),2025.0,primary_element_proxy,medium,0.9562043795620438,10,high_cost
mp-767114,SnP4O11,snp4o11,"['O', 'P', 'Sn']","['O', 'P', 'Sn']",O_P_Sn,o_p_sn,True,False,Monoclinic,2,"['O', 'P', 'Sn']","['Sn', 'P', 'O']",Sn,tin,,"['tin', 'phosphate_rock']",tin,Tin,34058.8358333333,($/mt),2025.0,primary_element_proxy,medium,0.9562043795620438,10,high_cost
mp-690702,SnPHO4,snpho4,"['H', 'O', 'P', 'Sn']","['H', 'O', 'P', 'Sn']",H_O_P_Sn,h_o_p_sn,True,False,Monoclinic,2,"['H', 'O', 'P', 'Sn']","['Sn', 'P', 'H', 'O']",Sn,tin,,"['tin', 'phosphate_rock']",tin,Tin,34058.8358333333,($/mt),2025.0,primary_element_proxy,medium,0.9562043795620438,10,high_cost
mp-775543,SnPHO5,snpho5,"['H', 'O', 'P', 'Sn']","['H', 'O', 'P', 'Sn']",H_O_P_Sn,h_o_p_sn,True,False,Triclinic,2,"['H', 'O', 'P', 'Sn']","['Sn', 'P', 'H', 'O']",Sn,tin,,"['tin', 'phosphate_rock']",tin,Tin,34058.8358333333,($/mt),2025.0,primary_element_proxy,medium,0.9562043795620438,10,high_cost
mp-555838,SnPO3F,snpo3f,"['F', 'O', 'P', 'Sn']","['F', 'O', 'P', 'Sn']",F_O_P_Sn,f_o_p_sn,True,False,Monoclinic,2,"['F', 'O', 'P', 'Sn']","['Sn', 'P', 'O', 'F']",Sn,tin,,"['tin', 'phosphate_rock']",tin,Tin,34058.8358333333,($/mt),2025.0,primary_element_proxy,medium,0.9562043795620438,10,high_cost
mp-556672,Sn(SeO3)2,sn_seo3_2,"['O', 'Se', 'Sn']","['O', 'Se', 'Sn']",O_Se_Sn,o_se_sn,True,False,Cubic,2,"['O', 'Se', 'Sn']","['Sn', 'Se', 'O']",Sn,tin,,['tin'],tin,Tin,34058.8358333333,($/mt),2025.0,primary_element_proxy,medium,0.9562043795620438,10,high_cost
mp-768950,Sn2(SO4)3,sn2_so4_3,"['O', 'S', 'Sn']","['O', 'S', 'Sn']",O_S_Sn,o_s_sn,True,False,Trigonal,2,"['O', 'S', 'Sn']","['Sn', 'S', 'O']",Sn,tin,,['tin'],tin,Tin,34058.8358333333,($/mt),2025.0,primary_element_proxy,medium,0.9562043795620438,10,high_cost
mp-27430,Sn2BF7,sn2bf7,"['B', 'F', 'Sn']","['B', 'F', 'Sn']",B_F_Sn,b_f_sn,True,False,Orthorhombic,2,"['B', 'F', 'Sn']","['Sn', 'B', 'F']",Sn,tin,,['tin'],tin,Tin,34058.8358333333,($/mt),2025.0,primary_element_proxy,medium,0.9562043795620438,10,high_cost
mp-12231,SnTe3O8,snte3o8,"['O', 'Sn', 'Te']","['O', 'Sn', 'Te']",O_Sn_Te,o_sn_te,True,False,Cubic,2,"['O', 'Sn', 'Te']","['Sn', 'Te', 'O']",Sn,tin,,['tin'],tin,Tin,34058.8358333333,($/mt),2025.0,primary_element_proxy,medium,0.9562043795620438,10,high_cost
mp-1007694,SnPO4F,snpo4f,"['F', 'O', 'P', 'Sn']","['F', 'O', 'P', 'Sn']",F_O_P_Sn,f_o_p_sn,True,False,Orthorhombic,2,"['F', 'O', 'P', 'Sn']","['Sn', 'P', 'O', 'F']",Sn,tin,,"['tin', 'phosphate_rock']",tin,Tin,34058.8358333333,($/mt),2025.0,primary_element_proxy,medium,0.9562043795620438,10,high_cost
mp-8566,Ag,ag,['Ag'],['Ag'],Ag,ag,True,True,Hexagonal,3,['Ag'],['Ag'],Ag,silver,silver,['silver'],silver,Silver,39.80466666667,($/troy oz),2025.0,single_element_proxy,high,0.046875,1,low_cost
mp-29607,Ag(TeMo)6,ag_temo_6,"['Ag', 'Mo', 'Te']","['Ag', 'Mo', 'Te']",Ag_Mo_Te,ag_mo_te,True,True,Monoclinic,3,"['Ag', 'Mo', 'Te']","['Ag', 'Te', 'Mo']",Ag,silver,,['silver'],silver,Silver,39.80466666667,($/troy oz),2025.0,primary_element_proxy,medium,0.046875,1,low_cost
mp-1592,Ag2Te,ag2te,"['Ag', 'Te']","['Ag', 'Te']",Ag_Te,ag_te,True,True,Monoclinic,3,"['Ag', 'Te']","['Ag', 'Te']",Ag,silver,,['silver'],silver,Silver,39.80466666667,($/troy oz),2025.0,primary_element_proxy,medium,0.046875,1,low_cost
mp-1183137,Ag3Au,ag3au,"['Ag', 'Au']","['Ag', 'Au']",Ag_Au,ag_au,True,True,Cubic,3,"['Ag', 'Au']","['Ag', 'Au']",Ag,silver,,"['silver', 'gold']",silver,Silver,39.80466666667,($/troy oz),2025.0,primary_element_proxy,medium,0.046875,1,low_cost
mp-3172,Ag3AuSe2,ag3ause2,"['Ag', 'Au', 'Se']","['Ag', 'Au', 'Se']",Ag_Au_Se,ag_au_se,True,False,Cubic,3,"['Ag', 'Au', 'Se']","['Ag', 'Au', 'Se']",Ag,silver,,"['silver', 'gold']",silver,Silver,39.80466666667,($/troy oz),2025.0,primary_element_proxy,medium,0.046875,1,low_cost
mp-985296,Ag3Pd,ag3pd,"['Ag', 'Pd']","['Ag', 'Pd']",Ag_Pd,ag_pd,True,True,Tetragonal,3,"['Ag', 'Pd']","['Ag', 'Pd']",Ag,silver,,['silver'],silver,Silver,39.80466666667,($/troy oz),2025.0,primary_element_proxy,medium,0.046875,1,low_cost
mp-5710,Ag3Te2Au,ag3te2au,"['Ag', 'Au', 'Te']","['Ag', 'Au', 'Te']",Ag_Au_Te,ag_au_te,True,False,Cubic,3,"['Ag', 'Au', 'Te']","['Ag', 'Te', 'Au']",Ag,silver,,"['silver', 'gold']",silver,Silver,39.80466666667,($/troy oz),2025.0,primary_element_proxy,medium,0.046875,1,low_cost
mp-863750,AgAu3,agau3,"['Ag', 'Au']","['Ag', 'Au']",Ag_Au,ag_au,True,True,Cubic,3,"['Ag', 'Au']","['Ag', 'Au']",Ag,silver,,"['silver', 'gold']",silver,Silver,39.80466666667,($/troy oz),2025.0,primary_element_proxy,medium,0.046875,1,low_cost
mp-1229012,AgPd,agpd,"['Ag', 'Pd']","['Ag', 'Pd']",Ag_Pd,ag_pd,True,True,Trigonal,3,"['Ag', 'Pd']","['Ag', 'Pd']",Ag,silver,,['silver'],silver,Silver,39.80466666667,($/troy oz),2025.0,primary_element_proxy,medium,0.046875,1,low_cost
mp-1183209,AgPt,agpt,"['Ag', 'Pt']","['Ag', 'Pt']",Ag_Pt,ag_pt,True,True,Hexagonal,3,"['Ag', 'Pt']","['Ag', 'Pt']",Ag,silver,,"['silver', 'platinum']",silver,Silver,39.80466666667,($/troy oz),2025.0,primary_element_proxy,medium,0.046875,1,low_cost
mp-3291,AgTe4Au,agte4au,"['Ag', 'Au', 'Te']","['Ag', 'Au', 'Te']",Ag_Au_Te,ag_au_te,True,True,Monoclinic,3,"['Ag', 'Au', 'Te']","['Ag', 'Te', 'Au']",Ag,silver,,"['silver', 'gold']",silver,Silver,39.80466666667,($/troy oz),2025.0,primary_element_proxy,medium,0.046875,1,low_cost
mp-730,P2Pt,p2pt,"['P', 'Pt']","['P', 'Pt']",P_Pt,p_pt,True,False,Cubic,3,"['P', 'Pt']","['P', 'Pt']",P,phosphate,,"['phosphate_rock', 'platinum']",phosphate_rock,Phosphate rock,152.5,($/mt),2025.0,primary_element_proxy,medium,0.140625,2,low_cost
mp-10155,P2Ir,p2ir,"['Ir', 'P']","['Ir', 'P']",Ir_P,ir_p,True,False,Monoclinic,3,"['Ir', 'P']","['P', 'Ir']",P,phosphate,,['phosphate_rock'],phosphate_rock,Phosphate rock,152.5,($/mt),2025.0,primary_element_proxy,medium,0.140625,2,low_cost
mp-2319,P2Os,p2os,"['Os', 'P']","['Os', 'P']",Os_P,os_p,True,False,Orthorhombic,3,"['Os', 'P']","['P', 'Os']",P,phosphate,,['phosphate_rock'],phosphate_rock,Phosphate rock,152.5,($/mt),2025.0,primary_element_proxy,medium,0.140625,2,low_cost
mp-30108,P2PbAu2,p2pbau2,"['Au', 'P', 'Pb']","['Au', 'P', 'Pb']",Au_P_Pb,au_p_pb,True,True,Orthorhombic,3,"['Au', 'P', 'Pb']","['P', 'Pb', 'Au']",P,phosphate,,"['phosphate_rock', 'gold', 'lead']",phosphate_rock,Phosphate rock,152.5,($/mt),2025.0,primary_element_proxy,medium,0.140625,2,low_cost
mp-13871,P2Pt5,p2pt5,"['P', 'Pt']","['P', 'Pt']",P_Pt,p_pt,True,True,Monoclinic,3,"['P', 'Pt']","['P', 'Pt']",P,phosphate,,"['phosphate_rock', 'platinum']",phosphate_rock,Phosphate rock,152.5,($/mt),2025.0,primary_element_proxy,medium,0.140625,2,low_cost
mp-21911,PRu2,pru2,"['P', 'Ru']","['P', 'Ru']",P_Ru,p_ru,True,True,Orthorhombic,3,"['P', 'Ru']","['P', 'Ru']",P,phosphate,,['phosphate_rock'],phosphate_rock,Phosphate rock,152.5,($/mt),2025.0,primary_element_proxy,medium,0.140625,2,low_cost
mp-2732,PRh2,prh2,"['P', 'Rh']","['P', 'Rh']",P_Rh,p_rh,True,True,Cubic,3,"['P', 'Rh']","['P', 'Rh']",P,phosphate,,['phosphate_rock'],phosphate_rock,Phosphate rock,152.5,($/mt),2025.0,primary_element_proxy,medium,0.140625,2,low_cost
mp-1102534,POsS,poss,"['Os', 'P', 'S']","['Os', 'P', 'S']",Os_P_S,os_p_s,True,False,Monoclinic,3,"['Os', 'P', 'S']","['P', 'Os', 'S']",P,phosphate,,['phosphate_rock'],phosphate_rock,Phosphate rock,152.5,($/mt),2025.0,primary_element_proxy,medium,0.140625,2,low_cost
mp-1220004,PIrS,pirs,"['Ir', 'P', 'S']","['Ir', 'P', 'S']",Ir_P_S,ir_p_s,True,False,Cubic,3,"['Ir', 'P', 'S']","['P', 'Ir', 'S']",P,phosphate,,['phosphate_rock'],phosphate_rock,Phosphate rock,152.5,($/mt),2025.0,primary_element_proxy,medium,0.140625,2,low_cost
mp-2082,PIr2,pir2,"['Ir', 'P']","['Ir', 'P']",Ir_P,ir_p,True,True,Cubic,3,"['Ir', 'P']","['P', 'Ir']",P,phosphate,,['phosphate_rock'],phosphate_rock,Phosphate rock,152.5,($/mt),2025.0,primary_element_proxy,medium,0.140625,2,low_cost
mp-27258,P3Au2,p3au2,"['Au', 'P']","['Au', 'P']",Au_P,au_p,True,True,Monoclinic,3,"['Au', 'P']","['P', 'Au']",P,phosphate,,"['phosphate_rock', 'gold']",phosphate_rock,Phosphate rock,152.5,($/mt),2025.0,primary_element_proxy,medium,0.140625,2,low_cost
mp-11328,P2W,p2w,"['P', 'W']","['P', 'W']",P_W,p_w,True,True,Orthorhombic,3,"['P', 'W']","['P', 'W']",P,phosphate,,['phosphate_rock'],phosphate_rock,Phosphate rock,152.5,($/mt),2025.0,primary_element_proxy,medium,0.140625,2,low_cost
mp-2420,PW,pw,"['P', 'W']","['P', 'W']",P_W,p_w,True,True,Orthorhombic,3,"['P', 'W']","['P', 'W']",P,phosphate,,['phosphate_rock'],phosphate_rock,Phosphate rock,152.5,($/mt),2025.0,primary_element_proxy,medium,0.140625,2,low_cost
mp-29767,Pt5Se4,pt5se4,"['Pt', 'Se']","['Pt', 'Se']",Pt_Se,pt_se,True,True,Monoclinic,3,"['Pt', 'Se']","['Pt', 'Se']",Pt,platinum,,['platinum'],platinum,Platinum,1278.29333333333,($/troy oz),2025.0,primary_element_proxy,medium,0.23046875,3,low_cost
mp-1066274,PtPb,ptpb,"['Pb', 'Pt']","['Pb', 'Pt']",Pb_Pt,pb_pt,True,True,Hexagonal,3,"['Pb', 'Pt']","['Pt', 'Pb']",Pt,platinum,,"['platinum', 'lead']",platinum,Platinum,1278.29333333333,($/troy oz),2025.0,primary_element_proxy,medium,0.23046875,3,low_cost
mp-21296,PtPb4,ptpb4,"['Pb', 'Pt']","['Pb', 'Pt']",Pb_Pt,pb_pt,True,True,Tetragonal,3,"['Pb', 'Pt']","['Pt', 'Pb']",Pt,platinum,,"['platinum', 'lead']",platinum,Platinum,1278.29333333333,($/troy oz),2025.0,primary_element_proxy,medium,0.23046875,3,low_cost
mp-974376,PtRh3,ptrh3,"['Pt', 'Rh']","['Pt', 'Rh']",Pt_Rh,pt_rh,True,True,Tetragonal,3,"['Pt', 'Rh']","['Pt', 'Rh']",Pt,platinum,,['platinum'],platinum,Platinum,1278.29333333333,($/troy oz),2025.0,primary_element_proxy,medium,0.23046875,3,low_cost
mp-126,Pt,pt,['Pt'],['Pt'],Pt,pt,True,True,Cubic,3,['Pt'],['Pt'],Pt,platinum,platinum,['platinum'],platinum,Platinum,1278.29333333333,($/troy oz),2025.0,single_element_proxy,high,0.23046875,3,low_cost
mp-1018129,Pt2W,pt2w,"['Pt', 'W']","['Pt', 'W']",Pt_W,pt_w,True,True,Orthorhombic,3,"['Pt', 'W']","['Pt', 'W']",Pt,platinum,,['platinum'],platinum,Platinum,1278.29333333333,($/troy oz),2025.0,primary_element_proxy,medium,0.23046875,3,low_cost
mp-974616,Pt3Rh,pt3rh,"['Pt', 'Rh']","['Pt', 'Rh']",Pt_Rh,pt_rh,True,True,Tetragonal,3,"['Pt', 'Rh']","['Pt', 'Rh']",Pt,platinum,,['platinum'],platinum,Platinum,1278.29333333333,($/troy oz),2025.0,primary_element_proxy,medium,0.23046875,3,low_cost
mp-288,PtS,pts,"['Pt', 'S']","['Pt', 'S']",Pt_S,pt_s,True,False,Tetragonal,3,"['Pt', 'S']","['Pt', 'S']",Pt,platinum,,['platinum'],platinum,Platinum,1278.29333333333,($/troy oz),2025.0,primary_element_proxy,medium,0.23046875,3,low_cost
mp-762,PtS2,pts2,"['Pt', 'S']","['Pt', 'S']",Pt_S,pt_s,True,False,Trigonal,3,"['Pt', 'S']","['Pt', 'S']",Pt,platinum,,['platinum'],platinum,Platinum,1278.29333333333,($/troy oz),2025.0,primary_element_proxy,medium,0.23046875,3,low_cost
mp-1115,PtSe2,ptse2,"['Pt', 'Se']","['Pt', 'Se']",Pt_Se,pt_se,True,False,Trigonal,3,"['Pt', 'Se']","['Pt', 'Se']",Pt,platinum,,['platinum'],platinum,Platinum,1278.29333333333,($/troy oz),2025.0,primary_element_proxy,medium,0.23046875,3,low_cost
mp-1190478,PbAu2,pbau2,"['Au', 'Pb']","['Au', 'Pb']",Au_Pb,au_pb,True,True,Orthorhombic,3,"['Au', 'Pb']","['Pb', 'Au']",Pb,lead,,"['lead', 'gold']",lead,Lead,1962.235,($/mt),2025.0,primary_element_proxy,medium,0.28515625,4,low_cost
mp-2201,PbSe,pbse,"['Pb', 'Se']","['Pb', 'Se']",Pb_Se,pb_se,True,False,Cubic,3,"['Pb', 'Se']","['Pb', 'Se']",Pb,lead,,['lead'],lead,Lead,1962.235,($/mt),2025.0,primary_element_proxy,medium,0.28515625,4,low_cost
mp-20483,Pb,pb,['Pb'],['Pb'],Pb,pb,True,True,Cubic,3,['Pb'],['Pb'],Pb,lead,lead,['lead'],lead,Lead,1962.235,($/mt),2025.0,single_element_proxy,high,0.28515625,4,low_cost
mp-22795,Pb2Au,pb2au,"['Au', 'Pb']","['Au', 'Pb']",Au_Pb,au_pb,True,True,Tetragonal,3,"['Au', 'Pb']","['Pb', 'Au']",Pb,lead,,"['lead', 'gold']",lead,Lead,1962.235,($/mt),2025.0,primary_element_proxy,medium,0.28515625,4,low_cost
mp-10904,AlPt,alpt,"['Al', 'Pt']","['Al', 'Pt']",Al_Pt,al_pt,True,True,Cubic,3,"['Al', 'Pt']","['Al', 'Pt']",Al,aluminum,,"['aluminum', 'platinum']",aluminum,Aluminum,2631.69583333333,($/mt),2025.0,primary_element_proxy,medium,0.41796875,5,low_cost
mp-10909,AlRe2,alre2,"['Al', 'Re']","['Al', 'Re']",Al_Re,al_re,True,True,Tetragonal,3,"['Al', 'Re']","['Al', 'Re']",Al,aluminum,,['aluminum'],aluminum,Aluminum,2631.69583333333,($/mt),2025.0,primary_element_proxy,medium,0.41796875,5,low_cost
mp-862705,AlZnIr2,alznir2,"['Al', 'Ir', 'Zn']","['Al', 'Ir', 'Zn']",Al_Ir_Zn,al_ir_zn,True,True,Cubic,3,"['Al', 'Ir', 'Zn']","['Al', 'Zn', 'Ir']",Al,aluminum,,"['aluminum', 'zinc']",aluminum,Aluminum,2631.69583333333,($/mt),2025.0,primary_element_proxy,medium,0.41796875,5,low_cost
mp-605663,AlPd5,alpd5,"['Al', 'Pd']","['Al', 'Pd']",Al_Pd,al_pd,True,True,Orthorhombic,3,"['Al', 'Pd']","['Al', 'Pd']",Al,aluminum,,['aluminum'],aluminum,Aluminum,2631.69583333333,($/mt),2025.0,primary_element_proxy,medium,0.41796875,5,low_cost
mp-1025271,AlPPt5,alppt5,"['Al', 'P', 'Pt']","['Al', 'P', 'Pt']",Al_P_Pt,al_p_pt,True,True,Tetragonal,3,"['Al', 'P', 'Pt']","['Al', 'P', 'Pt']",Al,aluminum,,"['aluminum', 'phosphate_rock', 'platinum']",aluminum,Aluminum,2631.69583333333,($/mt),2025.0,primary_element_proxy,medium,0.41796875,5,low_cost
mp-259,AlMo3,almo3,"['Al', 'Mo']","['Al', 'Mo']",Al_Mo,al_mo,True,True,Cubic,3,"['Al', 'Mo']","['Al', 'Mo']",Al,aluminum,,['aluminum'],aluminum,Aluminum,2631.69583333333,($/mt),2025.0,primary_element_proxy,medium,0.41796875,5,low_cost
mp-16960,AlPt2,alpt2,"['Al', 'Pt']","['Al', 'Pt']",Al_Pt,al_pt,True,True,Orthorhombic,3,"['Al', 'Pt']","['Al', 'Pt']",Al,aluminum,,"['aluminum', 'platinum']",aluminum,Aluminum,2631.69583333333,($/mt),2025.0,primary_element_proxy,medium,0.41796875,5,low_cost
mp-607111,AlPt3,alpt3,"['Al', 'Pt']","['Al', 'Pt']",Al_Pt,al_pt,True,True,Tetragonal,3,"['Al', 'Pt']","['Al', 'Pt']",Al,aluminum,,"['aluminum', 'platinum']",aluminum,Aluminum,2631.69583333333,($/mt),2025.0,primary_element_proxy,medium,0.41796875,5,low_cost
mp-1228815,AlRe,alre,"['Al', 'Re']","['Al', 'Re']",Al_Re,al_re,True,True,Tetragonal,3,"['Al', 'Re']","['Al', 'Re']",Al,aluminum,,['aluminum'],aluminum,Aluminum,2631.69583333333,($/mt),2025.0,primary_element_proxy,medium,0.41796875,5,low_cost
mp-2647,Al2Au,al2au,"['Al', 'Au']","['Al', 'Au']",Al_Au,al_au,True,True,Cubic,3,"['Al', 'Au']","['Al', 'Au']",Al,aluminum,,"['aluminum', 'gold']",aluminum,Aluminum,2631.69583333333,($/mt),2025.0,primary_element_proxy,medium,0.41796875,5,low_cost
mp-1183136,Al2OsRh,al2osrh,"['Al', 'Os', 'Rh']","['Al', 'Os', 'Rh']",Al_Os_Rh,al_os_rh,True,True,Cubic,3,"['Al', 'Os', 'Rh']","['Al', 'Os', 'Rh']",Al,aluminum,,['aluminum'],aluminum,Aluminum,2631.69583333333,($/mt),2025.0,primary_element_proxy,medium,0.41796875,5,low_cost
mp-1502,Al2Pt,al2pt,"['Al', 'Pt']","['Al', 'Pt']",Al_Pt,al_pt,True,True,Cubic,3,"['Al', 'Pt']","['Al', 'Pt']",Al,aluminum,,"['aluminum', 'platinum']",aluminum,Aluminum,2631.69583333333,($/mt),2025.0,primary_element_proxy,medium,0.41796875,5,low_cost
mp-867125,Al2RuPt,al2rupt,"['Al', 'Pt', 'Ru']","['Al', 'Pt', 'Ru']",Al_Pt_Ru,al_pt_ru,True,True,Cubic,3,"['Al', 'Pt', 'Ru']","['Al', 'Ru', 'Pt']",Al,aluminum,,"['aluminum', 'platinum']",aluminum,Aluminum,2631.69583333333,($/mt),2025.0,primary_element_proxy,medium,0.41796875,5,low_cost
mp-10905,Al3Pt2,al3pt2,"['Al', 'Pt']","['Al', 'Pt']",Al_Pt,al_pt,True,True,Trigonal,3,"['Al', 'Pt']","['Al', 'Pt']",Al,aluminum,,"['aluminum', 'platinum']",aluminum,Aluminum,2631.69583333333,($/mt),2025.0,primary_element_proxy,medium,0.41796875,5,low_cost
mp-1501,Al3Pt5,al3pt5,"['Al', 'Pt']","['Al', 'Pt']",Al_Pt,al_pt,True,True,Orthorhombic,3,"['Al', 'Pt']","['Al', 'Pt']",Al,aluminum,,"['aluminum', 'platinum']",aluminum,Aluminum,2631.69583333333,($/mt),2025.0,primary_element_proxy,medium,0.41796875,5,low_cost
mp-1025306,AlAsPt5,alaspt5,"['Al', 'As', 'Pt']","['Al', 'As', 'Pt']",Al_As_Pt,al_as_pt,True,True,Tetragonal,3,"['Al', 'As', 'Pt']","['Al', 'As', 'Pt']",Al,aluminum,,"['aluminum', 'platinum']",aluminum,Aluminum,2631.69583333333,($/mt),2025.0,primary_element_proxy,medium,0.41796875,5,low_cost
mp-1399,AlAu,alau,"['Al', 'Au']","['Al', 'Au']",Al_Au,al_au,True,True,Monoclinic,3,"['Al', 'Au']","['Al', 'Au']",Al,aluminum,,"['aluminum', 'gold']",aluminum,Aluminum,2631.69583333333,($/mt),2025.0,primary_element_proxy,medium,0.41796875,5,low_cost
mp-569558,AlAu2,alau2,"['Al', 'Au']","['Al', 'Au']",Al_Au,al_au,True,True,Orthorhombic,3,"['Al', 'Au']","['Al', 'Au']",Al,aluminum,,"['aluminum', 'gold']",aluminum,Aluminum,2631.69583333333,($/mt),2025.0,primary_element_proxy,medium,0.41796875,5,low_cost
mp-1490,AlAu4,alau4,"['Al', 'Au']","['Al', 'Au']",Al_Au,al_au,True,True,Cubic,3,"['Al', 'Au']","['Al', 'Au']",Al,aluminum,,"['aluminum', 'gold']",aluminum,Aluminum,2631.69583333333,($/mt),2025.0,primary_element_proxy,medium,0.41796875,5,low_cost
mp-1070916,AlBW,albw,"['Al', 'B', 'W']","['Al', 'B', 'W']",Al_B_W,al_b_w,True,True,Orthorhombic,3,"['Al', 'B', 'W']","['Al', 'B', 'W']",Al,aluminum,,['aluminum'],aluminum,Aluminum,2631.69583333333,($/mt),2025.0,primary_element_proxy,medium,0.41796875,5,low_cost
mp-12550,AlCuPt2,alcupt2,"['Al', 'Cu', 'Pt']","['Al', 'Cu', 'Pt']",Al_Cu_Pt,al_cu_pt,True,True,Tetragonal,3,"['Al', 'Cu', 'Pt']","['Al', 'Cu', 'Pt']",Al,aluminum,,"['aluminum', 'copper', 'platinum']",aluminum,Aluminum,2631.69583333333,($/mt),2025.0,primary_element_proxy,medium,0.41796875,5,low_cost
mp-1885,AlIr,alir,"['Al', 'Ir']","['Al', 'Ir']",Al_Ir,al_ir,True,True,Cubic,3,"['Al', 'Ir']","['Al', 'Ir']",Al,aluminum,,['aluminum'],aluminum,Aluminum,2631.69583333333,($/mt),2025.0,primary_element_proxy,medium,0.41796875,5,low_cost
mp-866284,Al2IrOs,al2iros,"['Al', 'Ir', 'Os']","['Al', 'Ir', 'Os']",Al_Ir_Os,al_ir_os,True,True,Cubic,3,"['Al', 'Ir', 'Os']","['Al', 'Ir', 'Os']",Al,aluminum,,['aluminum'],aluminum,Aluminum,2631.69583333333,($/mt),2025.0,primary_element_proxy,medium,0.41796875,5,low_cost
mp-862694,Al2IrRh,al2irrh,"['Al', 'Ir', 'Rh']","['Al', 'Ir', 'Rh']",Al_Ir_Rh,al_ir_rh,True,True,Cubic,3,"['Al', 'Ir', 'Rh']","['Al', 'Ir', 'Rh']",Al,aluminum,,['aluminum'],aluminum,Aluminum,2631.69583333333,($/mt),2025.0,primary_element_proxy,medium,0.41796875,5,low_cost
mp-865989,Al2IrRu,al2irru,"['Al', 'Ir', 'Ru']","['Al', 'Ir', 'Ru']",Al_Ir_Ru,al_ir_ru,True,True,Cubic,3,"['Al', 'Ir', 'Ru']","['Al', 'Ir', 'Ru']",Al,aluminum,,['aluminum'],aluminum,Aluminum,2631.69583333333,($/mt),2025.0,primary_element_proxy,medium,0.41796875,5,low_cost
mp-7188,Al2Os,al2os,"['Al', 'Os']","['Al', 'Os']",Al_Os,al_os,True,False,Tetragonal,3,"['Al', 'Os']","['Al', 'Os']",Al,aluminum,,['aluminum'],aluminum,Aluminum,2631.69583333333,($/mt),2025.0,primary_element_proxy,medium,0.41796875,5,low_cost
mp-862700,AlVOs2,alvos2,"['Al', 'Os', 'V']","['Al', 'Os', 'V']",Al_Os_V,al_os_v,True,True,Cubic,3,"['Al', 'Os', 'V']","['Al', 'V', 'Os']",Al,aluminum,,['aluminum'],aluminum,Aluminum,2631.69583333333,($/mt),2025.0,primary_element_proxy,medium,0.41796875,5,low_cost
mp-1018166,AlTc2,altc2,"['Al', 'Tc']","['Al', 'Tc']",Al_Tc,al_tc,True,True,Tetragonal,3,"['Al', 'Tc']","['Al', 'Tc']",Al,aluminum,,['aluminum'],aluminum,Aluminum,2631.69583333333,($/mt),2025.0,primary_element_proxy,medium,0.41796875,5,low_cost
mp-1227997,AlSi3W2,alsi3w2,"['Al', 'Si', 'W']","['Al', 'Si', 'W']",Al_Si_W,al_si_w,True,True,Tetragonal,3,"['Al', 'Si', 'W']","['Al', 'Si', 'W']",Al,aluminum,,['aluminum'],aluminum,Aluminum,2631.69583333333,($/mt),2025.0,primary_element_proxy,medium,0.41796875,5,low_cost
mp-1228817,AlReGe,alrege,"['Al', 'Ge', 'Re']","['Al', 'Ge', 'Re']",Al_Ge_Re,al_ge_re,True,False,Tetragonal,3,"['Al', 'Ge', 'Re']","['Al', 'Re', 'Ge']",Al,aluminum,,['aluminum'],aluminum,Aluminum,2631.69583333333,($/mt),2025.0,primary_element_proxy,medium,0.41796875,5,low_cost
mp-31171,Zn2AgAu,zn2agau,"['Ag', 'Au', 'Zn']","['Ag', 'Au', 'Zn']",Ag_Au_Zn,ag_au_zn,True,True,Cubic,3,"['Ag', 'Au', 'Zn']","['Zn', 'Ag', 'Au']",Zn,zinc,,"['zinc', 'silver', 'gold']",zinc,Zinc,2867.52833333333,($/mt),2025.0,primary_element_proxy,medium,0.59375,6,medium_cost
mp-1238725,Zn5B3Ir7,zn5b3ir7,"['B', 'Ir', 'Zn']","['B', 'Ir', 'Zn']",B_Ir_Zn,b_ir_zn,True,True,Orthorhombic,3,"['B', 'Ir', 'Zn']","['Zn', 'B', 'Ir']",Zn,zinc,,['zinc'],zinc,Zinc,2867.52833333333,($/mt),2025.0,primary_element_proxy,medium,0.59375,6,medium_cost
mp-30424,Zn3Au,zn3au,"['Au', 'Zn']","['Au', 'Zn']",Au_Zn,au_zn,True,True,Cubic,3,"['Au', 'Zn']","['Zn', 'Au']",Zn,zinc,,"['zinc', 'gold']",zinc,Zinc,2867.52833333333,($/mt),2025.0,primary_element_proxy,medium,0.59375,6,medium_cost
mp-864844,Zn2RhAu,zn2rhau,"['Au', 'Rh', 'Zn']","['Au', 'Rh', 'Zn']",Au_Rh_Zn,au_rh_zn,True,True,Cubic,3,"['Au', 'Rh', 'Zn']","['Zn', 'Rh', 'Au']",Zn,zinc,,"['zinc', 'gold']",zinc,Zinc,2867.52833333333,($/mt),2025.0,primary_element_proxy,medium,0.59375,6,medium_cost
mp-1215524,ZnCdAu2,zncdau2,"['Au', 'Cd', 'Zn']","['Au', 'Cd', 'Zn']",Au_Cd_Zn,au_cd_zn,True,True,Tetragonal,3,"['Au', 'Cd', 'Zn']","['Zn', 'Cd', 'Au']",Zn,zinc,,"['zinc', 'gold']",zinc,Zinc,2867.52833333333,($/mt),2025.0,primary_element_proxy,medium,0.59375,6,medium_cost
mp-1684,ZnAu,znau,"['Au', 'Zn']","['Au', 'Zn']",Au_Zn,au_zn,True,True,Cubic,3,"['Au', 'Zn']","['Zn', 'Au']",Zn,zinc,,"['zinc', 'gold']",zinc,Zinc,2867.52833333333,($/mt),2025.0,primary_element_proxy,medium,0.59375,6,medium_cost
mp-669566,ZnAu3,znau3,"['Au', 'Zn']","['Au', 'Zn']",Au_Zn,au_zn,True,True,Tetragonal,3,"['Au', 'Zn']","['Zn', 'Au']",Zn,zinc,,"['zinc', 'gold']",zinc,Zinc,2867.52833333333,($/mt),2025.0,primary_element_proxy,medium,0.59375,6,medium_cost
mp-579677,ZnB3Ir4,znb3ir4,"['B', 'Ir', 'Zn']","['B', 'Ir', 'Zn']",B_Ir_Zn,b_ir_zn,True,True,Orthorhombic,3,"['B', 'Ir', 'Zn']","['Zn', 'B', 'Ir']",Zn,zinc,,['zinc'],zinc,Zinc,2867.52833333333,($/mt),2025.0,primary_element_proxy,medium,0.59375,6,medium_cost
mp-1187922,ZnInRh2,zninrh2,"['In', 'Rh', 'Zn']","['In', 'Rh', 'Zn']",In_Rh_Zn,in_rh_zn,True,True,Cubic,3,"['In', 'Rh', 'Zn']","['Zn', 'In', 'Rh']",Zn,zinc,,['zinc'],zinc,Zinc,2867.52833333333,($/mt),2025.0,primary_element_proxy,medium,0.59375,6,medium_cost
mp-977356,ZnGaIr2,zngair2,"['Ga', 'Ir', 'Zn']","['Ga', 'Ir', 'Zn']",Ga_Ir_Zn,ga_ir_zn,True,True,Cubic,3,"['Ga', 'Ir', 'Zn']","['Zn', 'Ga', 'Ir']",Zn,zinc,,['zinc'],zinc,Zinc,2867.52833333333,($/mt),2025.0,primary_element_proxy,medium,0.59375,6,medium_cost
mp-1206819,ZnIr,znir,"['Ir', 'Zn']","['Ir', 'Zn']",Ir_Zn,ir_zn,True,True,Hexagonal,3,"['Ir', 'Zn']","['Zn', 'Ir']",Zn,zinc,,['zinc'],zinc,Zinc,2867.52833333333,($/mt),2025.0,primary_element_proxy,medium,0.59375,6,medium_cost
mp-1215752,Zn6B5Ir11,zn6b5ir11,"['B', 'Ir', 'Zn']","['B', 'Ir', 'Zn']",B_Ir_Zn,b_ir_zn,True,True,Orthorhombic,3,"['B', 'Ir', 'Zn']","['Zn', 'B', 'Ir']",Zn,zinc,,['zinc'],zinc,Zinc,2867.52833333333,($/mt),2025.0,primary_element_proxy,medium,0.59375,6,medium_cost
mp-28786,Zn(BIr)2,zn_bir_2,"['B', 'Ir', 'Zn']","['B', 'Ir', 'Zn']",B_Ir_Zn,b_ir_zn,True,True,Tetragonal,3,"['B', 'Ir', 'Zn']","['Zn', 'B', 'Ir']",Zn,zinc,,['zinc'],zinc,Zinc,2867.52833333333,($/mt),2025.0,primary_element_proxy,medium,0.59375,6,medium_cost
mp-28787,Zn2BIr2,zn2bir2,"['B', 'Ir', 'Zn']","['B', 'Ir', 'Zn']",B_Ir_Zn,b_ir_zn,True,True,Orthorhombic,3,"['B', 'Ir', 'Zn']","['Zn', 'B', 'Ir']",Zn,zinc,,['zinc'],zinc,Zinc,2867.52833333333,($/mt),2025.0,primary_element_proxy,medium,0.59375,6,medium_cost
mp-865362,Zn3Ir,zn3ir,"['Ir', 'Zn']","['Ir', 'Zn']",Ir_Zn,ir_zn,True,True,Tetragonal,3,"['Ir', 'Zn']","['Zn', 'Ir']",Zn,zinc,,['zinc'],zinc,Zinc,2867.52833333333,($/mt),2025.0,primary_element_proxy,medium,0.59375,6,medium_cost
mp-81,Au,au,['Au'],['Au'],Au,au,True,True,Cubic,3,['Au'],['Au'],Au,gold,gold,['gold'],gold,Gold,3441.50583333333,($/troy oz),2025.0,single_element_proxy,high,0.66796875,7,medium_cost
mp-32780,AuCl,aucl,"['Au', 'Cl']","['Au', 'Cl']",Au_Cl,au_cl,True,False,Tetragonal,3,"['Au', 'Cl']","['Au', 'Cl']",Au,gold,,['gold'],gold,Gold,3441.50583333333,($/troy oz),2025.0,primary_element_proxy,medium,0.66796875,7,medium_cost
mp-947,Au2S,au2s,"['Au', 'S']","['Au', 'S']",Au_S,au_s,True,False,Cubic,3,"['Au', 'S']","['Au', 'S']",Au,gold,,['gold'],gold,Gold,3441.50583333333,($/troy oz),2025.0,primary_element_proxy,medium,0.66796875,7,medium_cost
mp-2793,AuSe,ause,"['Au', 'Se']","['Au', 'Se']",Au_Se,au_se,True,False,Monoclinic,3,"['Au', 'Se']","['Au', 'Se']",Au,gold,,['gold'],gold,Gold,3441.50583333333,($/troy oz),2025.0,primary_element_proxy,medium,0.66796875,7,medium_cost
mp-12086,Cu3Pt,cu3pt,"['Cu', 'Pt']","['Cu', 'Pt']",Cu_Pt,cu_pt,True,True,Cubic,3,"['Cu', 'Pt']","['Cu', 'Pt']",Cu,copper,,"['copper', 'platinum']",copper,Copper,9947.305,($/mt),2025.0,primary_element_proxy,medium,0.7109375,8,high_cost
mp-867753,CuSbRh2,cusbrh2,"['Cu', 'Rh', 'Sb']","['Cu', 'Rh', 'Sb']",Cu_Rh_Sb,cu_rh_sb,True,True,Cubic,3,"['Cu', 'Rh', 'Sb']","['Cu', 'Sb', 'Rh']",Cu,copper,,['copper'],copper,Copper,9947.305,($/mt),2025.0,primary_element_proxy,medium,0.7109375,8,high_cost
mp-12608,CuPt7,cupt7,"['Cu', 'Pt']","['Cu', 'Pt']",Cu_Pt,cu_pt,True,True,Cubic,3,"['Cu', 'Pt']","['Cu', 'Pt']",Cu,copper,,"['copper', 'platinum']",copper,Copper,9947.305,($/mt),2025.0,primary_element_proxy,medium,0.7109375,8,high_cost
mp-644311,CuPt,cupt,"['Cu', 'Pt']","['Cu', 'Pt']",Cu_Pt,cu_pt,True,True,Trigonal,3,"['Cu', 'Pt']","['Cu', 'Pt']",Cu,copper,,"['copper', 'platinum']",copper,Copper,9947.305,($/mt),2025.0,primary_element_proxy,medium,0.7109375,8,high_cost
mp-28896,CuBIr,cubir,"['B', 'Cu', 'Ir']","['B', 'Cu', 'Ir']",B_Cu_Ir,b_cu_ir,True,True,Orthorhombic,3,"['B', 'Cu', 'Ir']","['Cu', 'B', 'Ir']",Cu,copper,,['copper'],copper,Copper,9947.305,($/mt),2025.0,primary_element_proxy,medium,0.7109375,8,high_cost
mp-1105186,Cu3B5Pt9,cu3b5pt9,"['B', 'Cu', 'Pt']","['B', 'Cu', 'Pt']",B_Cu_Pt,b_cu_pt,True,True,Hexagonal,3,"['B', 'Cu', 'Pt']","['Cu', 'B', 'Pt']",Cu,copper,,"['copper', 'platinum']",copper,Copper,9947.305,($/mt),2025.0,primary_element_proxy,medium,0.7109375,8,high_cost
mp-1225826,Cu2B3Ir4,cu2b3ir4,"['B', 'Cu', 'Ir']","['B', 'Cu', 'Ir']",B_Cu_Ir,b_cu_ir,True,True,Orthorhombic,3,"['B', 'Cu', 'Ir']","['Cu', 'B', 'Ir']",Cu,copper,,['copper'],copper,Copper,9947.305,($/mt),2025.0,primary_element_proxy,medium,0.7109375,8,high_cost
mp-12463,Ni(TePd)2,ni_tepd_2,"['Ni', 'Pd', 'Te']","['Ni', 'Pd', 'Te']",Ni_Pd_Te,ni_pd_te,True,True,Orthorhombic,3,"['Ni', 'Pd', 'Te']","['Ni', 'Te', 'Pd']",Ni,nickel,,['nickel'],nickel,Nickel,15162.1583333333,($/mt),2025.0,primary_element_proxy,medium,0.76953125,9,high_cost
mp-30973,Ni3(BiSe)2,ni3_bise_2,"['Bi', 'Ni', 'Se']","['Bi', 'Ni', 'Se']",Bi_Ni_Se,bi_ni_se,True,True,Monoclinic,3,"['Bi', 'Ni', 'Se']","['Ni', 'Bi', 'Se']",Ni,nickel,,['nickel'],nickel,Nickel,15162.1583333333,($/mt),2025.0,primary_element_proxy,medium,0.76953125,9,high_cost
mp-30811,Ni4W,ni4w,"['Ni', 'W']","['Ni', 'W']",Ni_W,ni_w,True,True,Tetragonal,3,"['Ni', 'W']","['Ni', 'W']",Ni,nickel,,['nickel'],nickel,Nickel,15162.1583333333,($/mt),2025.0,primary_element_proxy,medium,0.76953125,9,high_cost
mp-1194082,Ni6W6C,ni6w6c,"['C', 'Ni', 'W']","['C', 'Ni', 'W']",C_Ni_W,c_ni_w,True,True,Cubic,3,"['C', 'Ni', 'W']","['Ni', 'W', 'C']",Ni,nickel,,['nickel'],nickel,Nickel,15162.1583333333,($/mt),2025.0,primary_element_proxy,medium,0.76953125,9,high_cost
mp-19895,NiSb2,nisb2,"['Ni', 'Sb']","['Ni', 'Sb']",Ni_Sb,ni_sb,True,True,Orthorhombic,3,"['Ni', 'Sb']","['Ni', 'Sb']",Ni,nickel,,['nickel'],nickel,Nickel,15162.1583333333,($/mt),2025.0,primary_element_proxy,medium,0.76953125,9,high_cost
mp-2578,NiTe2,nite2,"['Ni', 'Te']","['Ni', 'Te']",Ni_Te,ni_te,True,True,Trigonal,3,"['Ni', 'Te']","['Ni', 'Te']",Ni,nickel,,['nickel'],nickel,Nickel,15162.1583333333,($/mt),2025.0,primary_element_proxy,medium,0.76953125,9,high_cost
mp-1070761,Ni(BW)2,ni_bw_2,"['B', 'Ni', 'W']","['B', 'Ni', 'W']",B_Ni_W,b_ni_w,True,True,Orthorhombic,3,"['B', 'Ni', 'W']","['Ni', 'B', 'W']",Ni,nickel,,['nickel'],nickel,Nickel,15162.1583333333,($/mt),2025.0,primary_element_proxy,medium,0.76953125,9,high_cost
mp-1104181,Ni(BW)3,ni_bw_3,"['B', 'Ni', 'W']","['B', 'Ni', 'W']",B_Ni_W,b_ni_w,True,True,Orthorhombic,3,"['B', 'Ni', 'W']","['Ni', 'B', 'W']",Ni,nickel,,['nickel'],nickel,Nickel,15162.1583333333,($/mt),2025.0,primary_element_proxy,medium,0.76953125,9,high_cost
mp-680677,Sn3Ru2,sn3ru2,"['Ru', 'Sn']","['Ru', 'Sn']",Ru_Sn,ru_sn,True,True,Tetragonal,3,"['Ru', 'Sn']","['Sn', 'Ru']",Sn,tin,,['tin'],tin,Tin,34058.8358333333,($/mt),2025.0,primary_element_proxy,medium,0.90234375,10,high_cost
mp-38605,Sn(BiTe2)2,sn_bite2_2,"['Bi', 'Sn', 'Te']","['Bi', 'Sn', 'Te']",Bi_Sn_Te,bi_sn_te,True,False,Trigonal,3,"['Bi', 'Sn', 'Te']","['Sn', 'Bi', 'Te']",Sn,tin,,['tin'],tin,Tin,34058.8358333333,($/mt),2025.0,primary_element_proxy,medium,0.90234375,10,high_cost
mp-117,Sn,sn,['Sn'],['Sn'],Sn,sn,True,True,Cubic,3,['Sn'],['Sn'],Sn,tin,tin,['tin'],tin,Tin,34058.8358333333,($/mt),2025.0,single_element_proxy,high,0.90234375,10,high_cost
mp-30846,Sn3Pt2,sn3pt2,"['Pt', 'Sn']","['Pt', 'Sn']",Pt_Sn,pt_sn,True,True,Hexagonal,3,"['Pt', 'Sn']","['Sn', 'Pt']",Sn,tin,,"['tin', 'platinum']",tin,Tin,34058.8358333333,($/mt),2025.0,primary_element_proxy,medium,0.90234375,10,high_cost
mp-1194504,Sn3Ir2Se3,sn3ir2se3,"['Ir', 'Se', 'Sn']","['Ir', 'Se', 'Sn']",Ir_Se_Sn,ir_se_sn,True,False,Trigonal,3,"['Ir', 'Se', 'Sn']","['Sn', 'Ir', 'Se']",Sn,tin,,['tin'],tin,Tin,34058.8358333333,($/mt),2025.0,primary_element_proxy,medium,0.90234375,10,high_cost
mp-19962,Sn2Pt,sn2pt,"['Pt', 'Sn']","['Pt', 'Sn']",Pt_Sn,pt_sn,True,True,Cubic,3,"['Pt', 'Sn']","['Sn', 'Pt']",Sn,tin,,"['tin', 'platinum']",tin,Tin,34058.8358333333,($/mt),2025.0,primary_element_proxy,medium,0.90234375,10,high_cost
mp-1218970,Sn2PdAu,sn2pdau,"['Au', 'Pd', 'Sn']","['Au', 'Pd', 'Sn']",Au_Pd_Sn,au_pd_sn,True,True,Trigonal,3,"['Au', 'Pd', 'Sn']","['Sn', 'Pd', 'Au']",Sn,tin,,"['tin', 'gold']",tin,Tin,34058.8358333333,($/mt),2025.0,primary_element_proxy,medium,0.90234375,10,high_cost
mp-2083,Sn2Ir,sn2ir,"['Ir', 'Sn']","['Ir', 'Sn']",Ir_Sn,ir_sn,True,True,Cubic,3,"['Ir', 'Sn']","['Sn', 'Ir']",Sn,tin,,['tin'],tin,Tin,34058.8358333333,($/mt),2025.0,primary_element_proxy,medium,0.90234375,10,high_cost
mp-1218977,Sn2(PdPt)3,sn2_pdpt_3,"['Pd', 'Pt', 'Sn']","['Pd', 'Pt', 'Sn']",Pd_Pt_Sn,pd_pt_sn,True,True,Orthorhombic,3,"['Pd', 'Pt', 'Sn']","['Sn', 'Pd', 'Pt']",Sn,tin,,"['tin', 'platinum']",tin,Tin,34058.8358333333,($/mt),2025.0,primary_element_proxy,medium,0.90234375,10,high_cost
mp-12531,Sn4As3,sn4as3,"['As', 'Sn']","['As', 'Sn']",As_Sn,as_sn,True,True,Trigonal,3,"['As', 'Sn']","['Sn', 'As']",Sn,tin,,['tin'],tin,Tin,34058.8358333333,($/mt),2025.0,primary_element_proxy,medium,0.90234375,10,high_cost
mp-1883,SnTe,snte,"['Sn', 'Te']","['Sn', 'Te']",Sn_Te,sn_te,True,False,Cubic,3,"['Sn', 'Te']","['Sn', 'Te']",Sn,tin,,['tin'],tin,Tin,34058.8358333333,($/mt),2025.0,primary_element_proxy,medium,0.90234375,10,high_cost
mp-1218926,SnPtSe,snptse,"['Pt', 'Se', 'Sn']","['Pt', 'Se', 'Sn']",Pt_Se_Sn,pt_se_sn,True,False,Cubic,3,"['Pt', 'Se', 'Sn']","['Sn', 'Pt', 'Se']",Sn,tin,,"['tin', 'platinum']",tin,Tin,34058.8358333333,($/mt),2025.0,primary_element_proxy,medium,0.90234375,10,high_cost
mp-1218931,SnPtS,snpts,"['Pt', 'S', 'Sn']","['Pt', 'S', 'Sn']",Pt_S_Sn,pt_s_sn,True,False,Cubic,3,"['Pt', 'S', 'Sn']","['Sn', 'Pt', 'S']",Sn,tin,,"['tin', 'platinum']",tin,Tin,34058.8358333333,($/mt),2025.0,primary_element_proxy,medium,0.90234375,10,high_cost
mp-20971,SnPt3,snpt3,"['Pt', 'Sn']","['Pt', 'Sn']",Pt_Sn,pt_sn,True,True,Cubic,3,"['Pt', 'Sn']","['Sn', 'Pt']",Sn,tin,,"['tin', 'platinum']",tin,Tin,34058.8358333333,($/mt),2025.0,primary_element_proxy,medium,0.90234375,10,high_cost
mp-19856,SnPt,snpt,"['Pt', 'Sn']","['Pt', 'Sn']",Pt_Sn,pt_sn,True,True,Hexagonal,3,"['Pt', 'Sn']","['Sn', 'Pt']",Sn,tin,,"['tin', 'platinum']",tin,Tin,34058.8358333333,($/mt),2025.0,primary_element_proxy,medium,0.90234375,10,high_cost
mp-718,SnPd3,snpd3,"['Pd', 'Sn']","['Pd', 'Sn']",Pd_Sn,pd_sn,True,True,Cubic,3,"['Pd', 'Sn']","['Sn', 'Pd']",Sn,tin,,['tin'],tin,Tin,34058.8358333333,($/mt),2025.0,primary_element_proxy,medium,0.90234375,10,high_cost
mp-1851,SnPd2,snpd2,"['Pd', 'Sn']","['Pd', 'Sn']",Pd_Sn,pd_sn,True,True,Orthorhombic,3,"['Pd', 'Sn']","['Sn', 'Pd']",Sn,tin,,['tin'],tin,Tin,34058.8358333333,($/mt),2025.0,primary_element_proxy,medium,0.90234375,10,high_cost
mp-2369,SnPd,snpd,"['Pd', 'Sn']","['Pd', 'Sn']",Pd_Sn,pd_sn,True,True,Orthorhombic,3,"['Pd', 'Sn']","['Sn', 'Pd']",Sn,tin,,['tin'],tin,Tin,34058.8358333333,($/mt),2025.0,primary_element_proxy,medium,0.90234375,10,high_cost
mp-1195050,SnIr2Se5,snir2se5,"['Ir', 'Se', 'Sn']","['Ir', 'Se', 'Sn']",Ir_Se_Sn,ir_se_sn,True,False,Monoclinic,3,"['Ir', 'Se', 'Sn']","['Sn', 'Ir', 'Se']",Sn,tin,,['tin'],tin,Tin,34058.8358333333,($/mt),2025.0,primary_element_proxy,medium,0.90234375,10,high_cost
mp-20033,SnIr,snir,"['Ir', 'Sn']","['Ir', 'Sn']",Ir_Sn,ir_sn,True,True,Hexagonal,3,"['Ir', 'Sn']","['Sn', 'Ir']",Sn,tin,,['tin'],tin,Tin,34058.8358333333,($/mt),2025.0,primary_element_proxy,medium,0.90234375,10,high_cost
mp-1101917,SnBi4Te7,snbi4te7,"['Bi', 'Sn', 'Te']","['Bi', 'Sn', 'Te']",Bi_Sn_Te,bi_sn_te,True,False,Trigonal,3,"['Bi', 'Sn', 'Te']","['Sn', 'Bi', 'Te']",Sn,tin,,['tin'],tin,Tin,34058.8358333333,($/mt),2025.0,primary_element_proxy,medium,0.90234375,10,high_cost
mp-1775,SnAu,snau,"['Au', 'Sn']","['Au', 'Sn']",Au_Sn,au_sn,True,True,Hexagonal,3,"['Au', 'Sn']","['Sn', 'Au']",Sn,tin,,"['tin', 'gold']",tin,Tin,34058.8358333333,($/mt),2025.0,primary_element_proxy,medium,0.90234375,10,high_cost
mp-22344,Sn7Ru3,sn7ru3,"['Ru', 'Sn']","['Ru', 'Sn']",Ru_Sn,ru_sn,True,True,Cubic,3,"['Ru', 'Sn']","['Sn', 'Ru']",Sn,tin,,['tin'],tin,Tin,34058.8358333333,($/mt),2025.0,primary_element_proxy,medium,0.90234375,10,high_cost
mp-28998,Sn5(BIr3)2,sn5_bir3_2,"['B', 'Ir', 'Sn']","['B', 'Ir', 'Sn']",B_Ir_Sn,b_ir_sn,True,True,Hexagonal,3,"['B', 'Ir', 'Sn']","['Sn', 'B', 'Ir']",Sn,tin,,['tin'],tin,Tin,34058.8358333333,($/mt),2025.0,primary_element_proxy,medium,0.90234375,10,high_cost
mp-28999,Sn4B3Ir7,sn4b3ir7,"['B', 'Ir', 'Sn']","['B', 'Ir', 'Sn']",B_Ir_Sn,b_ir_sn,True,True,Hexagonal,3,"['B', 'Ir', 'Sn']","['Sn', 'B', 'Ir']",Sn,tin,,['tin'],tin,Tin,34058.8358333333,($/mt),2025.0,primary_element_proxy,medium,0.90234375,10,high_cost
mp-1218898,SnTePt,sntept,"['Pt', 'Sn', 'Te']","['Pt', 'Sn', 'Te']",Pt_Sn_Te,pt_sn_te,True,False,Cubic,3,"['Pt', 'Sn', 'Te']","['Sn', 'Te', 'Pt']",Sn,tin,,"['tin', 'platinum']",tin,Tin,34058.8358333333,($/mt),2025.0,primary_element_proxy,medium,0.90234375,10,high_cost
mp-18125,Ag(AuF4)2,ag_auf4_2,"['Ag', 'Au', 'F']","['Ag', 'Au', 'F']",Ag_Au_F,ag_au_f,True,False,Monoclinic,4,"['Ag', 'Au', 'F']","['Ag', 'Au', 'F']",Ag,silver,,"['silver', 'gold']",silver,Silver,39.80466666667,($/troy oz),2025.0,primary_element_proxy,medium,0.05371900826446281,1,low_cost
mp-23558,Ag2BiO3,ag2bio3,"['Ag', 'Bi', 'O']","['Ag', 'Bi', 'O']",Ag_Bi_O,ag_bi_o,True,False,Orthorhombic,4,"['Ag', 'Bi', 'O']","['Ag', 'Bi', 'O']",Ag,silver,,['silver'],silver,Silver,39.80466666667,($/troy oz),2025.0,primary_element_proxy,medium,0.05371900826446281,1,low_cost
mp-862982,Ag2Br3,ag2br3,"['Ag', 'Br']","['Ag', 'Br']",Ag_Br,ag_br,True,True,Trigonal,4,"['Ag', 'Br']","['Ag', 'Br']",Ag,silver,,['silver'],silver,Silver,39.80466666667,($/troy oz),2025.0,primary_element_proxy,medium,0.05371900826446281,1,low_cost
mp-4691,Ag2CO3,ag2co3,"['Ag', 'C', 'O']","['Ag', 'C', 'O']",Ag_C_O,ag_c_o,True,False,Monoclinic,4,"['Ag', 'C', 'O']","['Ag', 'C', 'O']",Ag,silver,,['silver'],silver,Silver,39.80466666667,($/troy oz),2025.0,primary_element_proxy,medium,0.05371900826446281,1,low_cost
mp-861501,AgHgPd2,aghgpd2,"['Ag', 'Hg', 'Pd']","['Ag', 'Hg', 'Pd']",Ag_Hg_Pd,ag_hg_pd,True,True,Cubic,4,"['Ag', 'Hg', 'Pd']","['Ag', 'Hg', 'Pd']",Ag,silver,,['silver'],silver,Silver,39.80466666667,($/troy oz),2025.0,primary_element_proxy,medium,0.05371900826446281,1,low_cost
mp-662534,AgIrF7,agirf7,"['Ag', 'F', 'Ir']","['Ag', 'F', 'Ir']",Ag_F_Ir,ag_f_ir,True,True,Orthorhombic,4,"['Ag', 'F', 'Ir']","['Ag', 'Ir', 'F']",Ag,silver,,['silver'],silver,Silver,39.80466666667,($/troy oz),2025.0,primary_element_proxy,medium,0.05371900826446281,1,low_cost
mp-2803876,AgO,ago,"['Ag', 'O']","['Ag', 'O']",Ag_O,ag_o,True,True,Tetragonal,4,"['Ag', 'O']","['Ag', 'O']",Ag,silver,,['silver'],silver,Silver,39.80466666667,($/troy oz),2025.0,primary_element_proxy,medium,0.05371900826446281,1,low_cost
mp-1206101,AgPbF6,agpbf6,"['Ag', 'F', 'Pb']","['Ag', 'F', 'Pb']",Ag_F_Pb,ag_f_pb,True,False,Triclinic,4,"['Ag', 'F', 'Pb']","['Ag', 'Pb', 'F']",Ag,silver,,"['silver', 'lead']",silver,Silver,39.80466666667,($/troy oz),2025.0,primary_element_proxy,medium,0.05371900826446281,1,low_cost
mp-31215,AgPdF6,agpdf6,"['Ag', 'F', 'Pd']","['Ag', 'F', 'Pd']",Ag_F_Pd,ag_f_pd,True,True,Triclinic,4,"['Ag', 'F', 'Pd']","['Ag', 'Pd', 'F']",Ag,silver,,['silver'],silver,Silver,39.80466666667,($/troy oz),2025.0,primary_element_proxy,medium,0.05371900826446281,1,low_cost
mp-997038,AgPdO2,agpdo2,"['Ag', 'O', 'Pd']","['Ag', 'O', 'Pd']",Ag_O_Pd,ag_o_pd,True,True,Monoclinic,4,"['Ag', 'O', 'Pd']","['Ag', 'Pd', 'O']",Ag,silver,,['silver'],silver,Silver,39.80466666667,($/troy oz),2025.0,primary_element_proxy,medium,0.05371900826446281,1,low_cost
mp-1214922,AgPtF6,agptf6,"['Ag', 'F', 'Pt']","['Ag', 'F', 'Pt']",Ag_F_Pt,ag_f_pt,True,True,Triclinic,4,"['Ag', 'F', 'Pt']","['Ag', 'Pt', 'F']",Ag,silver,,"['silver', 'platinum']",silver,Silver,39.80466666667,($/troy oz),2025.0,primary_element_proxy,medium,0.05371900826446281,1,low_cost
mp-1214934,AgRhF6,agrhf6,"['Ag', 'F', 'Rh']","['Ag', 'F', 'Rh']",Ag_F_Rh,ag_f_rh,True,True,Triclinic,4,"['Ag', 'F', 'Rh']","['Ag', 'Rh', 'F']",Ag,silver,,['silver'],silver,Silver,39.80466666667,($/troy oz),2025.0,primary_element_proxy,medium,0.05371900826446281,1,low_cost
mp-2017405,AgRhF6,agrhf6,"['Ag', 'F', 'Rh']","['Ag', 'F', 'Rh']",Ag_F_Rh,ag_f_rh,True,True,Trigonal,4,"['Ag', 'F', 'Rh']","['Ag', 'Rh', 'F']",Ag,silver,,['silver'],silver,Silver,39.80466666667,($/troy oz),2025.0,primary_element_proxy,medium,0.05371900826446281,1,low_cost
mp-17588,AgRuF7,agruf7,"['Ag', 'F', 'Ru']","['Ag', 'F', 'Ru']",Ag_F_Ru,ag_f_ru,True,True,Monoclinic,4,"['Ag', 'F', 'Ru']","['Ag', 'Ru', 'F']",Ag,silver,,['silver'],silver,Silver,39.80466666667,($/troy oz),2025.0,primary_element_proxy,medium,0.05371900826446281,1,low_cost
mp-761035,AgRuO4,agruo4,"['Ag', 'O', 'Ru']","['Ag', 'O', 'Ru']",Ag_O_Ru,ag_o_ru,True,True,Tetragonal,4,"['Ag', 'O', 'Ru']","['Ag', 'Ru', 'O']",Ag,silver,,['silver'],silver,Silver,39.80466666667,($/troy oz),2025.0,primary_element_proxy,medium,0.05371900826446281,1,low_cost
mp-1196324,AgSO4,agso4,"['Ag', 'O', 'S']","['Ag', 'O', 'S']",Ag_O_S,ag_o_s,True,True,Monoclinic,4,"['Ag', 'O', 'S']","['Ag', 'S', 'O']",Ag,silver,,['silver'],silver,Silver,39.80466666667,($/troy oz),2025.0,primary_element_proxy,medium,0.05371900826446281,1,low_cost
mp-2763322,AgSO4,agso4,"['Ag', 'O', 'S']","['Ag', 'O', 'S']",Ag_O_S,ag_o_s,True,True,Triclinic,4,"['Ag', 'O', 'S']","['Ag', 'S', 'O']",Ag,silver,,['silver'],silver,Silver,39.80466666667,($/troy oz),2025.0,primary_element_proxy,medium,0.05371900826446281,1,low_cost
mp-540872,AgSbO3,agsbo3,"['Ag', 'O', 'Sb']","['Ag', 'O', 'Sb']",Ag_O_Sb,ag_o_sb,True,False,Cubic,4,"['Ag', 'O', 'Sb']","['Ag', 'Sb', 'O']",Ag,silver,,['silver'],silver,Silver,39.80466666667,($/troy oz),2025.0,primary_element_proxy,medium,0.05371900826446281,1,low_cost
mp-1229011,AgSnSe2,agsnse2,"['Ag', 'Se', 'Sn']","['Ag', 'Se', 'Sn']",Ag_Se_Sn,ag_se_sn,True,True,Trigonal,4,"['Ag', 'Se', 'Sn']","['Ag', 'Sn', 'Se']",Ag,silver,,"['silver', 'tin']",silver,Silver,39.80466666667,($/troy oz),2025.0,primary_element_proxy,medium,0.05371900826446281,1,low_cost
mp-1605,Ag3O4,ag3o4,"['Ag', 'O']","['Ag', 'O']",Ag_O,ag_o,True,True,Monoclinic,4,"['Ag', 'O']","['Ag', 'O']",Ag,silver,,['silver'],silver,Silver,39.80466666667,($/troy oz),2025.0,primary_element_proxy,medium,0.05371900826446281,1,low_cost
mp-558768,Ag2TeO4,ag2teo4,"['Ag', 'O', 'Te']","['Ag', 'O', 'Te']",Ag_O_Te,ag_o_te,True,False,Monoclinic,4,"['Ag', 'O', 'Te']","['Ag', 'Te', 'O']",Ag,silver,,['silver'],silver,Silver,39.80466666667,($/troy oz),2025.0,primary_element_proxy,medium,0.05371900826446281,1,low_cost
mp-562412,Ag3F8,ag3f8,"['Ag', 'F']","['Ag', 'F']",Ag_F,ag_f,True,False,Monoclinic,4,"['Ag', 'F']","['Ag', 'F']",Ag,silver,,['silver'],silver,Silver,39.80466666667,($/troy oz),2025.0,primary_element_proxy,medium,0.05371900826446281,1,low_cost
mp-1229124,Ag3AsO4,ag3aso4,"['Ag', 'As', 'O']","['Ag', 'As', 'O']",Ag_As_O,ag_as_o,True,False,Trigonal,4,"['Ag', 'As', 'O']","['Ag', 'As', 'O']",Ag,silver,,['silver'],silver,Silver,39.80466666667,($/troy oz),2025.0,primary_element_proxy,medium,0.05371900826446281,1,low_cost
mp-36383,Ag3(PO4)2,ag3_po4_2,"['Ag', 'O', 'P']","['Ag', 'O', 'P']",Ag_O_P,ag_o_p,True,True,Trigonal,4,"['Ag', 'O', 'P']","['Ag', 'P', 'O']",Ag,silver,,"['silver', 'phosphate_rock']",silver,Silver,39.80466666667,($/troy oz),2025.0,primary_element_proxy,medium,0.05371900826446281,1,low_cost
mp-2047939,Ag2Se,ag2se,"['Ag', 'Se']","['Ag', 'Se']",Ag_Se,ag_se,True,True,Orthorhombic,4,"['Ag', 'Se']","['Ag', 'Se']",Ag,silver,,['silver'],silver,Silver,39.80466666667,($/troy oz),2025.0,primary_element_proxy,medium,0.05371900826446281,1,low_cost
mp-11641,Ag2SeO4,ag2seo4,"['Ag', 'O', 'Se']","['Ag', 'O', 'Se']",Ag_O_Se,ag_o_se,True,False,Orthorhombic,4,"['Ag', 'O', 'Se']","['Ag', 'Se', 'O']",Ag,silver,,['silver'],silver,Silver,39.80466666667,($/troy oz),2025.0,primary_element_proxy,medium,0.05371900826446281,1,low_cost
mp-10963,Ag2SnHgSe4,ag2snhgse4,"['Ag', 'Hg', 'Se', 'Sn']","['Ag', 'Hg', 'Se', 'Sn']",Ag_Hg_Se_Sn,ag_hg_se_sn,True,True,Orthorhombic,4,"['Ag', 'Hg', 'Se', 'Sn']","['Ag', 'Sn', 'Hg', 'Se']",Ag,silver,,"['silver', 'tin']",silver,Silver,39.80466666667,($/troy oz),2025.0,primary_element_proxy,medium,0.05371900826446281,1,low_cost
mp-353,Ag2O,ag2o,"['Ag', 'O']","['Ag', 'O']",Ag_O,ag_o,True,True,Cubic,4,"['Ag', 'O']","['Ag', 'O']",Ag,silver,,['silver'],silver,Silver,39.80466666667,($/troy oz),2025.0,primary_element_proxy,medium,0.05371900826446281,1,low_cost
mp-1391,Ag2F,ag2f,"['Ag', 'F']","['Ag', 'F']",Ag_F,ag_f,True,True,Trigonal,4,"['Ag', 'F']","['Ag', 'F']",Ag,silver,,['silver'],silver,Silver,39.80466666667,($/troy oz),2025.0,primary_element_proxy,medium,0.05371900826446281,1,low_cost
mp-542298,Ag2F5,ag2f5,"['Ag', 'F']","['Ag', 'F']",Ag_F,ag_f,True,True,Triclinic,4,"['Ag', 'F']","['Ag', 'F']",Ag,silver,,['silver'],silver,Silver,39.80466666667,($/troy oz),2025.0,primary_element_proxy,medium,0.05371900826446281,1,low_cost
mp-29816,Ag2HgO2,ag2hgo2,"['Ag', 'Hg', 'O']","['Ag', 'Hg', 'O']",Ag_Hg_O,ag_hg_o,True,False,Tetragonal,4,"['Ag', 'Hg', 'O']","['Ag', 'Hg', 'O']",Ag,silver,,['silver'],silver,Silver,39.80466666667,($/troy oz),2025.0,primary_element_proxy,medium,0.05371900826446281,1,low_cost
mp-864635,Ag2Cl3,ag2cl3,"['Ag', 'Cl']","['Ag', 'Cl']",Ag_Cl,ag_cl,True,True,Trigonal,4,"['Ag', 'Cl']","['Ag', 'Cl']",Ag,silver,,['silver'],silver,Silver,39.80466666667,($/troy oz),2025.0,primary_element_proxy,medium,0.05371900826446281,1,low_cost
mp-1194068,Ag5HgSbO6,ag5hgsbo6,"['Ag', 'Hg', 'O', 'Sb']","['Ag', 'Hg', 'O', 'Sb']",Ag_Hg_O_Sb,ag_hg_o_sb,True,True,Trigonal,4,"['Ag', 'Hg', 'O', 'Sb']","['Ag', 'Hg', 'Sb', 'O']",Ag,silver,,['silver'],silver,Silver,39.80466666667,($/troy oz),2025.0,primary_element_proxy,medium,0.05371900826446281,1,low_cost
mp-558786,Ag6GeSO8,ag6geso8,"['Ag', 'Ge', 'O', 'S']","['Ag', 'Ge', 'O', 'S']",Ag_Ge_O_S,ag_ge_o_s,True,True,Tetragonal,4,"['Ag', 'Ge', 'O', 'S']","['Ag', 'Ge', 'S', 'O']",Ag,silver,,['silver'],silver,Silver,39.80466666667,($/troy oz),2025.0,primary_element_proxy,medium,0.05371900826446281,1,low_cost
mp-1178563,AgAsO3,agaso3,"['Ag', 'As', 'O']","['Ag', 'As', 'O']",Ag_As_O,ag_as_o,True,False,Trigonal,4,"['Ag', 'As', 'O']","['Ag', 'As', 'O']",Ag,silver,,['silver'],silver,Silver,39.80466666667,($/troy oz),2025.0,primary_element_proxy,medium,0.05371900826446281,1,low_cost
mp-4807,AgAsF7,agasf7,"['Ag', 'As', 'F']","['Ag', 'As', 'F']",Ag_As_F,ag_as_f,True,True,Orthorhombic,4,"['Ag', 'As', 'F']","['Ag', 'As', 'F']",Ag,silver,,['silver'],silver,Silver,39.80466666667,($/troy oz),2025.0,primary_element_proxy,medium,0.05371900826446281,1,low_cost
mp-18474,Ag8GeSe6,ag8gese6,"['Ag', 'Ge', 'Se']","['Ag', 'Ge', 'Se']",Ag_Ge_Se,ag_ge_se,True,True,Orthorhombic,4,"['Ag', 'Ge', 'Se']","['Ag', 'Ge', 'Se']",Ag,silver,,['silver'],silver,Silver,39.80466666667,($/troy oz),2025.0,primary_element_proxy,medium,0.05371900826446281,1,low_cost
mp-37695,Ag7NO11,ag7no11,"['Ag', 'N', 'O']","['Ag', 'N', 'O']",Ag_N_O,ag_n_o,True,True,Orthorhombic,4,"['Ag', 'N', 'O']","['Ag', 'N', 'O']",Ag,silver,,['silver'],silver,Silver,39.80466666667,($/troy oz),2025.0,primary_element_proxy,medium,0.05371900826446281,1,low_cost
mp-1200563,Ag7AsSe6,ag7asse6,"['Ag', 'As', 'Se']","['Ag', 'As', 'Se']",Ag_As_Se,ag_as_se,True,True,Cubic,4,"['Ag', 'As', 'Se']","['Ag', 'As', 'Se']",Ag,silver,,['silver'],silver,Silver,39.80466666667,($/troy oz),2025.0,primary_element_proxy,medium,0.05371900826446281,1,low_cost
mp-1229201,Ag6HgNO11,ag6hgno11,"['Ag', 'Hg', 'N', 'O']","['Ag', 'Hg', 'N', 'O']",Ag_Hg_N_O,ag_hg_n_o,True,True,Orthorhombic,4,"['Ag', 'Hg', 'N', 'O']","['Ag', 'Hg', 'N', 'O']",Ag,silver,,['silver'],silver,Silver,39.80466666667,($/troy oz),2025.0,primary_element_proxy,medium,0.05371900826446281,1,low_cost
mp-16060,AgAuF4,agauf4,"['Ag', 'Au', 'F']","['Ag', 'Au', 'F']",Ag_Au_F,ag_au_f,True,False,Tetragonal,4,"['Ag', 'Au', 'F']","['Ag', 'Au', 'F']",Ag,silver,,"['silver', 'gold']",silver,Silver,39.80466666667,($/troy oz),2025.0,primary_element_proxy,medium,0.05371900826446281,1,low_cost
mp-1196161,AgAuF7,agauf7,"['Ag', 'Au', 'F']","['Ag', 'Au', 'F']",Ag_Au_F,ag_au_f,True,True,Orthorhombic,4,"['Ag', 'Au', 'F']","['Ag', 'Au', 'F']",Ag,silver,,"['silver', 'gold']",silver,Silver,39.80466666667,($/troy oz),2025.0,primary_element_proxy,medium,0.05371900826446281,1,low_cost
mp-996958,AgHO2,agho2,"['Ag', 'H', 'O']","['Ag', 'H', 'O']",Ag_H_O,ag_h_o,True,True,Monoclinic,4,"['Ag', 'H', 'O']","['Ag', 'H', 'O']",Ag,silver,,['silver'],silver,Silver,39.80466666667,($/troy oz),2025.0,primary_element_proxy,medium,0.05371900826446281,1,low_cost
mp-18536,AgF3,agf3,"['Ag', 'F']","['Ag', 'F']",Ag_F,ag_f,True,False,Hexagonal,4,"['Ag', 'F']","['Ag', 'F']",Ag,silver,,['silver'],silver,Silver,39.80466666667,($/troy oz),2025.0,primary_element_proxy,medium,0.05371900826446281,1,low_cost
mp-2284,AgF2,agf2,"['Ag', 'F']","['Ag', 'F']",Ag_F,ag_f,True,True,Orthorhombic,4,"['Ag', 'F']","['Ag', 'F']",Ag,silver,,['silver'],silver,Silver,39.80466666667,($/troy oz),2025.0,primary_element_proxy,medium,0.05371900826446281,1,low_cost
mp-7592,AgF,agf,"['Ag', 'F']","['Ag', 'F']",Ag_F,ag_f,True,True,Cubic,4,"['Ag', 'F']","['Ag', 'F']",Ag,silver,,['silver'],silver,Silver,39.80466666667,($/troy oz),2025.0,primary_element_proxy,medium,0.05371900826446281,1,low_cost
mp-5160,AgBF5,agbf5,"['Ag', 'B', 'F']","['Ag', 'B', 'F']",Ag_B_F,ag_b_f,True,True,Tetragonal,4,"['Ag', 'B', 'F']","['Ag', 'B', 'F']",Ag,silver,,['silver'],silver,Silver,39.80466666667,($/troy oz),2025.0,primary_element_proxy,medium,0.05371900826446281,1,low_cost
mp-996983,AgAuO2,agauo2,"['Ag', 'Au', 'O']","['Ag', 'Au', 'O']",Ag_Au_O,ag_au_o,True,False,Monoclinic,4,"['Ag', 'Au', 'O']","['Ag', 'Au', 'O']",Ag,silver,,"['silver', 'gold']",silver,Silver,39.80466666667,($/troy oz),2025.0,primary_element_proxy,medium,0.05371900826446281,1,low_cost
mp-1229128,Ag3PO4,ag3po4,"['Ag', 'O', 'P']","['Ag', 'O', 'P']",Ag_O_P,ag_o_p,True,False,Trigonal,4,"['Ag', 'O', 'P']","['Ag', 'P', 'O']",Ag,silver,,"['silver', 'phosphate_rock']",silver,Silver,39.80466666667,($/troy oz),2025.0,primary_element_proxy,medium,0.05371900826446281,1,low_cost
mp-554357,Ag4TeO5,ag4teo5,"['Ag', 'O', 'Te']","['Ag', 'O', 'Te']",Ag_O_Te,ag_o_te,True,False,Monoclinic,4,"['Ag', 'O', 'Te']","['Ag', 'Te', 'O']",Ag,silver,,['silver'],silver,Silver,39.80466666667,($/troy oz),2025.0,primary_element_proxy,medium,0.05371900826446281,1,low_cost
mp-22286,Ag5(PbO3)2,ag5_pbo3_2,"['Ag', 'O', 'Pb']","['Ag', 'O', 'Pb']",Ag_O_Pb,ag_o_pb,True,True,Trigonal,4,"['Ag', 'O', 'Pb']","['Ag', 'Pb', 'O']",Ag,silver,,"['silver', 'lead']",silver,Silver,39.80466666667,($/troy oz),2025.0,primary_element_proxy,medium,0.05371900826446281,1,low_cost
mp-19879,PPd3,ppd3,"['P', 'Pd']","['P', 'Pd']",P_Pd,p_pd,True,True,Orthorhombic,4,"['P', 'Pd']","['P', 'Pd']",P,phosphate,,['phosphate_rock'],phosphate_rock,Phosphate rock,152.5,($/mt),2025.0,primary_element_proxy,medium,0.11880165289256199,2,low_cost
mp-13853,P3Ir,p3ir,"['Ir', 'P']","['Ir', 'P']",Ir_P,ir_p,True,False,Cubic,4,"['Ir', 'P']","['P', 'Ir']",P,phosphate,,['phosphate_rock'],phosphate_rock,Phosphate rock,152.5,($/mt),2025.0,primary_element_proxy,medium,0.11880165289256199,2,low_cost
mp-1413,P2Ru,p2ru,"['P', 'Ru']","['P', 'Ru']",P_Ru,p_ru,True,False,Orthorhombic,4,"['P', 'Ru']","['P', 'Ru']",P,phosphate,,['phosphate_rock'],phosphate_rock,Phosphate rock,152.5,($/mt),2025.0,primary_element_proxy,medium,0.11880165289256199,2,low_cost
mp-28266,P2Pd,p2pd,"['P', 'Pd']","['P', 'Pd']",P_Pd,p_pd,True,False,Monoclinic,4,"['P', 'Pd']","['P', 'Pd']",P,phosphate,,['phosphate_rock'],phosphate_rock,Phosphate rock,152.5,($/mt),2025.0,primary_element_proxy,medium,0.11880165289256199,2,low_cost
mp-1357,P3Rh,p3rh,"['P', 'Rh']","['P', 'Rh']",P_Rh,p_rh,True,True,Cubic,4,"['P', 'Rh']","['P', 'Rh']",P,phosphate,,['phosphate_rock'],phosphate_rock,Phosphate rock,152.5,($/mt),2025.0,primary_element_proxy,medium,0.11880165289256199,2,low_cost
mp-558870,P3RuO9,p3ruo9,"['O', 'P', 'Ru']","['O', 'P', 'Ru']",O_P_Ru,o_p_ru,True,True,Triclinic,4,"['O', 'P', 'Ru']","['P', 'Ru', 'O']",P,phosphate,,['phosphate_rock'],phosphate_rock,Phosphate rock,152.5,($/mt),2025.0,primary_element_proxy,medium,0.11880165289256199,2,low_cost
mp-505363,P3Pd7,p3pd7,"['P', 'Pd']","['P', 'Pd']",P_Pd,p_pd,True,True,Trigonal,4,"['P', 'Pd']","['P', 'Pd']",P,phosphate,,['phosphate_rock'],phosphate_rock,Phosphate rock,152.5,($/mt),2025.0,primary_element_proxy,medium,0.11880165289256199,2,low_cost
mp-15953,P2Rh,p2rh,"['P', 'Rh']","['P', 'Rh']",P_Rh,p_rh,True,False,Monoclinic,4,"['P', 'Rh']","['P', 'Rh']",P,phosphate,,['phosphate_rock'],phosphate_rock,Phosphate rock,152.5,($/mt),2025.0,primary_element_proxy,medium,0.11880165289256199,2,low_cost
mp-12636,PRu,pru,"['P', 'Ru']","['P', 'Ru']",P_Ru,p_ru,True,True,Orthorhombic,4,"['P', 'Ru']","['P', 'Ru']",P,phosphate,,['phosphate_rock'],phosphate_rock,Phosphate rock,152.5,($/mt),2025.0,primary_element_proxy,medium,0.11880165289256199,2,low_cost
mp-1618,PPd6,ppd6,"['P', 'Pd']","['P', 'Pd']",P_Pd,p_pd,True,True,Monoclinic,4,"['P', 'Pd']","['P', 'Pd']",P,phosphate,,['phosphate_rock'],phosphate_rock,Phosphate rock,152.5,($/mt),2025.0,primary_element_proxy,medium,0.11880165289256199,2,low_cost
mp-1103842,P4Os,p4os,"['Os', 'P']","['Os', 'P']",Os_P,os_p,True,False,Triclinic,4,"['Os', 'P']","['P', 'Os']",P,phosphate,,['phosphate_rock'],phosphate_rock,Phosphate rock,152.5,($/mt),2025.0,primary_element_proxy,medium,0.11880165289256199,2,low_cost
mp-1102531,PRhSe,prhse,"['P', 'Rh', 'Se']","['P', 'Rh', 'Se']",P_Rh_Se,p_rh_se,True,False,Cubic,4,"['P', 'Rh', 'Se']","['P', 'Rh', 'Se']",P,phosphate,,['phosphate_rock'],phosphate_rock,Phosphate rock,152.5,($/mt),2025.0,primary_element_proxy,medium,0.11880165289256199,2,low_cost
mp-505319,PtF6,ptf6,"['F', 'Pt']","['F', 'Pt']",F_Pt,f_pt,True,True,Orthorhombic,4,"['F', 'Pt']","['Pt', 'F']",Pt,platinum,,['platinum'],platinum,Platinum,1278.29333333333,($/troy oz),2025.0,primary_element_proxy,medium,0.13739669421487602,3,low_cost
mp-541474,Pt(OF3)2,pt_of3_2,"['F', 'O', 'Pt']","['F', 'O', 'Pt']",F_O_Pt,f_o_pt,True,True,Cubic,4,"['F', 'O', 'Pt']","['Pt', 'O', 'F']",Pt,platinum,,['platinum'],platinum,Platinum,1278.29333333333,($/troy oz),2025.0,primary_element_proxy,medium,0.13739669421487602,3,low_cost
mp-8943,PtF4,ptf4,"['F', 'Pt']","['F', 'Pt']",F_Pt,f_pt,True,False,Orthorhombic,4,"['F', 'Pt']","['Pt', 'F']",Pt,platinum,,['platinum'],platinum,Platinum,1278.29333333333,($/troy oz),2025.0,primary_element_proxy,medium,0.13739669421487602,3,low_cost
mp-1604,Pt3O4,pt3o4,"['O', 'Pt']","['O', 'Pt']",O_Pt,o_pt,True,True,Cubic,4,"['O', 'Pt']","['Pt', 'O']",Pt,platinum,,['platinum'],platinum,Platinum,1278.29333333333,($/troy oz),2025.0,primary_element_proxy,medium,0.13739669421487602,3,low_cost
mp-22048,Pt2PbO4,pt2pbo4,"['O', 'Pb', 'Pt']","['O', 'Pb', 'Pt']",O_Pb_Pt,o_pb_pt,True,True,Triclinic,4,"['O', 'Pb', 'Pt']","['Pt', 'Pb', 'O']",Pt,platinum,,"['platinum', 'lead']",platinum,Platinum,1278.29333333333,($/troy oz),2025.0,primary_element_proxy,medium,0.13739669421487602,3,low_cost
mp-1285,PtO2,pto2,"['O', 'Pt']","['O', 'Pt']",O_Pt,o_pt,True,False,Orthorhombic,4,"['O', 'Pt']","['Pt', 'O']",Pt,platinum,,['platinum'],platinum,Platinum,1278.29333333333,($/troy oz),2025.0,primary_element_proxy,medium,0.13739669421487602,3,low_cost
mp-20725,PbO2,pbo2,"['O', 'Pb']","['O', 'Pb']",O_Pb,o_pb,True,True,Tetragonal,4,"['O', 'Pb']","['Pb', 'O']",Pb,lead,,['lead'],lead,Lead,1962.235,($/mt),2025.0,primary_element_proxy,medium,0.1446280991735537,4,low_cost
mp-1591,Al4C3,al4c3,"['Al', 'C']","['Al', 'C']",Al_C,al_c,True,False,Trigonal,4,"['Al', 'C']","['Al', 'C']",Al,aluminum,,['aluminum'],aluminum,Aluminum,2631.69583333333,($/mt),2025.0,primary_element_proxy,medium,0.26136363636363635,5,low_cost
mp-31019,Al45Cr7,al45cr7,"['Al', 'Cr']","['Al', 'Cr']",Al_Cr,al_cr,True,True,Monoclinic,4,"['Al', 'Cr']","['Al', 'Cr']",Al,aluminum,,['aluminum'],aluminum,Aluminum,2631.69583333333,($/mt),2025.0,primary_element_proxy,medium,0.26136363636363635,5,low_cost
mp-196,Al5Co2,al5co2,"['Al', 'Co']","['Al', 'Co']",Al_Co,al_co,True,True,Hexagonal,4,"['Al', 'Co']","['Al', 'Co']",Al,aluminum,,['aluminum'],aluminum,Aluminum,2631.69583333333,($/mt),2025.0,primary_element_proxy,medium,0.26136363636363635,5,low_cost
mp-568607,Al5Mo,al5mo,"['Al', 'Mo']","['Al', 'Mo']",Al_Mo,al_mo,True,True,Hexagonal,4,"['Al', 'Mo']","['Al', 'Mo']",Al,aluminum,,['aluminum'],aluminum,Aluminum,2631.69583333333,($/mt),2025.0,primary_element_proxy,medium,0.26136363636363635,5,low_cost
mp-1791,Al5Rh2,al5rh2,"['Al', 'Rh']","['Al', 'Rh']",Al_Rh,al_rh,True,True,Hexagonal,4,"['Al', 'Rh']","['Al', 'Rh']",Al,aluminum,,['aluminum'],aluminum,Aluminum,2631.69583333333,($/mt),2025.0,primary_element_proxy,medium,0.26136363636363635,5,low_cost
mp-30337,Al5W,al5w,"['Al', 'W']","['Al', 'W']",Al_W,al_w,True,True,Hexagonal,4,"['Al', 'W']","['Al', 'W']",Al,aluminum,,['aluminum'],aluminum,Aluminum,2631.69583333333,($/mt),2025.0,primary_element_proxy,medium,0.26136363636363635,5,low_cost
mp-1228194,Al6CoCu3,al6cocu3,"['Al', 'Co', 'Cu']","['Al', 'Co', 'Cu']",Al_Co_Cu,al_co_cu,True,True,Trigonal,4,"['Al', 'Co', 'Cu']","['Al', 'Co', 'Cu']",Al,aluminum,,"['aluminum', 'copper']",aluminum,Aluminum,2631.69583333333,($/mt),2025.0,primary_element_proxy,medium,0.26136363636363635,5,low_cost
mp-593,Al4Cu9,al4cu9,"['Al', 'Cu']","['Al', 'Cu']",Al_Cu,al_cu,True,True,Cubic,4,"['Al', 'Cu']","['Al', 'Cu']",Al,aluminum,,"['aluminum', 'copper']",aluminum,Aluminum,2631.69583333333,($/mt),2025.0,primary_element_proxy,medium,0.26136363636363635,5,low_cost
mp-16515,Al4Ni3,al4ni3,"['Al', 'Ni']","['Al', 'Ni']",Al_Ni,al_ni,True,True,Cubic,4,"['Al', 'Ni']","['Al', 'Ni']",Al,aluminum,,"['aluminum', 'nickel']",aluminum,Aluminum,2631.69583333333,($/mt),2025.0,primary_element_proxy,medium,0.26136363636363635,5,low_cost
mp-1104047,Al4Tc,al4tc,"['Al', 'Tc']","['Al', 'Tc']",Al_Tc,al_tc,True,True,Monoclinic,4,"['Al', 'Tc']","['Al', 'Tc']",Al,aluminum,,['aluminum'],aluminum,Aluminum,2631.69583333333,($/mt),2025.0,primary_element_proxy,medium,0.26136363636363635,5,low_cost
mp-16523,Al3Pd5,al3pd5,"['Al', 'Pd']","['Al', 'Pd']",Al_Pd,al_pd,True,True,Orthorhombic,4,"['Al', 'Pd']","['Al', 'Pd']",Al,aluminum,,['aluminum'],aluminum,Aluminum,2631.69583333333,($/mt),2025.0,primary_element_proxy,medium,0.26136363636363635,5,low_cost
mp-1070580,Al3Ru2,al3ru2,"['Al', 'Ru']","['Al', 'Ru']",Al_Ru,al_ru,True,True,Tetragonal,4,"['Al', 'Ru']","['Al', 'Ru']",Al,aluminum,,['aluminum'],aluminum,Aluminum,2631.69583333333,($/mt),2025.0,primary_element_proxy,medium,0.26136363636363635,5,low_cost
mp-2554,Al3V,al3v,"['Al', 'V']","['Al', 'V']",Al_V,al_v,True,True,Tetragonal,4,"['Al', 'V']","['Al', 'V']",Al,aluminum,,['aluminum'],aluminum,Aluminum,2631.69583333333,($/mt),2025.0,primary_element_proxy,medium,0.26136363636363635,5,low_cost
mp-134,Al,al,['Al'],['Al'],Al,al,True,True,Cubic,4,['Al'],['Al'],Al,aluminum,aluminum,['aluminum'],aluminum,Aluminum,2631.69583333333,($/mt),2025.0,single_element_proxy,high,0.26136363636363635,5,low_cost
mp-1214959,Al(Ag3Se2)3,al_ag3se2_3,"['Ag', 'Al', 'Se']","['Ag', 'Al', 'Se']",Ag_Al_Se,ag_al_se,True,True,Cubic,4,"['Ag', 'Al', 'Se']","['Al', 'Ag', 'Se']",Al,aluminum,,"['aluminum', 'silver']",aluminum,Aluminum,2631.69583333333,($/mt),2025.0,primary_element_proxy,medium,0.26136363636363635,5,low_cost
mp-7692,Al(CrB)2,al_crb_2,"['Al', 'B', 'Cr']","['Al', 'B', 'Cr']",Al_B_Cr,al_b_cr,True,True,Orthorhombic,4,"['Al', 'B', 'Cr']","['Al', 'Cr', 'B']",Al,aluminum,,['aluminum'],aluminum,Aluminum,2631.69583333333,($/mt),2025.0,primary_element_proxy,medium,0.26136363636363635,5,low_cost
mp-3805,Al(FeB)2,al_feb_2,"['Al', 'B', 'Fe']","['Al', 'B', 'Fe']",Al_B_Fe,al_b_fe,True,True,Orthorhombic,4,"['Al', 'B', 'Fe']","['Al', 'Fe', 'B']",Al,aluminum,,['aluminum'],aluminum,Aluminum,2631.69583333333,($/mt),2025.0,primary_element_proxy,medium,0.26136363636363635,5,low_cost
mp-1214889,Al11Re4,al11re4,"['Al', 'Re']","['Al', 'Re']",Al_Re,al_re,True,True,Triclinic,4,"['Al', 'Re']","['Al', 'Re']",Al,aluminum,,['aluminum'],aluminum,Aluminum,2631.69583333333,($/mt),2025.0,primary_element_proxy,medium,0.26136363636363635,5,low_cost
mp-1648,Al12Re,al12re,"['Al', 'Re']","['Al', 'Re']",Al_Re,al_re,True,True,Cubic,4,"['Al', 'Re']","['Al', 'Re']",Al,aluminum,,['aluminum'],aluminum,Aluminum,2631.69583333333,($/mt),2025.0,primary_element_proxy,medium,0.26136363636363635,5,low_cost
mp-16719,Al12Tc,al12tc,"['Al', 'Tc']","['Al', 'Tc']",Al_Tc,al_tc,True,True,Cubic,4,"['Al', 'Tc']","['Al', 'Tc']",Al,aluminum,,['aluminum'],aluminum,Aluminum,2631.69583333333,($/mt),2025.0,primary_element_proxy,medium,0.26136363636363635,5,low_cost
mp-1202900,Al13Fe4,al13fe4,"['Al', 'Fe']","['Al', 'Fe']",Al_Fe,al_fe,True,True,Monoclinic,4,"['Al', 'Fe']","['Al', 'Fe']",Al,aluminum,,['aluminum'],aluminum,Aluminum,2631.69583333333,($/mt),2025.0,primary_element_proxy,medium,0.26136363636363635,5,low_cost
mp-567929,Al13Os4,al13os4,"['Al', 'Os']","['Al', 'Os']",Al_Os,al_os,True,True,Monoclinic,4,"['Al', 'Os']","['Al', 'Os']",Al,aluminum,,['aluminum'],aluminum,Aluminum,2631.69583333333,($/mt),2025.0,primary_element_proxy,medium,0.26136363636363635,5,low_cost
mp-17880,Al13Ru4,al13ru4,"['Al', 'Ru']","['Al', 'Ru']",Al_Ru,al_ru,True,True,Monoclinic,4,"['Al', 'Ru']","['Al', 'Ru']",Al,aluminum,,['aluminum'],aluminum,Aluminum,2631.69583333333,($/mt),2025.0,primary_element_proxy,medium,0.26136363636363635,5,low_cost
mp-29110,Al2(FeSi)3,al2_fesi_3,"['Al', 'Fe', 'Si']","['Al', 'Fe', 'Si']",Al_Fe_Si,al_fe_si,True,False,Triclinic,4,"['Al', 'Fe', 'Si']","['Al', 'Fe', 'Si']",Al,aluminum,,['aluminum'],aluminum,Aluminum,2631.69583333333,($/mt),2025.0,primary_element_proxy,medium,0.26136363636363635,5,low_cost
mp-1214897,Al2(Ni7B2)3,al2_ni7b2_3,"['Al', 'B', 'Ni']","['Al', 'B', 'Ni']",Al_B_Ni,al_b_ni,True,True,Cubic,4,"['Al', 'B', 'Ni']","['Al', 'Ni', 'B']",Al,aluminum,,"['aluminum', 'nickel']",aluminum,Aluminum,2631.69583333333,($/mt),2025.0,primary_element_proxy,medium,0.26136363636363635,5,low_cost
mp-1498,Al21Pd8,al21pd8,"['Al', 'Pd']","['Al', 'Pd']",Al_Pd,al_pd,True,True,Tetragonal,4,"['Al', 'Pd']","['Al', 'Pd']",Al,aluminum,,['aluminum'],aluminum,Aluminum,2631.69583333333,($/mt),2025.0,primary_element_proxy,medium,0.26136363636363635,5,low_cost
mp-1982,Al21Pt8,al21pt8,"['Al', 'Pt']","['Al', 'Pt']",Al_Pt,al_pt,True,True,Tetragonal,4,"['Al', 'Pt']","['Al', 'Pt']",Al,aluminum,,"['aluminum', 'platinum']",aluminum,Aluminum,2631.69583333333,($/mt),2025.0,primary_element_proxy,medium,0.26136363636363635,5,low_cost
mp-530274,Al23B50,al23b50,"['Al', 'B']","['Al', 'B']",Al_B,al_b,True,True,Triclinic,4,"['Al', 'B']","['Al', 'B']",Al,aluminum,,['aluminum'],aluminum,Aluminum,2631.69583333333,($/mt),2025.0,primary_element_proxy,medium,0.26136363636363635,5,low_cost
mp-1229168,Al27(FeNi2)2,al27_feni2_2,"['Al', 'Fe', 'Ni']","['Al', 'Fe', 'Ni']",Al_Fe_Ni,al_fe_ni,True,True,Triclinic,4,"['Al', 'Fe', 'Ni']","['Al', 'Fe', 'Ni']",Al,aluminum,,"['aluminum', 'nickel']",aluminum,Aluminum,2631.69583333333,($/mt),2025.0,primary_element_proxy,medium,0.26136363636363635,5,low_cost
mp-867319,Al2CoIr,al2coir,"['Al', 'Co', 'Ir']","['Al', 'Co', 'Ir']",Al_Co_Ir,al_co_ir,True,True,Cubic,4,"['Al', 'Co', 'Ir']","['Al', 'Co', 'Ir']",Al,aluminum,,['aluminum'],aluminum,Aluminum,2631.69583333333,($/mt),2025.0,primary_element_proxy,medium,0.26136363636363635,5,low_cost
mp-1228913,Al2CoNi,al2coni,"['Al', 'Co', 'Ni']","['Al', 'Co', 'Ni']",Al_Co_Ni,al_co_ni,True,True,Tetragonal,4,"['Al', 'Co', 'Ni']","['Al', 'Co', 'Ni']",Al,aluminum,,"['aluminum', 'nickel']",aluminum,Aluminum,2631.69583333333,($/mt),2025.0,primary_element_proxy,medium,0.26136363636363635,5,low_cost
mp-984352,Al2CoOs,al2coos,"['Al', 'Co', 'Os']","['Al', 'Co', 'Os']",Al_Co_Os,al_co_os,True,True,Cubic,4,"['Al', 'Co', 'Os']","['Al', 'Co', 'Os']",Al,aluminum,,['aluminum'],aluminum,Aluminum,2631.69583333333,($/mt),2025.0,primary_element_proxy,medium,0.26136363636363635,5,low_cost
mp-862695,Al2CoRu,al2coru,"['Al', 'Co', 'Ru']","['Al', 'Co', 'Ru']",Al_Co_Ru,al_co_ru,True,True,Cubic,4,"['Al', 'Co', 'Ru']","['Al', 'Co', 'Ru']",Al,aluminum,,['aluminum'],aluminum,Aluminum,2631.69583333333,($/mt),2025.0,primary_element_proxy,medium,0.26136363636363635,5,low_cost
mp-985806,Al2Cu,al2cu,"['Al', 'Cu']","['Al', 'Cu']",Al_Cu,al_cu,True,True,Cubic,4,"['Al', 'Cu']","['Al', 'Cu']",Al,aluminum,,"['aluminum', 'copper']",aluminum,Aluminum,2631.69583333333,($/mt),2025.0,primary_element_proxy,medium,0.26136363636363635,5,low_cost
mp-1079890,Al2CuIr,al2cuir,"['Al', 'Cu', 'Ir']","['Al', 'Cu', 'Ir']",Al_Cu_Ir,al_cu_ir,True,True,Orthorhombic,4,"['Al', 'Cu', 'Ir']","['Al', 'Cu', 'Ir']",Al,aluminum,,"['aluminum', 'copper']",aluminum,Aluminum,2631.69583333333,($/mt),2025.0,primary_element_proxy,medium,0.26136363636363635,5,low_cost
mp-862691,Al2FeCo,al2feco,"['Al', 'Co', 'Fe']","['Al', 'Co', 'Fe']",Al_Co_Fe,al_co_fe,True,True,Cubic,4,"['Al', 'Co', 'Fe']","['Al', 'Fe', 'Co']",Al,aluminum,,['aluminum'],aluminum,Aluminum,2631.69583333333,($/mt),2025.0,primary_element_proxy,medium,0.26136363636363635,5,low_cost
mp-866031,Al2FeIr,al2feir,"['Al', 'Fe', 'Ir']","['Al', 'Fe', 'Ir']",Al_Fe_Ir,al_fe_ir,True,True,Cubic,4,"['Al', 'Fe', 'Ir']","['Al', 'Fe', 'Ir']",Al,aluminum,,['aluminum'],aluminum,Aluminum,2631.69583333333,($/mt),2025.0,primary_element_proxy,medium,0.26136363636363635,5,low_cost
mp-1228910,Al2FeNi,al2feni,"['Al', 'Fe', 'Ni']","['Al', 'Fe', 'Ni']",Al_Fe_Ni,al_fe_ni,True,True,Tetragonal,4,"['Al', 'Fe', 'Ni']","['Al', 'Fe', 'Ni']",Al,aluminum,,"['aluminum', 'nickel']",aluminum,Aluminum,2631.69583333333,($/mt),2025.0,primary_element_proxy,medium,0.26136363636363635,5,low_cost
mp-30084,Al2FeO4,al2feo4,"['Al', 'Fe', 'O']","['Al', 'Fe', 'O']",Al_Fe_O,al_fe_o,True,True,Cubic,4,"['Al', 'Fe', 'O']","['Al', 'Fe', 'O']",Al,aluminum,,['aluminum'],aluminum,Aluminum,2631.69583333333,($/mt),2025.0,primary_element_proxy,medium,0.26136363636363635,5,low_cost
mp-1183155,Al2NiOs,al2nios,"['Al', 'Ni', 'Os']","['Al', 'Ni', 'Os']",Al_Ni_Os,al_ni_os,True,True,Cubic,4,"['Al', 'Ni', 'Os']","['Al', 'Ni', 'Os']",Al,aluminum,,"['aluminum', 'nickel']",aluminum,Aluminum,2631.69583333333,($/mt),2025.0,primary_element_proxy,medium,0.26136363636363635,5,low_cost
mp-867775,Al2NiRu,al2niru,"['Al', 'Ni', 'Ru']","['Al', 'Ni', 'Ru']",Al_Ni_Ru,al_ni_ru,True,True,Cubic,4,"['Al', 'Ni', 'Ru']","['Al', 'Ni', 'Ru']",Al,aluminum,,"['aluminum', 'nickel']",aluminum,Aluminum,2631.69583333333,($/mt),2025.0,primary_element_proxy,medium,0.26136363636363635,5,low_cost
mp-862715,Al2PdRu,al2pdru,"['Al', 'Pd', 'Ru']","['Al', 'Pd', 'Ru']",Al_Pd_Ru,al_pd_ru,True,True,Cubic,4,"['Al', 'Pd', 'Ru']","['Al', 'Pd', 'Ru']",Al,aluminum,,['aluminum'],aluminum,Aluminum,2631.69583333333,($/mt),2025.0,primary_element_proxy,medium,0.26136363636363635,5,low_cost
mp-10910,Al2Ru,al2ru,"['Al', 'Ru']","['Al', 'Ru']",Al_Ru,al_ru,True,False,Orthorhombic,4,"['Al', 'Ru']","['Al', 'Ru']",Al,aluminum,,['aluminum'],aluminum,Aluminum,2631.69583333333,($/mt),2025.0,primary_element_proxy,medium,0.26136363636363635,5,low_cost
mp-867326,Al2RuRh,al2rurh,"['Al', 'Rh', 'Ru']","['Al', 'Rh', 'Ru']",Al_Rh_Ru,al_rh_ru,True,True,Cubic,4,"['Al', 'Rh', 'Ru']","['Al', 'Ru', 'Rh']",Al,aluminum,,['aluminum'],aluminum,Aluminum,2631.69583333333,($/mt),2025.0,primary_element_proxy,medium,0.26136363636363635,5,low_cost
mp-1228540,Al2VNi9,al2vni9,"['Al', 'Ni', 'V']","['Al', 'Ni', 'V']",Al_Ni_V,al_ni_v,True,True,Tetragonal,4,"['Al', 'Ni', 'V']","['Al', 'V', 'Ni']",Al,aluminum,,"['aluminum', 'nickel']",aluminum,Aluminum,2631.69583333333,($/mt),2025.0,primary_element_proxy,medium,0.26136363636363635,5,low_cost
mp-541849,Al3(BRu2)2,al3_bru2_2,"['Al', 'B', 'Ru']","['Al', 'B', 'Ru']",Al_B_Ru,al_b_ru,True,True,Tetragonal,4,"['Al', 'B', 'Ru']","['Al', 'B', 'Ru']",Al,aluminum,,['aluminum'],aluminum,Aluminum,2631.69583333333,($/mt),2025.0,primary_element_proxy,medium,0.26136363636363635,5,low_cost
mp-505472,Al3(Ni10B3)2,al3_ni10b3_2,"['Al', 'B', 'Ni']","['Al', 'B', 'Ni']",Al_B_Ni,al_b_ni,True,True,Cubic,4,"['Al', 'B', 'Ni']","['Al', 'Ni', 'B']",Al,aluminum,,"['aluminum', 'nickel']",aluminum,Aluminum,2631.69583333333,($/mt),2025.0,primary_element_proxy,medium,0.26136363636363635,5,low_cost
mp-1214915,Al3(V3C2)4,al3_v3c2_4,"['Al', 'C', 'V']","['Al', 'C', 'V']",Al_C_V,al_c_v,True,True,Hexagonal,4,"['Al', 'C', 'V']","['Al', 'V', 'C']",Al,aluminum,,['aluminum'],aluminum,Aluminum,2631.69583333333,($/mt),2025.0,primary_element_proxy,medium,0.26136363636363635,5,low_cost
mp-1228719,Al37(Fe6Cu)2,al37_fe6cu_2,"['Al', 'Cu', 'Fe']","['Al', 'Cu', 'Fe']",Al_Cu_Fe,al_cu_fe,True,True,Monoclinic,4,"['Al', 'Cu', 'Fe']","['Al', 'Fe', 'Cu']",Al,aluminum,,"['aluminum', 'copper']",aluminum,Aluminum,2631.69583333333,($/mt),2025.0,primary_element_proxy,medium,0.26136363636363635,5,low_cost
mp-1228446,Al3BC,al3bc,"['Al', 'B', 'C']","['Al', 'B', 'C']",Al_B_C,al_b_c,True,False,Hexagonal,4,"['Al', 'B', 'C']","['Al', 'B', 'C']",Al,aluminum,,['aluminum'],aluminum,Aluminum,2631.69583333333,($/mt),2025.0,primary_element_proxy,medium,0.26136363636363635,5,low_cost
mp-867780,Al3Cr,al3cr,"['Al', 'Cr']","['Al', 'Cr']",Al_Cr,al_cr,True,True,Tetragonal,4,"['Al', 'Cr']","['Al', 'Cr']",Al,aluminum,,['aluminum'],aluminum,Aluminum,2631.69583333333,($/mt),2025.0,primary_element_proxy,medium,0.26136363636363635,5,low_cost
mp-1228603,Al3Ga3Ni10,al3ga3ni10,"['Al', 'Ga', 'Ni']","['Al', 'Ga', 'Ni']",Al_Ga_Ni,al_ga_ni,True,True,Monoclinic,4,"['Al', 'Ga', 'Ni']","['Al', 'Ga', 'Ni']",Al,aluminum,,"['aluminum', 'nickel']",aluminum,Aluminum,2631.69583333333,($/mt),2025.0,primary_element_proxy,medium,0.26136363636363635,5,low_cost
mp-2294,Al3Ir,al3ir,"['Al', 'Ir']","['Al', 'Ir']",Al_Ir,al_ir,True,True,Hexagonal,4,"['Al', 'Ir']","['Al', 'Ir']",Al,aluminum,,['aluminum'],aluminum,Aluminum,2631.69583333333,($/mt),2025.0,primary_element_proxy,medium,0.26136363636363635,5,low_cost
mp-571247,Al3Mo,al3mo,"['Al', 'Mo']","['Al', 'Mo']",Al_Mo,al_mo,True,True,Monoclinic,4,"['Al', 'Mo']","['Al', 'Mo']",Al,aluminum,,['aluminum'],aluminum,Aluminum,2631.69583333333,($/mt),2025.0,primary_element_proxy,medium,0.26136363636363635,5,low_cost
mp-622209,Al3Ni,al3ni,"['Al', 'Ni']","['Al', 'Ni']",Al_Ni,al_ni,True,True,Orthorhombic,4,"['Al', 'Ni']","['Al', 'Ni']",Al,aluminum,,"['aluminum', 'nickel']",aluminum,Aluminum,2631.69583333333,($/mt),2025.0,primary_element_proxy,medium,0.26136363636363635,5,low_cost
mp-1057,Al3Ni2,al3ni2,"['Al', 'Ni']","['Al', 'Ni']",Al_Ni,al_ni,True,True,Trigonal,4,"['Al', 'Ni']","['Al', 'Ni']",Al,aluminum,,"['aluminum', 'nickel']",aluminum,Aluminum,2631.69583333333,($/mt),2025.0,primary_element_proxy,medium,0.26136363636363635,5,low_cost
mp-16514,Al3Ni5,al3ni5,"['Al', 'Ni']","['Al', 'Ni']",Al_Ni,al_ni,True,True,Orthorhombic,4,"['Al', 'Ni']","['Al', 'Ni']",Al,aluminum,,"['aluminum', 'nickel']",aluminum,Aluminum,2631.69583333333,($/mt),2025.0,primary_element_proxy,medium,0.26136363636363635,5,low_cost
mp-10901,Al3Pd2,al3pd2,"['Al', 'Pd']","['Al', 'Pd']",Al_Pd,al_pd,True,True,Trigonal,4,"['Al', 'Pd']","['Al', 'Pd']",Al,aluminum,,['aluminum'],aluminum,Aluminum,2631.69583333333,($/mt),2025.0,primary_element_proxy,medium,0.26136363636363635,5,low_cost
mp-5778,AlVFe2,alvfe2,"['Al', 'Fe', 'V']","['Al', 'Fe', 'V']",Al_Fe_V,al_fe_v,True,True,Cubic,4,"['Al', 'Fe', 'V']","['Al', 'V', 'Fe']",Al,aluminum,,['aluminum'],aluminum,Aluminum,2631.69583333333,($/mt),2025.0,primary_element_proxy,medium,0.26136363636363635,5,low_cost
mp-4955,AlVCo2,alvco2,"['Al', 'Co', 'V']","['Al', 'Co', 'V']",Al_Co_V,al_co_v,True,True,Cubic,4,"['Al', 'Co', 'V']","['Al', 'V', 'Co']",Al,aluminum,,['aluminum'],aluminum,Aluminum,2631.69583333333,($/mt),2025.0,primary_element_proxy,medium,0.26136363636363635,5,low_cost
mp-1228971,AlV9Au2,alv9au2,"['Al', 'Au', 'V']","['Al', 'Au', 'V']",Al_Au_V,al_au_v,True,True,Orthorhombic,4,"['Al', 'Au', 'V']","['Al', 'V', 'Au']",Al,aluminum,,"['aluminum', 'gold']",aluminum,Aluminum,2631.69583333333,($/mt),2025.0,primary_element_proxy,medium,0.26136363636363635,5,low_cost
mp-1228829,AlV6Ge,alv6ge,"['Al', 'Ge', 'V']","['Al', 'Ge', 'V']",Al_Ge_V,al_ge_v,True,True,Cubic,4,"['Al', 'Ge', 'V']","['Al', 'V', 'Ge']",Al,aluminum,,['aluminum'],aluminum,Aluminum,2631.69583333333,($/mt),2025.0,primary_element_proxy,medium,0.26136363636363635,5,low_cost
mp-1228807,AlV6Ga,alv6ga,"['Al', 'Ga', 'V']","['Al', 'Ga', 'V']",Al_Ga_V,al_ga_v,True,True,Cubic,4,"['Al', 'Ga', 'V']","['Al', 'V', 'Ga']",Al,aluminum,,['aluminum'],aluminum,Aluminum,2631.69583333333,($/mt),2025.0,primary_element_proxy,medium,0.26136363636363635,5,low_cost
mp-1387,AlV3,alv3,"['Al', 'V']","['Al', 'V']",Al_V,al_v,True,True,Cubic,4,"['Al', 'V']","['Al', 'V']",Al,aluminum,,['aluminum'],aluminum,Aluminum,2631.69583333333,($/mt),2025.0,primary_element_proxy,medium,0.26136363636363635,5,low_cost
mp-1025497,AlV2C,alv2c,"['Al', 'C', 'V']","['Al', 'C', 'V']",Al_C_V,al_c_v,True,True,Hexagonal,4,"['Al', 'C', 'V']","['Al', 'V', 'C']",Al,aluminum,,['aluminum'],aluminum,Aluminum,2631.69583333333,($/mt),2025.0,primary_element_proxy,medium,0.26136363636363635,5,low_cost
mp-1228001,AlV,alv,"['Al', 'V']","['Al', 'V']",Al_V,al_v,True,True,Orthorhombic,4,"['Al', 'V']","['Al', 'V']",Al,aluminum,,['aluminum'],aluminum,Aluminum,2631.69583333333,($/mt),2025.0,primary_element_proxy,medium,0.26136363636363635,5,low_cost
mp-862778,AlSiRu2,alsiru2,"['Al', 'Ru', 'Si']","['Al', 'Ru', 'Si']",Al_Ru_Si,al_ru_si,True,True,Cubic,4,"['Al', 'Ru', 'Si']","['Al', 'Si', 'Ru']",Al,aluminum,,['aluminum'],aluminum,Aluminum,2631.69583333333,($/mt),2025.0,primary_element_proxy,medium,0.26136363636363635,5,low_cost
mp-1228032,AlSiMo6,alsimo6,"['Al', 'Mo', 'Si']","['Al', 'Mo', 'Si']",Al_Mo_Si,al_mo_si,True,True,Cubic,4,"['Al', 'Mo', 'Si']","['Al', 'Si', 'Mo']",Al,aluminum,,['aluminum'],aluminum,Aluminum,2631.69583333333,($/mt),2025.0,primary_element_proxy,medium,0.26136363636363635,5,low_cost
mp-542569,AlRu,alru,"['Al', 'Ru']","['Al', 'Ru']",Al_Ru,al_ru,True,True,Cubic,4,"['Al', 'Ru']","['Al', 'Ru']",Al,aluminum,,['aluminum'],aluminum,Aluminum,2631.69583333333,($/mt),2025.0,primary_element_proxy,medium,0.26136363636363635,5,low_cost
mp-364,AlRh,alrh,"['Al', 'Rh']","['Al', 'Rh']",Al_Rh,al_rh,True,True,Cubic,4,"['Al', 'Rh']","['Al', 'Rh']",Al,aluminum,,['aluminum'],aluminum,Aluminum,2631.69583333333,($/mt),2025.0,primary_element_proxy,medium,0.26136363636363635,5,low_cost
mp-1228809,AlReSi,alresi,"['Al', 'Re', 'Si']","['Al', 'Re', 'Si']",Al_Re_Si,al_re_si,True,True,Tetragonal,4,"['Al', 'Re', 'Si']","['Al', 'Re', 'Si']",Al,aluminum,,['aluminum'],aluminum,Aluminum,2631.69583333333,($/mt),2025.0,primary_element_proxy,medium,0.26136363636363635,5,low_cost
mp-27393,AlPd5I2,alpd5i2,"['Al', 'I', 'Pd']","['Al', 'I', 'Pd']",Al_I_Pd,al_i_pd,True,True,Tetragonal,4,"['Al', 'I', 'Pd']","['Al', 'Pd', 'I']",Al,aluminum,,['aluminum'],aluminum,Aluminum,2631.69583333333,($/mt),2025.0,primary_element_proxy,medium,0.26136363636363635,5,low_cost
mp-2824,AlPd2,alpd2,"['Al', 'Pd']","['Al', 'Pd']",Al_Pd,al_pd,True,True,Orthorhombic,4,"['Al', 'Pd']","['Al', 'Pd']",Al,aluminum,,['aluminum'],aluminum,Aluminum,2631.69583333333,($/mt),2025.0,primary_element_proxy,medium,0.26136363636363635,5,low_cost
mp-7189,AlPd,alpd,"['Al', 'Pd']","['Al', 'Pd']",Al_Pd,al_pd,True,True,Cubic,4,"['Al', 'Pd']","['Al', 'Pd']",Al,aluminum,,['aluminum'],aluminum,Aluminum,2631.69583333333,($/mt),2025.0,primary_element_proxy,medium,0.26136363636363635,5,low_cost
mp-1228856,AlPPd4,alppd4,"['Al', 'P', 'Pd']","['Al', 'P', 'Pd']",Al_P_Pd,al_p_pd,True,True,Monoclinic,4,"['Al', 'P', 'Pd']","['Al', 'P', 'Pd']",Al,aluminum,,"['aluminum', 'phosphate_rock']",aluminum,Aluminum,2631.69583333333,($/mt),2025.0,primary_element_proxy,medium,0.26136363636363635,5,low_cost
mp-1228832,AlNi6Ge,alni6ge,"['Al', 'Ge', 'Ni']","['Al', 'Ge', 'Ni']",Al_Ge_Ni,al_ge_ni,True,True,Tetragonal,4,"['Al', 'Ge', 'Ni']","['Al', 'Ni', 'Ge']",Al,aluminum,,"['aluminum', 'nickel']",aluminum,Aluminum,2631.69583333333,($/mt),2025.0,primary_element_proxy,medium,0.26136363636363635,5,low_cost
mp-2593,AlNi3,alni3,"['Al', 'Ni']","['Al', 'Ni']",Al_Ni,al_ni,True,True,Cubic,4,"['Al', 'Ni']","['Al', 'Ni']",Al,aluminum,,"['aluminum', 'nickel']",aluminum,Aluminum,2631.69583333333,($/mt),2025.0,primary_element_proxy,medium,0.26136363636363635,5,low_cost
mp-1487,AlNi,alni,"['Al', 'Ni']","['Al', 'Ni']",Al_Ni,al_ni,True,True,Cubic,4,"['Al', 'Ni']","['Al', 'Ni']",Al,aluminum,,"['aluminum', 'nickel']",aluminum,Aluminum,2631.69583333333,($/mt),2025.0,primary_element_proxy,medium,0.26136363636363635,5,low_cost
mp-867904,AlGeRu2,algeru2,"['Al', 'Ge', 'Ru']","['Al', 'Ge', 'Ru']",Al_Ge_Ru,al_ge_ru,True,True,Cubic,4,"['Al', 'Ge', 'Ru']","['Al', 'Ge', 'Ru']",Al,aluminum,,['aluminum'],aluminum,Aluminum,2631.69583333333,($/mt),2025.0,primary_element_proxy,medium,0.26136363636363635,5,low_cost
mp-1228900,AlGeMo,algemo,"['Al', 'Ge', 'Mo']","['Al', 'Ge', 'Mo']",Al_Ge_Mo,al_ge_mo,True,True,Trigonal,4,"['Al', 'Ge', 'Mo']","['Al', 'Ge', 'Mo']",Al,aluminum,,['aluminum'],aluminum,Aluminum,2631.69583333333,($/mt),2025.0,primary_element_proxy,medium,0.26136363636363635,5,low_cost
mp-1228918,AlGaNi6,algani6,"['Al', 'Ga', 'Ni']","['Al', 'Ga', 'Ni']",Al_Ga_Ni,al_ga_ni,True,True,Tetragonal,4,"['Al', 'Ga', 'Ni']","['Al', 'Ga', 'Ni']",Al,aluminum,,"['aluminum', 'nickel']",aluminum,Aluminum,2631.69583333333,($/mt),2025.0,primary_element_proxy,medium,0.26136363636363635,5,low_cost
mp-1228893,AlGaCo2,algaco2,"['Al', 'Co', 'Ga']","['Al', 'Co', 'Ga']",Al_Co_Ga,al_co_ga,True,True,Tetragonal,4,"['Al', 'Co', 'Ga']","['Al', 'Ga', 'Co']",Al,aluminum,,['aluminum'],aluminum,Aluminum,2631.69583333333,($/mt),2025.0,primary_element_proxy,medium,0.26136363636363635,5,low_cost
mp-861953,AlFeRh2,alferh2,"['Al', 'Fe', 'Rh']","['Al', 'Fe', 'Rh']",Al_Fe_Rh,al_fe_rh,True,True,Cubic,4,"['Al', 'Fe', 'Rh']","['Al', 'Fe', 'Rh']",Al,aluminum,,['aluminum'],aluminum,Aluminum,2631.69583333333,($/mt),2025.0,primary_element_proxy,medium,0.26136363636363635,5,low_cost
mp-10884,AlFeCo2,alfeco2,"['Al', 'Co', 'Fe']","['Al', 'Co', 'Fe']",Al_Co_Fe,al_co_fe,True,True,Cubic,4,"['Al', 'Co', 'Fe']","['Al', 'Fe', 'Co']",Al,aluminum,,['aluminum'],aluminum,Aluminum,2631.69583333333,($/mt),2025.0,primary_element_proxy,medium,0.26136363636363635,5,low_cost
mp-1206123,AlFe3H,alfe3h,"['Al', 'Fe', 'H']","['Al', 'Fe', 'H']",Al_Fe_H,al_fe_h,True,True,Cubic,4,"['Al', 'Fe', 'H']","['Al', 'Fe', 'H']",Al,aluminum,,['aluminum'],aluminum,Aluminum,2631.69583333333,($/mt),2025.0,primary_element_proxy,medium,0.26136363636363635,5,low_cost
mp-22793,AlFe3C,alfe3c,"['Al', 'C', 'Fe']","['Al', 'C', 'Fe']",Al_C_Fe,al_c_fe,True,True,Cubic,4,"['Al', 'C', 'Fe']","['Al', 'Fe', 'C']",Al,aluminum,,['aluminum'],aluminum,Aluminum,2631.69583333333,($/mt),2025.0,primary_element_proxy,medium,0.26136363636363635,5,low_cost
mp-1183162,AlFe3,alfe3,"['Al', 'Fe']","['Al', 'Fe']",Al_Fe,al_fe,True,True,Cubic,4,"['Al', 'Fe']","['Al', 'Fe']",Al,aluminum,,['aluminum'],aluminum,Aluminum,2631.69583333333,($/mt),2025.0,primary_element_proxy,medium,0.26136363636363635,5,low_cost
mp-862288,AlFe2W,alfe2w,"['Al', 'Fe', 'W']","['Al', 'Fe', 'W']",Al_Fe_W,al_fe_w,True,True,Cubic,4,"['Al', 'Fe', 'W']","['Al', 'Fe', 'W']",Al,aluminum,,['aluminum'],aluminum,Aluminum,2631.69583333333,($/mt),2025.0,primary_element_proxy,medium,0.26136363636363635,5,low_cost
mp-867878,AlFe2Si,alfe2si,"['Al', 'Fe', 'Si']","['Al', 'Fe', 'Si']",Al_Fe_Si,al_fe_si,True,True,Cubic,4,"['Al', 'Fe', 'Si']","['Al', 'Fe', 'Si']",Al,aluminum,,['aluminum'],aluminum,Aluminum,2631.69583333333,($/mt),2025.0,primary_element_proxy,medium,0.26136363636363635,5,low_cost
mp-2658,AlFe,alfe,"['Al', 'Fe']","['Al', 'Fe']",Al_Fe,al_fe,True,True,Cubic,4,"['Al', 'Fe']","['Al', 'Fe']",Al,aluminum,,['aluminum'],aluminum,Aluminum,2631.69583333333,($/mt),2025.0,primary_element_proxy,medium,0.26136363636363635,5,low_cost
mp-866296,AlCuPd2,alcupd2,"['Al', 'Cu', 'Pd']","['Al', 'Cu', 'Pd']",Al_Cu_Pd,al_cu_pd,True,True,Cubic,4,"['Al', 'Cu', 'Pd']","['Al', 'Cu', 'Pd']",Al,aluminum,,"['aluminum', 'copper']",aluminum,Aluminum,2631.69583333333,($/mt),2025.0,primary_element_proxy,medium,0.26136363636363635,5,low_cost
mp-867306,AlCuAu2,alcuau2,"['Al', 'Au', 'Cu']","['Al', 'Au', 'Cu']",Al_Au_Cu,al_au_cu,True,True,Cubic,4,"['Al', 'Au', 'Cu']","['Al', 'Cu', 'Au']",Al,aluminum,,"['aluminum', 'gold', 'copper']",aluminum,Aluminum,2631.69583333333,($/mt),2025.0,primary_element_proxy,medium,0.26136363636363635,5,low_cost
mp-12802,AlCu3,alcu3,"['Al', 'Cu']","['Al', 'Cu']",Al_Cu,al_cu,True,True,Orthorhombic,4,"['Al', 'Cu']","['Al', 'Cu']",Al,aluminum,,"['aluminum', 'copper']",aluminum,Aluminum,2631.69583333333,($/mt),2025.0,primary_element_proxy,medium,0.26136363636363635,5,low_cost
mp-2500,AlCu,alcu,"['Al', 'Cu']","['Al', 'Cu']",Al_Cu,al_cu,True,True,Monoclinic,4,"['Al', 'Cu']","['Al', 'Cu']",Al,aluminum,,"['aluminum', 'copper']",aluminum,Aluminum,2631.69583333333,($/mt),2025.0,primary_element_proxy,medium,0.26136363636363635,5,low_cost
mp-862781,AlCrRu2,alcrru2,"['Al', 'Cr', 'Ru']","['Al', 'Cr', 'Ru']",Al_Cr_Ru,al_cr_ru,True,True,Cubic,4,"['Al', 'Cr', 'Ru']","['Al', 'Cr', 'Ru']",Al,aluminum,,['aluminum'],aluminum,Aluminum,2631.69583333333,($/mt),2025.0,primary_element_proxy,medium,0.26136363636363635,5,low_cost
mp-1229004,AlCr4CuSe8,alcr4cuse8,"['Al', 'Cr', 'Cu', 'Se']","['Al', 'Cr', 'Cu', 'Se']",Al_Cr_Cu_Se,al_cr_cu_se,True,True,Cubic,4,"['Al', 'Cr', 'Cu', 'Se']","['Al', 'Cr', 'Cu', 'Se']",Al,aluminum,,"['aluminum', 'copper']",aluminum,Aluminum,2631.69583333333,($/mt),2025.0,primary_element_proxy,medium,0.26136363636363635,5,low_cost
mp-1228960,AlCr4CuS8,alcr4cus8,"['Al', 'Cr', 'Cu', 'S']","['Al', 'Cr', 'Cu', 'S']",Al_Cr_Cu_S,al_cr_cu_s,True,True,Cubic,4,"['Al', 'Cr', 'Cu', 'S']","['Al', 'Cr', 'Cu', 'S']",Al,aluminum,,"['aluminum', 'copper']",aluminum,Aluminum,2631.69583333333,($/mt),2025.0,primary_element_proxy,medium,0.26136363636363635,5,low_cost
mp-1228999,AlCr4AgS8,alcr4ags8,"['Ag', 'Al', 'Cr', 'S']","['Ag', 'Al', 'Cr', 'S']",Ag_Al_Cr_S,ag_al_cr_s,True,True,Cubic,4,"['Ag', 'Al', 'Cr', 'S']","['Al', 'Cr', 'Ag', 'S']",Al,aluminum,,"['aluminum', 'silver']",aluminum,Aluminum,2631.69583333333,($/mt),2025.0,primary_element_proxy,medium,0.26136363636363635,5,low_cost
mp-637575,AlCr3B4,alcr3b4,"['Al', 'B', 'Cr']","['Al', 'B', 'Cr']",Al_B_Cr,al_b_cr,True,True,Orthorhombic,4,"['Al', 'B', 'Cr']","['Al', 'Cr', 'B']",Al,aluminum,,['aluminum'],aluminum,Aluminum,2631.69583333333,($/mt),2025.0,primary_element_proxy,medium,0.26136363636363635,5,low_cost
mp-9956,AlCr2C,alcr2c,"['Al', 'C', 'Cr']","['Al', 'C', 'Cr']",Al_C_Cr,al_c_cr,True,True,Hexagonal,4,"['Al', 'C', 'Cr']","['Al', 'Cr', 'C']",Al,aluminum,,['aluminum'],aluminum,Aluminum,2631.69583333333,($/mt),2025.0,primary_element_proxy,medium,0.26136363636363635,5,low_cost
mp-284,AlCo,alco,"['Al', 'Co']","['Al', 'Co']",Al_Co,al_co,True,True,Cubic,4,"['Al', 'Co']","['Al', 'Co']",Al,aluminum,,['aluminum'],aluminum,Aluminum,2631.69583333333,($/mt),2025.0,primary_element_proxy,medium,0.26136363636363635,5,low_cost
mp-7574,AlBMo,albmo,"['Al', 'B', 'Mo']","['Al', 'B', 'Mo']",Al_B_Mo,al_b_mo,True,True,Orthorhombic,4,"['Al', 'B', 'Mo']","['Al', 'B', 'Mo']",Al,aluminum,,['aluminum'],aluminum,Aluminum,2631.69583333333,($/mt),2025.0,primary_element_proxy,medium,0.26136363636363635,5,low_cost
mp-1228988,AlAg3,alag3,"['Ag', 'Al']","['Ag', 'Al']",Ag_Al,ag_al,True,True,Trigonal,4,"['Ag', 'Al']","['Al', 'Ag']",Al,aluminum,,"['aluminum', 'silver']",aluminum,Aluminum,2631.69583333333,($/mt),2025.0,primary_element_proxy,medium,0.26136363636363635,5,low_cost
mp-1645,Al9Rh2,al9rh2,"['Al', 'Rh']","['Al', 'Rh']",Al_Rh,al_rh,True,True,Monoclinic,4,"['Al', 'Rh']","['Al', 'Rh']",Al,aluminum,,['aluminum'],aluminum,Aluminum,2631.69583333333,($/mt),2025.0,primary_element_proxy,medium,0.26136363636363635,5,low_cost
mp-12003,Al9Ir2,al9ir2,"['Al', 'Ir']","['Al', 'Ir']",Al_Ir,al_ir,True,True,Monoclinic,4,"['Al', 'Ir']","['Al', 'Ir']",Al,aluminum,,['aluminum'],aluminum,Aluminum,2631.69583333333,($/mt),2025.0,primary_element_proxy,medium,0.26136363636363635,5,low_cost
mp-16488,Al9Co2,al9co2,"['Al', 'Co']","['Al', 'Co']",Al_Co,al_co,True,True,Monoclinic,4,"['Al', 'Co']","['Al', 'Co']",Al,aluminum,,['aluminum'],aluminum,Aluminum,2631.69583333333,($/mt),2025.0,primary_element_proxy,medium,0.26136363636363635,5,low_cost
mp-2733,Al8Mo3,al8mo3,"['Al', 'Mo']","['Al', 'Mo']",Al_Mo,al_mo,True,True,Monoclinic,4,"['Al', 'Mo']","['Al', 'Mo']",Al,aluminum,,['aluminum'],aluminum,Aluminum,2631.69583333333,($/mt),2025.0,primary_element_proxy,medium,0.26136363636363635,5,low_cost
mp-4689,Al7FeCu2,al7fecu2,"['Al', 'Cu', 'Fe']","['Al', 'Cu', 'Fe']",Al_Cu_Fe,al_cu_fe,True,True,Tetragonal,4,"['Al', 'Cu', 'Fe']","['Al', 'Fe', 'Cu']",Al,aluminum,,"['aluminum', 'copper']",aluminum,Aluminum,2631.69583333333,($/mt),2025.0,primary_element_proxy,medium,0.26136363636363635,5,low_cost
mp-16529,Al6Ru,al6ru,"['Al', 'Ru']","['Al', 'Ru']",Al_Ru,al_ru,True,True,Orthorhombic,4,"['Al', 'Ru']","['Al', 'Ru']",Al,aluminum,,['aluminum'],aluminum,Aluminum,2631.69583333333,($/mt),2025.0,primary_element_proxy,medium,0.26136363636363635,5,low_cost
mp-866001,AlVRu2,alvru2,"['Al', 'Ru', 'V']","['Al', 'Ru', 'V']",Al_Ru_V,al_ru_v,True,True,Cubic,4,"['Al', 'Ru', 'V']","['Al', 'V', 'Ru']",Al,aluminum,,['aluminum'],aluminum,Aluminum,2631.69583333333,($/mt),2025.0,primary_element_proxy,medium,0.26136363636363635,5,low_cost
mp-866033,AlZnRh2,alznrh2,"['Al', 'Rh', 'Zn']","['Al', 'Rh', 'Zn']",Al_Rh_Zn,al_rh_zn,True,True,Cubic,4,"['Al', 'Rh', 'Zn']","['Al', 'Zn', 'Rh']",Al,aluminum,,"['aluminum', 'zinc']",aluminum,Aluminum,2631.69583333333,($/mt),2025.0,primary_element_proxy,medium,0.26136363636363635,5,low_cost
mp-1228837,AlZnCrS4,alzncrs4,"['Al', 'Cr', 'S', 'Zn']","['Al', 'Cr', 'S', 'Zn']",Al_Cr_S_Zn,al_cr_s_zn,True,True,Orthorhombic,4,"['Al', 'Cr', 'S', 'Zn']","['Al', 'Zn', 'Cr', 'S']",Al,aluminum,,"['aluminum', 'zinc']",aluminum,Aluminum,2631.69583333333,($/mt),2025.0,primary_element_proxy,medium,0.26136363636363635,5,low_cost
mp-1400616,ZnWF6,znwf6,"['F', 'W', 'Zn']","['F', 'W', 'Zn']",F_W_Zn,f_w_zn,True,True,Trigonal,4,"['F', 'W', 'Zn']","['Zn', 'W', 'F']",Zn,zinc,,['zinc'],zinc,Zinc,2867.52833333333,($/mt),2025.0,primary_element_proxy,medium,0.4700413223140496,6,medium_cost
mp-4756,ZnSnSb2,znsnsb2,"['Sb', 'Sn', 'Zn']","['Sb', 'Sn', 'Zn']",Sb_Sn_Zn,sb_sn_zn,True,True,Tetragonal,4,"['Sb', 'Sn', 'Zn']","['Zn', 'Sn', 'Sb']",Zn,zinc,,"['zinc', 'tin']",zinc,Zinc,2867.52833333333,($/mt),2025.0,primary_element_proxy,medium,0.4700413223140496,6,medium_cost
mp-1187939,ZnSnRh2,znsnrh2,"['Rh', 'Sn', 'Zn']","['Rh', 'Sn', 'Zn']",Rh_Sn_Zn,rh_sn_zn,True,True,Cubic,4,"['Rh', 'Sn', 'Zn']","['Zn', 'Sn', 'Rh']",Zn,zinc,,"['zinc', 'tin']",zinc,Zinc,2867.52833333333,($/mt),2025.0,primary_element_proxy,medium,0.4700413223140496,6,medium_cost
mp-1029469,ZnSnN2,znsnn2,"['N', 'Sn', 'Zn']","['N', 'Sn', 'Zn']",N_Sn_Zn,n_sn_zn,True,False,Orthorhombic,4,"['N', 'Sn', 'Zn']","['Zn', 'Sn', 'N']",Zn,zinc,,"['zinc', 'tin']",zinc,Zinc,2867.52833333333,($/mt),2025.0,primary_element_proxy,medium,0.4700413223140496,6,medium_cost
mp-5190,ZnSnAs2,znsnas2,"['As', 'Sn', 'Zn']","['As', 'Sn', 'Zn']",As_Sn_Zn,as_sn_zn,True,True,Tetragonal,4,"['As', 'Sn', 'Zn']","['Zn', 'Sn', 'As']",Zn,zinc,,"['zinc', 'tin']",zinc,Zinc,2867.52833333333,($/mt),2025.0,primary_element_proxy,medium,0.4700413223140496,6,medium_cost
mp-977384,ZnSiRh2,znsirh2,"['Rh', 'Si', 'Zn']","['Rh', 'Si', 'Zn']",Rh_Si_Zn,rh_si_zn,True,True,Cubic,4,"['Rh', 'Si', 'Zn']","['Zn', 'Si', 'Rh']",Zn,zinc,,['zinc'],zinc,Zinc,2867.52833333333,($/mt),2025.0,primary_element_proxy,medium,0.4700413223140496,6,medium_cost
mp-1187921,ZnRu2W,znru2w,"['Ru', 'W', 'Zn']","['Ru', 'W', 'Zn']",Ru_W_Zn,ru_w_zn,True,True,Cubic,4,"['Ru', 'W', 'Zn']","['Zn', 'Ru', 'W']",Zn,zinc,,['zinc'],zinc,Zinc,2867.52833333333,($/mt),2025.0,primary_element_proxy,medium,0.4700413223140496,6,medium_cost
mp-15637,ZnRhF6,znrhf6,"['F', 'Rh', 'Zn']","['F', 'Rh', 'Zn']",F_Rh_Zn,f_rh_zn,True,True,Trigonal,4,"['F', 'Rh', 'Zn']","['Zn', 'Rh', 'F']",Zn,zinc,,['zinc'],zinc,Zinc,2867.52833333333,($/mt),2025.0,primary_element_proxy,medium,0.4700413223140496,6,medium_cost
mp-6938,ZnRh,znrh,"['Rh', 'Zn']","['Rh', 'Zn']",Rh_Zn,rh_zn,True,True,Cubic,4,"['Rh', 'Zn']","['Zn', 'Rh']",Zn,zinc,,['zinc'],zinc,Zinc,2867.52833333333,($/mt),2025.0,primary_element_proxy,medium,0.4700413223140496,6,medium_cost
mp-30856,ZnPt3,znpt3,"['Pt', 'Zn']","['Pt', 'Zn']",Pt_Zn,pt_zn,True,True,Cubic,4,"['Pt', 'Zn']","['Zn', 'Pt']",Zn,zinc,,"['zinc', 'platinum']",zinc,Zinc,2867.52833333333,($/mt),2025.0,primary_element_proxy,medium,0.4700413223140496,6,medium_cost
mp-894,ZnPt,znpt,"['Pt', 'Zn']","['Pt', 'Zn']",Pt_Zn,pt_zn,True,True,Tetragonal,4,"['Pt', 'Zn']","['Zn', 'Pt']",Zn,zinc,,"['zinc', 'platinum']",zinc,Zinc,2867.52833333333,($/mt),2025.0,primary_element_proxy,medium,0.4700413223140496,6,medium_cost
mp-1025222,ZnPd5Se,znpd5se,"['Pd', 'Se', 'Zn']","['Pd', 'Se', 'Zn']",Pd_Se_Zn,pd_se_zn,True,True,Tetragonal,4,"['Pd', 'Se', 'Zn']","['Zn', 'Pd', 'Se']",Zn,zinc,,['zinc'],zinc,Zinc,2867.52833333333,($/mt),2025.0,primary_element_proxy,medium,0.4700413223140496,6,medium_cost
mp-1103252,ZnPd2,znpd2,"['Pd', 'Zn']","['Pd', 'Zn']",Pd_Zn,pd_zn,True,True,Orthorhombic,4,"['Pd', 'Zn']","['Zn', 'Pd']",Zn,zinc,,['zinc'],zinc,Zinc,2867.52833333333,($/mt),2025.0,primary_element_proxy,medium,0.4700413223140496,6,medium_cost
mp-1652,ZnPd,znpd,"['Pd', 'Zn']","['Pd', 'Zn']",Pd_Zn,pd_zn,True,True,Tetragonal,4,"['Pd', 'Zn']","['Zn', 'Pd']",Zn,zinc,,['zinc'],zinc,Zinc,2867.52833333333,($/mt),2025.0,primary_element_proxy,medium,0.4700413223140496,6,medium_cost
mp-1025272,ZnPPt5,znppt5,"['P', 'Pt', 'Zn']","['P', 'Pt', 'Zn']",P_Pt_Zn,p_pt_zn,True,True,Tetragonal,4,"['P', 'Pt', 'Zn']","['Zn', 'P', 'Pt']",Zn,zinc,,"['zinc', 'phosphate_rock', 'platinum']",zinc,Zinc,2867.52833333333,($/mt),2025.0,primary_element_proxy,medium,0.4700413223140496,6,medium_cost
mp-1025258,ZnPPd5,znppd5,"['P', 'Pd', 'Zn']","['P', 'Pd', 'Zn']",P_Pd_Zn,p_pd_zn,True,True,Tetragonal,4,"['P', 'Pd', 'Zn']","['Zn', 'P', 'Pd']",Zn,zinc,,"['zinc', 'phosphate_rock']",zinc,Zinc,2867.52833333333,($/mt),2025.0,primary_element_proxy,medium,0.4700413223140496,6,medium_cost
mp-1197569,Zn2Ni21B20,zn2ni21b20,"['B', 'Ni', 'Zn']","['B', 'Ni', 'Zn']",B_Ni_Zn,b_ni_zn,True,True,Tetragonal,4,"['B', 'Ni', 'Zn']","['Zn', 'Ni', 'B']",Zn,zinc,,"['zinc', 'nickel']",zinc,Zinc,2867.52833333333,($/mt),2025.0,primary_element_proxy,medium,0.4700413223140496,6,medium_cost
mp-1187800,Zn2CuRh,zn2curh,"['Cu', 'Rh', 'Zn']","['Cu', 'Rh', 'Zn']",Cu_Rh_Zn,cu_rh_zn,True,True,Cubic,4,"['Cu', 'Rh', 'Zn']","['Zn', 'Cu', 'Rh']",Zn,zinc,,"['zinc', 'copper']",zinc,Zinc,2867.52833333333,($/mt),2025.0,primary_element_proxy,medium,0.4700413223140496,6,medium_cost
mp-980665,Zn2CuIr,zn2cuir,"['Cu', 'Ir', 'Zn']","['Cu', 'Ir', 'Zn']",Cu_Ir_Zn,cu_ir_zn,True,True,Cubic,4,"['Cu', 'Ir', 'Zn']","['Zn', 'Cu', 'Ir']",Zn,zinc,,"['zinc', 'copper']",zinc,Zinc,2867.52833333333,($/mt),2025.0,primary_element_proxy,medium,0.4700413223140496,6,medium_cost
mp-12759,Zn2CuAu,zn2cuau,"['Au', 'Cu', 'Zn']","['Au', 'Cu', 'Zn']",Au_Cu_Zn,au_cu_zn,True,True,Orthorhombic,4,"['Au', 'Cu', 'Zn']","['Zn', 'Cu', 'Au']",Zn,zinc,,"['zinc', 'gold', 'copper']",zinc,Zinc,2867.52833333333,($/mt),2025.0,primary_element_proxy,medium,0.4700413223140496,6,medium_cost
mp-1215741,Zn2Cr3FeO8,zn2cr3feo8,"['Cr', 'Fe', 'O', 'Zn']","['Cr', 'Fe', 'O', 'Zn']",Cr_Fe_O_Zn,cr_fe_o_zn,True,True,Trigonal,4,"['Cr', 'Fe', 'O', 'Zn']","['Zn', 'Cr', 'Fe', 'O']",Zn,zinc,,['zinc'],zinc,Zinc,2867.52833333333,($/mt),2025.0,primary_element_proxy,medium,0.4700413223140496,6,medium_cost
mp-1093999,Zn2Ag,zn2ag,"['Ag', 'Zn']","['Ag', 'Zn']",Ag_Zn,ag_zn,True,True,Hexagonal,4,"['Ag', 'Zn']","['Zn', 'Ag']",Zn,zinc,,"['zinc', 'silver']",zinc,Zinc,2867.52833333333,($/mt),2025.0,primary_element_proxy,medium,0.4700413223140496,6,medium_cost
mp-1207504,Zn22Ni3,zn22ni3,"['Ni', 'Zn']","['Ni', 'Zn']",Ni_Zn,ni_zn,True,True,Monoclinic,4,"['Ni', 'Zn']","['Zn', 'Ni']",Zn,zinc,,"['zinc', 'nickel']",zinc,Zinc,2867.52833333333,($/mt),2025.0,primary_element_proxy,medium,0.4700413223140496,6,medium_cost
mp-1215838,Zn15B6Rh17,zn15b6rh17,"['B', 'Rh', 'Zn']","['B', 'Rh', 'Zn']",B_Rh_Zn,b_rh_zn,True,True,Orthorhombic,4,"['B', 'Rh', 'Zn']","['Zn', 'B', 'Rh']",Zn,zinc,,['zinc'],zinc,Zinc,2867.52833333333,($/mt),2025.0,primary_element_proxy,medium,0.4700413223140496,6,medium_cost
mp-13447,Zn13Rh,zn13rh,"['Rh', 'Zn']","['Rh', 'Zn']",Rh_Zn,rh_zn,True,True,Monoclinic,4,"['Rh', 'Zn']","['Zn', 'Rh']",Zn,zinc,,['zinc'],zinc,Zinc,2867.52833333333,($/mt),2025.0,primary_element_proxy,medium,0.4700413223140496,6,medium_cost
mp-1722,Zn13Fe,zn13fe,"['Fe', 'Zn']","['Fe', 'Zn']",Fe_Zn,fe_zn,True,True,Monoclinic,4,"['Fe', 'Zn']","['Zn', 'Fe']",Zn,zinc,,['zinc'],zinc,Zinc,2867.52833333333,($/mt),2025.0,primary_element_proxy,medium,0.4700413223140496,6,medium_cost
mp-30568,Zn13Co,zn13co,"['Co', 'Zn']","['Co', 'Zn']",Co_Zn,co_zn,True,True,Monoclinic,4,"['Co', 'Zn']","['Zn', 'Co']",Zn,zinc,,['zinc'],zinc,Zinc,2867.52833333333,($/mt),2025.0,primary_element_proxy,medium,0.4700413223140496,6,medium_cost
mp-13448,Zn11Rh2,zn11rh2,"['Rh', 'Zn']","['Rh', 'Zn']",Rh_Zn,rh_zn,True,True,Cubic,4,"['Rh', 'Zn']","['Zn', 'Rh']",Zn,zinc,,['zinc'],zinc,Zinc,2867.52833333333,($/mt),2025.0,primary_element_proxy,medium,0.4700413223140496,6,medium_cost
mp-11532,Zn11Ni2,zn11ni2,"['Ni', 'Zn']","['Ni', 'Zn']",Ni_Zn,ni_zn,True,True,Cubic,4,"['Ni', 'Zn']","['Zn', 'Ni']",Zn,zinc,,"['zinc', 'nickel']",zinc,Zinc,2867.52833333333,($/mt),2025.0,primary_element_proxy,medium,0.4700413223140496,6,medium_cost
mp-17260,Zn3SiNi2,zn3sini2,"['Ni', 'Si', 'Zn']","['Ni', 'Si', 'Zn']",Ni_Si_Zn,ni_si_zn,True,True,Cubic,4,"['Ni', 'Si', 'Zn']","['Zn', 'Si', 'Ni']",Zn,zinc,,"['zinc', 'nickel']",zinc,Zinc,2867.52833333333,($/mt),2025.0,primary_element_proxy,medium,0.4700413223140496,6,medium_cost
mp-1380,Zn3Ru,zn3ru,"['Ru', 'Zn']","['Ru', 'Zn']",Ru_Zn,ru_zn,True,True,Tetragonal,4,"['Ru', 'Zn']","['Zn', 'Ru']",Zn,zinc,,['zinc'],zinc,Zinc,2867.52833333333,($/mt),2025.0,primary_element_proxy,medium,0.4700413223140496,6,medium_cost
mp-865342,Zn3Rh,zn3rh,"['Rh', 'Zn']","['Rh', 'Zn']",Rh_Zn,rh_zn,True,True,Tetragonal,4,"['Rh', 'Zn']","['Zn', 'Rh']",Zn,zinc,,['zinc'],zinc,Zinc,2867.52833333333,($/mt),2025.0,primary_element_proxy,medium,0.4700413223140496,6,medium_cost
mp-865355,Zn3Pt,zn3pt,"['Pt', 'Zn']","['Pt', 'Zn']",Pt_Zn,pt_zn,True,True,Tetragonal,4,"['Pt', 'Zn']","['Zn', 'Pt']",Zn,zinc,,"['zinc', 'platinum']",zinc,Zinc,2867.52833333333,($/mt),2025.0,primary_element_proxy,medium,0.4700413223140496,6,medium_cost
mp-865357,Zn3Pd,zn3pd,"['Pd', 'Zn']","['Pd', 'Zn']",Pd_Zn,pd_zn,True,True,Tetragonal,4,"['Pd', 'Zn']","['Zn', 'Pd']",Zn,zinc,,['zinc'],zinc,Zinc,2867.52833333333,($/mt),2025.0,primary_element_proxy,medium,0.4700413223140496,6,medium_cost
mp-1215763,Zn3P6N12Cl,zn3p6n12cl,"['Cl', 'N', 'P', 'Zn']","['Cl', 'N', 'P', 'Zn']",Cl_N_P_Zn,cl_n_p_zn,True,True,Trigonal,4,"['Cl', 'N', 'P', 'Zn']","['Zn', 'P', 'N', 'Cl']",Zn,zinc,,"['zinc', 'phosphate_rock']",zinc,Zinc,2867.52833333333,($/mt),2025.0,primary_element_proxy,medium,0.4700413223140496,6,medium_cost
mp-9460,Zn3N2,zn3n2,"['N', 'Zn']","['N', 'Zn']",N_Zn,n_zn,True,True,Cubic,4,"['N', 'Zn']","['Zn', 'N']",Zn,zinc,,['zinc'],zinc,Zinc,2867.52833333333,($/mt),2025.0,primary_element_proxy,medium,0.4700413223140496,6,medium_cost
mp-1246430,Zn3MoN4,zn3mon4,"['Mo', 'N', 'Zn']","['Mo', 'N', 'Zn']",Mo_N_Zn,mo_n_zn,True,False,Orthorhombic,4,"['Mo', 'N', 'Zn']","['Zn', 'Mo', 'N']",Zn,zinc,,['zinc'],zinc,Zinc,2867.52833333333,($/mt),2025.0,primary_element_proxy,medium,0.4700413223140496,6,medium_cost
mp-972042,Zn3Cu,zn3cu,"['Cu', 'Zn']","['Cu', 'Zn']",Cu_Zn,cu_zn,True,True,Hexagonal,4,"['Cu', 'Zn']","['Zn', 'Cu']",Zn,zinc,,"['zinc', 'copper']",zinc,Zinc,2867.52833333333,($/mt),2025.0,primary_element_proxy,medium,0.4700413223140496,6,medium_cost
mp-1216020,Zn35Cu17,zn35cu17,"['Cu', 'Zn']","['Cu', 'Zn']",Cu_Zn,cu_zn,True,True,Triclinic,4,"['Cu', 'Zn']","['Zn', 'Cu']",Zn,zinc,,"['zinc', 'copper']",zinc,Zinc,2867.52833333333,($/mt),2025.0,primary_element_proxy,medium,0.4700413223140496,6,medium_cost
mp-1193382,Zn3(SnRu)2,zn3_snru_2,"['Ru', 'Sn', 'Zn']","['Ru', 'Sn', 'Zn']",Ru_Sn_Zn,ru_sn_zn,True,True,Orthorhombic,4,"['Ru', 'Sn', 'Zn']","['Zn', 'Sn', 'Ru']",Zn,zinc,,"['zinc', 'tin']",zinc,Zinc,2867.52833333333,($/mt),2025.0,primary_element_proxy,medium,0.4700413223140496,6,medium_cost
mp-1207463,Zn3(SnPt)2,zn3_snpt_2,"['Pt', 'Sn', 'Zn']","['Pt', 'Sn', 'Zn']",Pt_Sn_Zn,pt_sn_zn,True,True,Hexagonal,4,"['Pt', 'Sn', 'Zn']","['Zn', 'Sn', 'Pt']",Zn,zinc,,"['zinc', 'platinum', 'tin']",zinc,Zinc,2867.52833333333,($/mt),2025.0,primary_element_proxy,medium,0.4700413223140496,6,medium_cost
mp-10131,Zn3(Ni10B3)2,zn3_ni10b3_2,"['B', 'Ni', 'Zn']","['B', 'Ni', 'Zn']",B_Ni_Zn,b_ni_zn,True,True,Cubic,4,"['B', 'Ni', 'Zn']","['Zn', 'Ni', 'B']",Zn,zinc,,"['zinc', 'nickel']",zinc,Zinc,2867.52833333333,($/mt),2025.0,primary_element_proxy,medium,0.4700413223140496,6,medium_cost
mp-1029257,Zn2ReN3,zn2ren3,"['N', 'Re', 'Zn']","['N', 'Re', 'Zn']",N_Re_Zn,n_re_zn,True,True,Orthorhombic,4,"['N', 'Re', 'Zn']","['Zn', 'Re', 'N']",Zn,zinc,,['zinc'],zinc,Zinc,2867.52833333333,($/mt),2025.0,primary_element_proxy,medium,0.4700413223140496,6,medium_cost
mp-977427,Zn2PtRh,zn2ptrh,"['Pt', 'Rh', 'Zn']","['Pt', 'Rh', 'Zn']",Pt_Rh_Zn,pt_rh_zn,True,True,Cubic,4,"['Pt', 'Rh', 'Zn']","['Zn', 'Pt', 'Rh']",Zn,zinc,,"['zinc', 'platinum']",zinc,Zinc,2867.52833333333,($/mt),2025.0,primary_element_proxy,medium,0.4700413223140496,6,medium_cost
mp-35647,Zn2PtO4,zn2pto4,"['O', 'Pt', 'Zn']","['O', 'Pt', 'Zn']",O_Pt_Zn,o_pt_zn,True,False,Orthorhombic,4,"['O', 'Pt', 'Zn']","['Zn', 'Pt', 'O']",Zn,zinc,,"['zinc', 'platinum']",zinc,Zinc,2867.52833333333,($/mt),2025.0,primary_element_proxy,medium,0.4700413223140496,6,medium_cost
mp-864623,ZnCuAu2,zncuau2,"['Au', 'Cu', 'Zn']","['Au', 'Cu', 'Zn']",Au_Cu_Zn,au_cu_zn,True,True,Cubic,4,"['Au', 'Cu', 'Zn']","['Zn', 'Cu', 'Au']",Zn,zinc,,"['zinc', 'gold', 'copper']",zinc,Zinc,2867.52833333333,($/mt),2025.0,primary_element_proxy,medium,0.4700413223140496,6,medium_cost
mp-987,ZnCu,zncu,"['Cu', 'Zn']","['Cu', 'Zn']",Cu_Zn,cu_zn,True,True,Cubic,4,"['Cu', 'Zn']","['Zn', 'Cu']",Zn,zinc,,"['zinc', 'copper']",zinc,Zinc,2867.52833333333,($/mt),2025.0,primary_element_proxy,medium,0.4700413223140496,6,medium_cost
mp-19410,ZnCr2O4,zncr2o4,"['Cr', 'O', 'Zn']","['Cr', 'O', 'Zn']",Cr_O_Zn,cr_o_zn,True,True,Cubic,4,"['Cr', 'O', 'Zn']","['Zn', 'Cr', 'O']",Zn,zinc,,['zinc'],zinc,Zinc,2867.52833333333,($/mt),2025.0,primary_element_proxy,medium,0.4700413223140496,6,medium_cost
mp-30747,Zn11Ir2,zn11ir2,"['Ir', 'Zn']","['Ir', 'Zn']",Ir_Zn,ir_zn,True,True,Cubic,4,"['Ir', 'Zn']","['Zn', 'Ir']",Zn,zinc,,['zinc'],zinc,Zinc,2867.52833333333,($/mt),2025.0,primary_element_proxy,medium,0.4700413223140496,6,medium_cost
mp-1192361,Zn11Co2,zn11co2,"['Co', 'Zn']","['Co', 'Zn']",Co_Zn,co_zn,True,True,Cubic,4,"['Co', 'Zn']","['Zn', 'Co']",Zn,zinc,,['zinc'],zinc,Zinc,2867.52833333333,($/mt),2025.0,primary_element_proxy,medium,0.4700413223140496,6,medium_cost
mp-1207530,Zn11(B4Rh9)2,zn11_b4rh9_2,"['B', 'Rh', 'Zn']","['B', 'Rh', 'Zn']",B_Rh_Zn,b_rh_zn,True,True,Tetragonal,4,"['B', 'Rh', 'Zn']","['Zn', 'B', 'Rh']",Zn,zinc,,['zinc'],zinc,Zinc,2867.52833333333,($/mt),2025.0,primary_element_proxy,medium,0.4700413223140496,6,medium_cost
mp-1207543,Zn10Ge(B4Rh9)2,zn10ge_b4rh9_2,"['B', 'Ge', 'Rh', 'Zn']","['B', 'Ge', 'Rh', 'Zn']",B_Ge_Rh_Zn,b_ge_rh_zn,True,True,Tetragonal,4,"['B', 'Ge', 'Rh', 'Zn']","['Zn', 'Ge', 'B', 'Rh']",Zn,zinc,,['zinc'],zinc,Zinc,2867.52833333333,($/mt),2025.0,primary_element_proxy,medium,0.4700413223140496,6,medium_cost
mp-5146,Zn(RhO2)2,zn_rho2_2,"['O', 'Rh', 'Zn']","['O', 'Rh', 'Zn']",O_Rh_Zn,o_rh_zn,True,False,Cubic,4,"['O', 'Rh', 'Zn']","['Zn', 'Rh', 'O']",Zn,zinc,,['zinc'],zinc,Zinc,2867.52833333333,($/mt),2025.0,primary_element_proxy,medium,0.4700413223140496,6,medium_cost
mp-8207,Zn(PtO2)3,zn_pto2_3,"['O', 'Pt', 'Zn']","['O', 'Pt', 'Zn']",O_Pt_Zn,o_pt_zn,True,False,Orthorhombic,4,"['O', 'Pt', 'Zn']","['Zn', 'Pt', 'O']",Zn,zinc,,"['zinc', 'platinum']",zinc,Zinc,2867.52833333333,($/mt),2025.0,primary_element_proxy,medium,0.4700413223140496,6,medium_cost
mp-1047462,Zn(NiO2)2,zn_nio2_2,"['Ni', 'O', 'Zn']","['Ni', 'O', 'Zn']",Ni_O_Zn,ni_o_zn,True,True,Tetragonal,4,"['Ni', 'O', 'Zn']","['Zn', 'Ni', 'O']",Zn,zinc,,"['zinc', 'nickel']",zinc,Zinc,2867.52833333333,($/mt),2025.0,primary_element_proxy,medium,0.4700413223140496,6,medium_cost
mp-570845,Zn(GaNi)3,zn_gani_3,"['Ga', 'Ni', 'Zn']","['Ga', 'Ni', 'Zn']",Ga_Ni_Zn,ga_ni_zn,True,True,Cubic,4,"['Ga', 'Ni', 'Zn']","['Zn', 'Ga', 'Ni']",Zn,zinc,,"['zinc', 'nickel']",zinc,Zinc,2867.52833333333,($/mt),2025.0,primary_element_proxy,medium,0.4700413223140496,6,medium_cost
mp-1047156,Zn(CuO2)2,zn_cuo2_2,"['Cu', 'O', 'Zn']","['Cu', 'O', 'Zn']",Cu_O_Zn,cu_o_zn,True,False,Tetragonal,4,"['Cu', 'O', 'Zn']","['Zn', 'Cu', 'O']",Zn,zinc,,"['zinc', 'copper']",zinc,Zinc,2867.52833333333,($/mt),2025.0,primary_element_proxy,medium,0.4700413223140496,6,medium_cost
mp-79,Zn,zn,['Zn'],['Zn'],Zn,zn,True,True,Hexagonal,4,['Zn'],['Zn'],Zn,zinc,zinc,['zinc'],zinc,Zinc,2867.52833333333,($/mt),2025.0,single_element_proxy,high,0.4700413223140496,6,medium_cost
mp-864839,Zn2PdRh,zn2pdrh,"['Pd', 'Rh', 'Zn']","['Pd', 'Rh', 'Zn']",Pd_Rh_Zn,pd_rh_zn,True,True,Cubic,4,"['Pd', 'Rh', 'Zn']","['Zn', 'Pd', 'Rh']",Zn,zinc,,['zinc'],zinc,Zinc,2867.52833333333,($/mt),2025.0,primary_element_proxy,medium,0.4700413223140496,6,medium_cost
mp-1215714,Zn2Pd,zn2pd,"['Pd', 'Zn']","['Pd', 'Zn']",Pd_Zn,pd_zn,True,True,Orthorhombic,4,"['Pd', 'Zn']","['Zn', 'Pd']",Zn,zinc,,['zinc'],zinc,Zinc,2867.52833333333,($/mt),2025.0,primary_element_proxy,medium,0.4700413223140496,6,medium_cost
mp-864654,Zn2NiRh,zn2nirh,"['Ni', 'Rh', 'Zn']","['Ni', 'Rh', 'Zn']",Ni_Rh_Zn,ni_rh_zn,True,True,Cubic,4,"['Ni', 'Rh', 'Zn']","['Zn', 'Ni', 'Rh']",Zn,zinc,,"['zinc', 'nickel']",zinc,Zinc,2867.52833333333,($/mt),2025.0,primary_element_proxy,medium,0.4700413223140496,6,medium_cost
mp-30493,ZnCdPt2,zncdpt2,"['Cd', 'Pt', 'Zn']","['Cd', 'Pt', 'Zn']",Cd_Pt_Zn,cd_pt_zn,True,True,Tetragonal,4,"['Cd', 'Pt', 'Zn']","['Zn', 'Cd', 'Pt']",Zn,zinc,,"['zinc', 'platinum']",zinc,Zinc,2867.52833333333,($/mt),2025.0,primary_element_proxy,medium,0.4700413223140496,6,medium_cost
mp-1215496,ZnCdAg2,zncdag2,"['Ag', 'Cd', 'Zn']","['Ag', 'Cd', 'Zn']",Ag_Cd_Zn,ag_cd_zn,True,True,Tetragonal,4,"['Ag', 'Cd', 'Zn']","['Zn', 'Cd', 'Ag']",Zn,zinc,,"['zinc', 'silver']",zinc,Zinc,2867.52833333333,($/mt),2025.0,primary_element_proxy,medium,0.4700413223140496,6,medium_cost
mp-1025356,ZnAsPt5,znaspt5,"['As', 'Pt', 'Zn']","['As', 'Pt', 'Zn']",As_Pt_Zn,as_pt_zn,True,True,Tetragonal,4,"['As', 'Pt', 'Zn']","['Zn', 'As', 'Pt']",Zn,zinc,,"['zinc', 'platinum']",zinc,Zinc,2867.52833333333,($/mt),2025.0,primary_element_proxy,medium,0.4700413223140496,6,medium_cost
mp-2020519,ZnAg,znag,"['Ag', 'Zn']","['Ag', 'Zn']",Ag_Zn,ag_zn,True,True,Monoclinic,4,"['Ag', 'Zn']","['Zn', 'Ag']",Zn,zinc,,"['zinc', 'silver']",zinc,Zinc,2867.52833333333,($/mt),2025.0,primary_element_proxy,medium,0.4700413223140496,6,medium_cost
mp-1215657,Zn9Ga3Mo2,zn9ga3mo2,"['Ga', 'Mo', 'Zn']","['Ga', 'Mo', 'Zn']",Ga_Mo_Zn,ga_mo_zn,True,True,Trigonal,4,"['Ga', 'Mo', 'Zn']","['Zn', 'Ga', 'Mo']",Zn,zinc,,['zinc'],zinc,Zinc,2867.52833333333,($/mt),2025.0,primary_element_proxy,medium,0.4700413223140496,6,medium_cost
mp-1207450,Zn9Fe4,zn9fe4,"['Fe', 'Zn']","['Fe', 'Zn']",Fe_Zn,fe_zn,True,True,Cubic,4,"['Fe', 'Zn']","['Zn', 'Fe']",Zn,zinc,,['zinc'],zinc,Zinc,2867.52833333333,($/mt),2025.0,primary_element_proxy,medium,0.4700413223140496,6,medium_cost
mp-1368,Zn8Cu5,zn8cu5,"['Cu', 'Zn']","['Cu', 'Zn']",Cu_Zn,cu_zn,True,True,Cubic,4,"['Cu', 'Zn']","['Zn', 'Cu']",Zn,zinc,,"['zinc', 'copper']",zinc,Zinc,2867.52833333333,($/mt),2025.0,primary_element_proxy,medium,0.4700413223140496,6,medium_cost
mp-972048,Zn6Mo,zn6mo,"['Mo', 'Zn']","['Mo', 'Zn']",Mo_Zn,mo_zn,True,True,Cubic,4,"['Mo', 'Zn']","['Zn', 'Mo']",Zn,zinc,,['zinc'],zinc,Zinc,2867.52833333333,($/mt),2025.0,primary_element_proxy,medium,0.4700413223140496,6,medium_cost
mp-861852,Zn5Co19O32,zn5co19o32,"['Co', 'O', 'Zn']","['Co', 'O', 'Zn']",Co_O_Zn,co_o_zn,True,True,Trigonal,4,"['Co', 'O', 'Zn']","['Zn', 'Co', 'O']",Zn,zinc,,['zinc'],zinc,Zinc,2867.52833333333,($/mt),2025.0,primary_element_proxy,medium,0.4700413223140496,6,medium_cost
mp-510697,Zn5B3Rh7,zn5b3rh7,"['B', 'Rh', 'Zn']","['B', 'Rh', 'Zn']",B_Rh_Zn,b_rh_zn,True,True,Orthorhombic,4,"['B', 'Rh', 'Zn']","['Zn', 'B', 'Rh']",Zn,zinc,,['zinc'],zinc,Zinc,2867.52833333333,($/mt),2025.0,primary_element_proxy,medium,0.4700413223140496,6,medium_cost
mp-1215897,Zn53Co7,zn53co7,"['Co', 'Zn']","['Co', 'Zn']",Co_Zn,co_zn,True,True,Monoclinic,4,"['Co', 'Zn']","['Zn', 'Co']",Zn,zinc,,['zinc'],zinc,Zinc,2867.52833333333,($/mt),2025.0,primary_element_proxy,medium,0.4700413223140496,6,medium_cost
mp-569514,Zn49Pt29,zn49pt29,"['Pt', 'Zn']","['Pt', 'Zn']",Pt_Zn,pt_zn,True,True,Orthorhombic,4,"['Pt', 'Zn']","['Zn', 'Pt']",Zn,zinc,,"['zinc', 'platinum']",zinc,Zinc,2867.52833333333,($/mt),2025.0,primary_element_proxy,medium,0.4700413223140496,6,medium_cost
mp-1245967,Zn3WN4,zn3wn4,"['N', 'W', 'Zn']","['N', 'W', 'Zn']",N_W_Zn,n_w_zn,True,False,Orthorhombic,4,"['N', 'W', 'Zn']","['Zn', 'W', 'N']",Zn,zinc,,['zinc'],zinc,Zinc,2867.52833333333,($/mt),2025.0,primary_element_proxy,medium,0.4700413223140496,6,medium_cost
mp-2133,ZnO,zno,"['O', 'Zn']","['O', 'Zn']",O_Zn,o_zn,True,False,Hexagonal,4,"['O', 'Zn']","['Zn', 'O']",Zn,zinc,,['zinc'],zinc,Zinc,2867.52833333333,($/mt),2025.0,primary_element_proxy,medium,0.4700413223140496,6,medium_cost
mp-11621,ZnNiSb,znnisb,"['Ni', 'Sb', 'Zn']","['Ni', 'Sb', 'Zn']",Ni_Sb_Zn,ni_sb_zn,True,True,Cubic,4,"['Ni', 'Sb', 'Zn']","['Zn', 'Ni', 'Sb']",Zn,zinc,,"['zinc', 'nickel']",zinc,Zinc,2867.52833333333,($/mt),2025.0,primary_element_proxy,medium,0.4700413223140496,6,medium_cost
mp-1069270,ZnNi3N,znni3n,"['N', 'Ni', 'Zn']","['N', 'Ni', 'Zn']",N_Ni_Zn,n_ni_zn,True,True,Cubic,4,"['N', 'Ni', 'Zn']","['Zn', 'Ni', 'N']",Zn,zinc,,"['zinc', 'nickel']",zinc,Zinc,2867.52833333333,($/mt),2025.0,primary_element_proxy,medium,0.4700413223140496,6,medium_cost
mp-1103182,ZnNi3B2,znni3b2,"['B', 'Ni', 'Zn']","['B', 'Ni', 'Zn']",B_Ni_Zn,b_ni_zn,True,True,Monoclinic,4,"['B', 'Ni', 'Zn']","['Zn', 'Ni', 'B']",Zn,zinc,,"['zinc', 'nickel']",zinc,Zinc,2867.52833333333,($/mt),2025.0,primary_element_proxy,medium,0.4700413223140496,6,medium_cost
mp-29884,ZnNi10P3,znni10p3,"['Ni', 'P', 'Zn']","['Ni', 'P', 'Zn']",Ni_P_Zn,ni_p_zn,True,True,Trigonal,4,"['Ni', 'P', 'Zn']","['Zn', 'Ni', 'P']",Zn,zinc,,"['zinc', 'nickel', 'phosphate_rock']",zinc,Zinc,2867.52833333333,($/mt),2025.0,primary_element_proxy,medium,0.4700413223140496,6,medium_cost
mp-429,ZnNi,znni,"['Ni', 'Zn']","['Ni', 'Zn']",Ni_Zn,ni_zn,True,True,Tetragonal,4,"['Ni', 'Zn']","['Zn', 'Ni']",Zn,zinc,,"['zinc', 'nickel']",zinc,Zinc,2867.52833333333,($/mt),2025.0,primary_element_proxy,medium,0.4700413223140496,6,medium_cost
mp-1245674,ZnMoN2,znmon2,"['Mo', 'N', 'Zn']","['Mo', 'N', 'Zn']",Mo_N_Zn,mo_n_zn,True,True,Hexagonal,4,"['Mo', 'N', 'Zn']","['Zn', 'Mo', 'N']",Zn,zinc,,['zinc'],zinc,Zinc,2867.52833333333,($/mt),2025.0,primary_element_proxy,medium,0.4700413223140496,6,medium_cost
mp-1407092,ZnMoF6,znmof6,"['F', 'Mo', 'Zn']","['F', 'Mo', 'Zn']",F_Mo_Zn,f_mo_zn,True,True,Trigonal,4,"['F', 'Mo', 'Zn']","['Zn', 'Mo', 'F']",Zn,zinc,,['zinc'],zinc,Zinc,2867.52833333333,($/mt),2025.0,primary_element_proxy,medium,0.4700413223140496,6,medium_cost
mp-1187920,ZnGeRh2,zngerh2,"['Ge', 'Rh', 'Zn']","['Ge', 'Rh', 'Zn']",Ge_Rh_Zn,ge_rh_zn,True,True,Cubic,4,"['Ge', 'Rh', 'Zn']","['Zn', 'Ge', 'Rh']",Zn,zinc,,['zinc'],zinc,Zinc,2867.52833333333,($/mt),2025.0,primary_element_proxy,medium,0.4700413223140496,6,medium_cost
mp-2979,ZnGeN2,zngen2,"['Ge', 'N', 'Zn']","['Ge', 'N', 'Zn']",Ge_N_Zn,ge_n_zn,True,False,Orthorhombic,4,"['Ge', 'N', 'Zn']","['Zn', 'Ge', 'N']",Zn,zinc,,['zinc'],zinc,Zinc,2867.52833333333,($/mt),2025.0,primary_element_proxy,medium,0.4700413223140496,6,medium_cost
mp-977362,ZnGaRh2,zngarh2,"['Ga', 'Rh', 'Zn']","['Ga', 'Rh', 'Zn']",Ga_Rh_Zn,ga_rh_zn,True,True,Cubic,4,"['Ga', 'Rh', 'Zn']","['Zn', 'Ga', 'Rh']",Zn,zinc,,['zinc'],zinc,Zinc,2867.52833333333,($/mt),2025.0,primary_element_proxy,medium,0.4700413223140496,6,medium_cost
mp-1187935,ZnGaNi2,zngani2,"['Ga', 'Ni', 'Zn']","['Ga', 'Ni', 'Zn']",Ga_Ni_Zn,ga_ni_zn,True,True,Cubic,4,"['Ga', 'Ni', 'Zn']","['Zn', 'Ga', 'Ni']",Zn,zinc,,"['zinc', 'nickel']",zinc,Zinc,2867.52833333333,($/mt),2025.0,primary_element_proxy,medium,0.4700413223140496,6,medium_cost
mp-977361,ZnFeRh2,znferh2,"['Fe', 'Rh', 'Zn']","['Fe', 'Rh', 'Zn']",Fe_Rh_Zn,fe_rh_zn,True,True,Cubic,4,"['Fe', 'Rh', 'Zn']","['Zn', 'Fe', 'Rh']",Zn,zinc,,['zinc'],zinc,Zinc,2867.52833333333,($/mt),2025.0,primary_element_proxy,medium,0.4700413223140496,6,medium_cost
mp-558345,ZnFe2(SeO3)4,znfe2_seo3_4,"['Fe', 'O', 'Se', 'Zn']","['Fe', 'O', 'Se', 'Zn']",Fe_O_Se_Zn,fe_o_se_zn,True,True,Monoclinic,4,"['Fe', 'O', 'Se', 'Zn']","['Zn', 'Fe', 'Se', 'O']",Zn,zinc,,['zinc'],zinc,Zinc,2867.52833333333,($/mt),2025.0,primary_element_proxy,medium,0.4700413223140496,6,medium_cost
mp-864661,ZnCuPd2,zncupd2,"['Cu', 'Pd', 'Zn']","['Cu', 'Pd', 'Zn']",Cu_Pd_Zn,cu_pd_zn,True,True,Cubic,4,"['Cu', 'Pd', 'Zn']","['Zn', 'Cu', 'Pd']",Zn,zinc,,"['zinc', 'copper']",zinc,Zinc,2867.52833333333,($/mt),2025.0,primary_element_proxy,medium,0.4700413223140496,6,medium_cost
mp-1369804,ZnCuF5,zncuf5,"['Cu', 'F', 'Zn']","['Cu', 'F', 'Zn']",Cu_F_Zn,cu_f_zn,True,True,Monoclinic,4,"['Cu', 'F', 'Zn']","['Zn', 'Cu', 'F']",Zn,zinc,,"['zinc', 'copper']",zinc,Zinc,2867.52833333333,($/mt),2025.0,primary_element_proxy,medium,0.4700413223140496,6,medium_cost
mp-560745,AuN5O14,aun5o14,"['Au', 'N', 'O']","['Au', 'N', 'O']",Au_N_O,au_n_o,True,True,Monoclinic,4,"['Au', 'N', 'O']","['Au', 'N', 'O']",Au,gold,,['gold'],gold,Gold,3441.50583333333,($/troy oz),2025.0,primary_element_proxy,medium,0.5671487603305785,7,medium_cost
mp-17407,Au3F8,au3f8,"['Au', 'F']","['Au', 'F']",Au_F,au_f,True,False,Monoclinic,4,"['Au', 'F']","['Au', 'F']",Au,gold,,['gold'],gold,Gold,3441.50583333333,($/troy oz),2025.0,primary_element_proxy,medium,0.5671487603305785,7,medium_cost
mp-27253,Au2O3,au2o3,"['Au', 'O']","['Au', 'O']",Au_O,au_o,True,False,Orthorhombic,4,"['Au', 'O']","['Au', 'O']",Au,gold,,['gold'],gold,Gold,3441.50583333333,($/troy oz),2025.0,primary_element_proxy,medium,0.5671487603305785,7,medium_cost
mp-990238,Au(OF3)2,au_of3_2,"['Au', 'F', 'O']","['Au', 'F', 'O']",Au_F_O,au_f_o,True,False,Triclinic,4,"['Au', 'F', 'O']","['Au', 'O', 'F']",Au,gold,,['gold'],gold,Gold,3441.50583333333,($/troy oz),2025.0,primary_element_proxy,medium,0.5671487603305785,7,medium_cost
mp-1184180,CuTeAs,cuteas,"['As', 'Cu', 'Te']","['As', 'Cu', 'Te']",As_Cu_Te,as_cu_te,True,True,Orthorhombic,4,"['As', 'Cu', 'Te']","['Cu', 'Te', 'As']",Cu,copper,,['copper'],copper,Copper,9947.305,($/mt),2025.0,primary_element_proxy,medium,0.6683884297520661,8,medium_cost
mp-20826,CuTe,cute,"['Cu', 'Te']","['Cu', 'Te']",Cu_Te,cu_te,True,True,Orthorhombic,4,"['Cu', 'Te']","['Cu', 'Te']",Cu,copper,,['copper'],copper,Copper,9947.305,($/mt),2025.0,primary_element_proxy,medium,0.6683884297520661,8,medium_cost
mp-571486,CuSe,cuse,"['Cu', 'Se']","['Cu', 'Se']",Cu_Se,cu_se,True,True,Orthorhombic,4,"['Cu', 'Se']","['Cu', 'Se']",Cu,copper,,['copper'],copper,Copper,9947.305,($/mt),2025.0,primary_element_proxy,medium,0.6683884297520661,8,medium_cost
mp-2000,CuSe2,cuse2,"['Cu', 'Se']","['Cu', 'Se']",Cu_Se,cu_se,True,True,Orthorhombic,4,"['Cu', 'Se']","['Cu', 'Se']",Cu,copper,,['copper'],copper,Copper,9947.305,($/mt),2025.0,primary_element_proxy,medium,0.6683884297520661,8,medium_cost
mp-3199,CuSe2O5,cuse2o5,"['Cu', 'O', 'Se']","['Cu', 'O', 'Se']",Cu_O_Se,cu_o_se,True,True,Monoclinic,4,"['Cu', 'O', 'Se']","['Cu', 'Se', 'O']",Cu,copper,,['copper'],copper,Copper,9947.305,($/mt),2025.0,primary_element_proxy,medium,0.6683884297520661,8,medium_cost
mp-554040,CuSeO4,cuseo4,"['Cu', 'O', 'Se']","['Cu', 'O', 'Se']",Cu_O_Se,cu_o_se,True,True,Orthorhombic,4,"['Cu', 'O', 'Se']","['Cu', 'Se', 'O']",Cu,copper,,['copper'],copper,Copper,9947.305,($/mt),2025.0,primary_element_proxy,medium,0.6683884297520661,8,medium_cost
mp-978532,CuSiRh2,cusirh2,"['Cu', 'Rh', 'Si']","['Cu', 'Rh', 'Si']",Cu_Rh_Si,cu_rh_si,True,True,Cubic,4,"['Cu', 'Rh', 'Si']","['Cu', 'Si', 'Rh']",Cu,copper,,['copper'],copper,Copper,9947.305,($/mt),2025.0,primary_element_proxy,medium,0.6683884297520661,8,medium_cost
mp-30595,CuSnRh2,cusnrh2,"['Cu', 'Rh', 'Sn']","['Cu', 'Rh', 'Sn']",Cu_Rh_Sn,cu_rh_sn,True,True,Cubic,4,"['Cu', 'Rh', 'Sn']","['Cu', 'Sn', 'Rh']",Cu,copper,,"['copper', 'tin']",copper,Copper,9947.305,($/mt),2025.0,primary_element_proxy,medium,0.6683884297520661,8,medium_cost
mp-20525,CuSO4,cuso4,"['Cu', 'O', 'S']","['Cu', 'O', 'S']",Cu_O_S,cu_o_s,True,True,Orthorhombic,4,"['Cu', 'O', 'S']","['Cu', 'S', 'O']",Cu,copper,,['copper'],copper,Copper,9947.305,($/mt),2025.0,primary_element_proxy,medium,0.6683884297520661,8,medium_cost
mp-555599,CuS,cus,"['Cu', 'S']","['Cu', 'S']",Cu_S,cu_s,True,True,Orthorhombic,4,"['Cu', 'S']","['Cu', 'S']",Cu,copper,,['copper'],copper,Copper,9947.305,($/mt),2025.0,primary_element_proxy,medium,0.6683884297520661,8,medium_cost
mp-1692,CuO,cuo,"['Cu', 'O']","['Cu', 'O']",Cu_O,cu_o,True,True,Tetragonal,4,"['Cu', 'O']","['Cu', 'O']",Cu,copper,,['copper'],copper,Copper,9947.305,($/mt),2025.0,primary_element_proxy,medium,0.6683884297520661,8,medium_cost
mp-1018029,CuPd,cupd,"['Cu', 'Pd']","['Cu', 'Pd']",Cu_Pd,cu_pd,True,True,Cubic,4,"['Cu', 'Pd']","['Cu', 'Pd']",Cu,copper,,['copper'],copper,Copper,9947.305,($/mt),2025.0,primary_element_proxy,medium,0.6683884297520661,8,medium_cost
mp-1213075,CuPdF6,cupdf6,"['Cu', 'F', 'Pd']","['Cu', 'F', 'Pd']",Cu_F_Pd,cu_f_pd,True,True,Triclinic,4,"['Cu', 'F', 'Pd']","['Cu', 'Pd', 'F']",Cu,copper,,['copper'],copper,Copper,9947.305,($/mt),2025.0,primary_element_proxy,medium,0.6683884297520661,8,medium_cost
mp-997012,CuPdO2,cupdo2,"['Cu', 'O', 'Pd']","['Cu', 'O', 'Pd']",Cu_O_Pd,cu_o_pd,True,True,Orthorhombic,4,"['Cu', 'O', 'Pd']","['Cu', 'Pd', 'O']",Cu,copper,,['copper'],copper,Copper,9947.305,($/mt),2025.0,primary_element_proxy,medium,0.6683884297520661,8,medium_cost
mp-28488,CuPtF6,cuptf6,"['Cu', 'F', 'Pt']","['Cu', 'F', 'Pt']",Cu_F_Pt,cu_f_pt,True,False,Triclinic,4,"['Cu', 'F', 'Pt']","['Cu', 'Pt', 'F']",Cu,copper,,"['copper', 'platinum']",copper,Copper,9947.305,($/mt),2025.0,primary_element_proxy,medium,0.6683884297520661,8,medium_cost
mp-14116,CuRhO2,curho2,"['Cu', 'O', 'Rh']","['Cu', 'O', 'Rh']",Cu_O_Rh,cu_o_rh,True,False,Trigonal,4,"['Cu', 'O', 'Rh']","['Cu', 'Rh', 'O']",Cu,copper,,['copper'],copper,Copper,9947.305,($/mt),2025.0,primary_element_proxy,medium,0.6683884297520661,8,medium_cost
mp-2224869,CuTeO4,cuteo4,"['Cu', 'O', 'Te']","['Cu', 'O', 'Te']",Cu_O_Te,cu_o_te,True,True,Orthorhombic,4,"['Cu', 'O', 'Te']","['Cu', 'Te', 'O']",Cu,copper,,['copper'],copper,Copper,9947.305,($/mt),2025.0,primary_element_proxy,medium,0.6683884297520661,8,medium_cost
mp-4093,Cu3(PO4)2,cu3_po4_2,"['Cu', 'O', 'P']","['Cu', 'O', 'P']",Cu_O_P,cu_o_p,True,True,Triclinic,4,"['Cu', 'O', 'P']","['Cu', 'P', 'O']",Cu,copper,,"['copper', 'phosphate_rock']",copper,Copper,9947.305,($/mt),2025.0,primary_element_proxy,medium,0.6683884297520661,8,medium_cost
mp-675626,Cu3AsSe4,cu3asse4,"['As', 'Cu', 'Se']","['As', 'Cu', 'Se']",As_Cu_Se,as_cu_se,True,True,Tetragonal,4,"['As', 'Cu', 'Se']","['Cu', 'As', 'Se']",Cu,copper,,['copper'],copper,Copper,9947.305,($/mt),2025.0,primary_element_proxy,medium,0.6683884297520661,8,medium_cost
mp-2258,Cu3Au,cu3au,"['Au', 'Cu']","['Au', 'Cu']",Au_Cu,au_cu,True,True,Cubic,4,"['Au', 'Cu']","['Cu', 'Au']",Cu,copper,,"['copper', 'gold']",copper,Copper,9947.305,($/mt),2025.0,primary_element_proxy,medium,0.6683884297520661,8,medium_cost
mp-628637,Cu3BiSe2BrO8,cu3bise2bro8,"['Bi', 'Br', 'Cu', 'O', 'Se']","['Bi', 'Br', 'Cu', 'O', 'Se']",Bi_Br_Cu_O_Se,bi_br_cu_o_se,True,True,Orthorhombic,4,"['Bi', 'Br', 'Cu', 'O', 'Se']","['Cu', 'Bi', 'Se', 'Br', 'O']",Cu,copper,,['copper'],copper,Copper,9947.305,($/mt),2025.0,primary_element_proxy,medium,0.6683884297520661,8,medium_cost
mp-505104,Cu3BiSe2ClO8,cu3bise2clo8,"['Bi', 'Cl', 'Cu', 'O', 'Se']","['Bi', 'Cl', 'Cu', 'O', 'Se']",Bi_Cl_Cu_O_Se,bi_cl_cu_o_se,True,True,Orthorhombic,4,"['Bi', 'Cl', 'Cu', 'O', 'Se']","['Cu', 'Bi', 'Se', 'Cl', 'O']",Cu,copper,,['copper'],copper,Copper,9947.305,($/mt),2025.0,primary_element_proxy,medium,0.6683884297520661,8,medium_cost
mp-669425,Cu3BiSe2IO8,cu3bise2io8,"['Bi', 'Cu', 'I', 'O', 'Se']","['Bi', 'Cu', 'I', 'O', 'Se']",Bi_Cu_I_O_Se,bi_cu_i_o_se,True,True,Orthorhombic,4,"['Bi', 'Cu', 'I', 'O', 'Se']","['Cu', 'Bi', 'Se', 'I', 'O']",Cu,copper,,['copper'],copper,Copper,9947.305,($/mt),2025.0,primary_element_proxy,medium,0.6683884297520661,8,medium_cost
mp-557210,Cu3NiH6(ClO3)2,cu3nih6_clo3_2,"['Cl', 'Cu', 'H', 'Ni', 'O']","['Cl', 'Cu', 'H', 'Ni', 'O']",Cl_Cu_H_Ni_O,cl_cu_h_ni_o,True,True,Trigonal,4,"['Cl', 'Cu', 'H', 'Ni', 'O']","['Cu', 'Ni', 'H', 'Cl', 'O']",Cu,copper,,"['copper', 'nickel']",copper,Copper,9947.305,($/mt),2025.0,primary_element_proxy,medium,0.6683884297520661,8,medium_cost
mp-5756,Cu3PSe4,cu3pse4,"['Cu', 'P', 'Se']","['Cu', 'P', 'Se']",Cu_P_Se,cu_p_se,True,True,Orthorhombic,4,"['Cu', 'P', 'Se']","['Cu', 'P', 'Se']",Cu,copper,,"['copper', 'phosphate_rock']",copper,Copper,9947.305,($/mt),2025.0,primary_element_proxy,medium,0.6683884297520661,8,medium_cost
mp-672265,Cu3Pd,cu3pd,"['Cu', 'Pd']","['Cu', 'Pd']",Cu_Pd,cu_pd,True,True,Tetragonal,4,"['Cu', 'Pd']","['Cu', 'Pd']",Cu,copper,,['copper'],copper,Copper,9947.305,($/mt),2025.0,primary_element_proxy,medium,0.6683884297520661,8,medium_cost
mp-1232290,Cu3SbF12,cu3sbf12,"['Cu', 'F', 'Sb']","['Cu', 'F', 'Sb']",Cu_F_Sb,cu_f_sb,True,True,Cubic,4,"['Cu', 'F', 'Sb']","['Cu', 'Sb', 'F']",Cu,copper,,['copper'],copper,Copper,9947.305,($/mt),2025.0,primary_element_proxy,medium,0.6683884297520661,8,medium_cost
mp-5702,Cu3SbS4,cu3sbs4,"['Cu', 'S', 'Sb']","['Cu', 'S', 'Sb']",Cu_S_Sb,cu_s_sb,True,True,Tetragonal,4,"['Cu', 'S', 'Sb']","['Cu', 'Sb', 'S']",Cu,copper,,['copper'],copper,Copper,9947.305,($/mt),2025.0,primary_element_proxy,medium,0.6683884297520661,8,medium_cost
mp-20683,Cu3Se2,cu3se2,"['Cu', 'Se']","['Cu', 'Se']",Cu_Se,cu_se,True,True,Tetragonal,4,"['Cu', 'Se']","['Cu', 'Se']",Cu,copper,,['copper'],copper,Copper,9947.305,($/mt),2025.0,primary_element_proxy,medium,0.6683884297520661,8,medium_cost
mp-16566,Cu2SnHgSe4,cu2snhgse4,"['Cu', 'Hg', 'Se', 'Sn']","['Cu', 'Hg', 'Se', 'Sn']",Cu_Hg_Se_Sn,cu_hg_se_sn,True,True,Tetragonal,4,"['Cu', 'Hg', 'Se', 'Sn']","['Cu', 'Sn', 'Hg', 'Se']",Cu,copper,,"['copper', 'tin']",copper,Copper,9947.305,($/mt),2025.0,primary_element_proxy,medium,0.6683884297520661,8,medium_cost
mp-1225832,Cu2SnS3,cu2sns3,"['Cu', 'S', 'Sn']","['Cu', 'S', 'Sn']",Cu_S_Sn,cu_s_sn,True,True,Orthorhombic,4,"['Cu', 'S', 'Sn']","['Cu', 'Sn', 'S']",Cu,copper,,"['copper', 'tin']",copper,Copper,9947.305,($/mt),2025.0,primary_element_proxy,medium,0.6683884297520661,8,medium_cost
mp-554614,Cu3(AsO4)2,cu3_aso4_2,"['As', 'Cu', 'O']","['As', 'Cu', 'O']",As_Cu_O,as_cu_o,True,True,Monoclinic,4,"['As', 'Cu', 'O']","['Cu', 'As', 'O']",Cu,copper,,['copper'],copper,Copper,9947.305,($/mt),2025.0,primary_element_proxy,medium,0.6683884297520661,8,medium_cost
mp-753552,Cu4PtO5,cu4pto5,"['Cu', 'O', 'Pt']","['Cu', 'O', 'Pt']",Cu_O_Pt,cu_o_pt,True,True,Monoclinic,4,"['Cu', 'O', 'Pt']","['Cu', 'Pt', 'O']",Cu,copper,,"['copper', 'platinum']",copper,Copper,9947.305,($/mt),2025.0,primary_element_proxy,medium,0.6683884297520661,8,medium_cost
mp-1225836,Cu4Bi3Pb(SeO)4,cu4bi3pb_seo_4,"['Bi', 'Cu', 'O', 'Pb', 'Se']","['Bi', 'Cu', 'O', 'Pb', 'Se']",Bi_Cu_O_Pb_Se,bi_cu_o_pb_se,True,True,Tetragonal,4,"['Bi', 'Cu', 'O', 'Pb', 'Se']","['Cu', 'Bi', 'Pb', 'Se', 'O']",Cu,copper,,"['copper', 'lead']",copper,Copper,9947.305,($/mt),2025.0,primary_element_proxy,medium,0.6683884297520661,8,medium_cost
mp-14455,Cu4Ag(AsO4)3,cu4ag_aso4_3,"['Ag', 'As', 'Cu', 'O']","['Ag', 'As', 'Cu', 'O']",Ag_As_Cu_O,ag_as_cu_o,True,True,Monoclinic,4,"['Ag', 'As', 'Cu', 'O']","['Cu', 'Ag', 'As', 'O']",Cu,copper,,"['copper', 'silver']",copper,Copper,9947.305,($/mt),2025.0,primary_element_proxy,medium,0.6683884297520661,8,medium_cost
mp-554163,Cu5Se2(ClO4)2,cu5se2_clo4_2,"['Cl', 'Cu', 'O', 'Se']","['Cl', 'Cu', 'O', 'Se']",Cl_Cu_O_Se,cl_cu_o_se,True,True,Monoclinic,4,"['Cl', 'Cu', 'O', 'Se']","['Cu', 'Se', 'Cl', 'O']",Cu,copper,,['copper'],copper,Copper,9947.305,($/mt),2025.0,primary_element_proxy,medium,0.6683884297520661,8,medium_cost
mp-1103821,Cu5Sn2Te7,cu5sn2te7,"['Cu', 'Sn', 'Te']","['Cu', 'Sn', 'Te']",Cu_Sn_Te,cu_sn_te,True,True,Monoclinic,4,"['Cu', 'Sn', 'Te']","['Cu', 'Sn', 'Te']",Cu,copper,,"['copper', 'tin']",copper,Copper,9947.305,($/mt),2025.0,primary_element_proxy,medium,0.6683884297520661,8,medium_cost
mp-1201155,Cu5Se4(ClO6)2,cu5se4_clo6_2,"['Cl', 'Cu', 'O', 'Se']","['Cl', 'Cu', 'O', 'Se']",Cl_Cu_O_Se,cl_cu_o_se,True,True,Monoclinic,4,"['Cl', 'Cu', 'O', 'Se']","['Cu', 'Se', 'Cl', 'O']",Cu,copper,,['copper'],copper,Copper,9947.305,($/mt),2025.0,primary_element_proxy,medium,0.6683884297520661,8,medium_cost
mp-510418,Cu5Si2S7,cu5si2s7,"['Cu', 'S', 'Si']","['Cu', 'S', 'Si']",Cu_S_Si,cu_s_si,True,True,Monoclinic,4,"['Cu', 'S', 'Si']","['Cu', 'Si', 'S']",Cu,copper,,['copper'],copper,Copper,9947.305,($/mt),2025.0,primary_element_proxy,medium,0.6683884297520661,8,medium_cost
mp-1103757,Cu5Sn2Se7,cu5sn2se7,"['Cu', 'Se', 'Sn']","['Cu', 'Se', 'Sn']",Cu_Se_Sn,cu_se_sn,True,True,Monoclinic,4,"['Cu', 'Se', 'Sn']","['Cu', 'Sn', 'Se']",Cu,copper,,"['copper', 'tin']",copper,Copper,9947.305,($/mt),2025.0,primary_element_proxy,medium,0.6683884297520661,8,medium_cost
mp-1225890,Cu9Sb(AsS6)2,cu9sb_ass6_2,"['As', 'Cu', 'S', 'Sb']","['As', 'Cu', 'S', 'Sb']",As_Cu_S_Sb,as_cu_s_sb,True,True,Tetragonal,4,"['As', 'Cu', 'S', 'Sb']","['Cu', 'Sb', 'As', 'S']",Cu,copper,,['copper'],copper,Copper,9947.305,($/mt),2025.0,primary_element_proxy,medium,0.6683884297520661,8,medium_cost
mp-2763763,CuAgF3,cuagf3,"['Ag', 'Cu', 'F']","['Ag', 'Cu', 'F']",Ag_Cu_F,ag_cu_f,True,False,Monoclinic,4,"['Ag', 'Cu', 'F']","['Cu', 'Ag', 'F']",Cu,copper,,"['copper', 'silver']",copper,Copper,9947.305,($/mt),2025.0,primary_element_proxy,medium,0.6683884297520661,8,medium_cost
mp-996975,CuAgO2,cuago2,"['Ag', 'Cu', 'O']","['Ag', 'Cu', 'O']",Ag_Cu_O,ag_cu_o,True,True,Orthorhombic,4,"['Ag', 'Cu', 'O']","['Cu', 'Ag', 'O']",Cu,copper,,"['copper', 'silver']",copper,Copper,9947.305,($/mt),2025.0,primary_element_proxy,medium,0.6683884297520661,8,medium_cost
mp-31237,CuAsF7,cuasf7,"['As', 'Cu', 'F']","['As', 'Cu', 'F']",As_Cu_F,as_cu_f,True,True,Orthorhombic,4,"['As', 'Cu', 'F']","['Cu', 'As', 'F']",Cu,copper,,['copper'],copper,Copper,9947.305,($/mt),2025.0,primary_element_proxy,medium,0.6683884297520661,8,medium_cost
mp-1078511,CuAsPtS2,cuaspts2,"['As', 'Cu', 'Pt', 'S']","['As', 'Cu', 'Pt', 'S']",As_Cu_Pt_S,as_cu_pt_s,True,True,Orthorhombic,4,"['As', 'Cu', 'Pt', 'S']","['Cu', 'As', 'Pt', 'S']",Cu,copper,,"['copper', 'platinum']",copper,Copper,9947.305,($/mt),2025.0,primary_element_proxy,medium,0.6683884297520661,8,medium_cost
mp-559633,Cu6PbO8,cu6pbo8,"['Cu', 'O', 'Pb']","['Cu', 'O', 'Pb']",Cu_O_Pb,cu_o_pb,True,True,Cubic,4,"['Cu', 'O', 'Pb']","['Cu', 'Pb', 'O']",Cu,copper,,"['copper', 'lead']",copper,Copper,9947.305,($/mt),2025.0,primary_element_proxy,medium,0.6683884297520661,8,medium_cost
mp-624299,Cu7S4,cu7s4,"['Cu', 'S']","['Cu', 'S']",Cu_S,cu_s,True,True,Orthorhombic,4,"['Cu', 'S']","['Cu', 'S']",Cu,copper,,['copper'],copper,Copper,9947.305,($/mt),2025.0,primary_element_proxy,medium,0.6683884297520661,8,medium_cost
mp-740764,Cu9P4(HO10)2,cu9p4_ho10_2,"['Cu', 'H', 'O', 'P']","['Cu', 'H', 'O', 'P']",Cu_H_O_P,cu_h_o_p,True,True,Triclinic,4,"['Cu', 'H', 'O', 'P']","['Cu', 'P', 'H', 'O']",Cu,copper,,"['copper', 'phosphate_rock']",copper,Copper,9947.305,($/mt),2025.0,primary_element_proxy,medium,0.6683884297520661,8,medium_cost
mp-522,CuAu,cuau,"['Au', 'Cu']","['Au', 'Cu']",Au_Cu,au_cu,True,True,Tetragonal,4,"['Au', 'Cu']","['Cu', 'Au']",Cu,copper,,"['copper', 'gold']",copper,Copper,9947.305,($/mt),2025.0,primary_element_proxy,medium,0.6683884297520661,8,medium_cost
mp-1102382,CuAsSe,cuasse,"['As', 'Cu', 'Se']","['As', 'Cu', 'Se']",As_Cu_Se,as_cu_se,True,True,Orthorhombic,4,"['As', 'Cu', 'Se']","['Cu', 'As', 'Se']",Cu,copper,,['copper'],copper,Copper,9947.305,($/mt),2025.0,primary_element_proxy,medium,0.6683884297520661,8,medium_cost
mp-5305,CuAsS,cuass,"['As', 'Cu', 'S']","['As', 'Cu', 'S']",As_Cu_S,as_cu_s,True,True,Orthorhombic,4,"['As', 'Cu', 'S']","['Cu', 'As', 'S']",Cu,copper,,['copper'],copper,Copper,9947.305,($/mt),2025.0,primary_element_proxy,medium,0.6683884297520661,8,medium_cost
mp-30,Cu,cu,['Cu'],['Cu'],Cu,cu,True,True,Cubic,4,['Cu'],['Cu'],Cu,copper,copper,['copper'],copper,Copper,9947.305,($/mt),2025.0,single_element_proxy,high,0.6683884297520661,8,medium_cost
mp-15065,Cu(IrS2)2,cu_irs2_2,"['Cu', 'Ir', 'S']","['Cu', 'Ir', 'S']",Cu_Ir_S,cu_ir_s,True,True,Cubic,4,"['Cu', 'Ir', 'S']","['Cu', 'Ir', 'S']",Cu,copper,,['copper'],copper,Copper,9947.305,($/mt),2025.0,primary_element_proxy,medium,0.6683884297520661,8,medium_cost
mp-4870,Cu(BO2)2,cu_bo2_2,"['B', 'Cu', 'O']","['B', 'Cu', 'O']",B_Cu_O,b_cu_o,True,True,Tetragonal,4,"['B', 'Cu', 'O']","['Cu', 'B', 'O']",Cu,copper,,['copper'],copper,Copper,9947.305,($/mt),2025.0,primary_element_proxy,medium,0.6683884297520661,8,medium_cost
mp-505042,Cu(BiO2)2,cu_bio2_2,"['Bi', 'Cu', 'O']","['Bi', 'Cu', 'O']",Bi_Cu_O,bi_cu_o,True,True,Tetragonal,4,"['Bi', 'Cu', 'O']","['Cu', 'Bi', 'O']",Cu,copper,,['copper'],copper,Copper,9947.305,($/mt),2025.0,primary_element_proxy,medium,0.6683884297520661,8,medium_cost
mp-556582,Cu(IO3)2,cu_io3_2,"['Cu', 'I', 'O']","['Cu', 'I', 'O']",Cu_I_O,cu_i_o,True,False,Monoclinic,4,"['Cu', 'I', 'O']","['Cu', 'I', 'O']",Cu,copper,,['copper'],copper,Copper,9947.305,($/mt),2025.0,primary_element_proxy,medium,0.6683884297520661,8,medium_cost
mp-15613,Cu(RhS2)2,cu_rhs2_2,"['Cu', 'Rh', 'S']","['Cu', 'Rh', 'S']",Cu_Rh_S,cu_rh_s,True,True,Cubic,4,"['Cu', 'Rh', 'S']","['Cu', 'Rh', 'S']",Cu,copper,,['copper'],copper,Copper,9947.305,($/mt),2025.0,primary_element_proxy,medium,0.6683884297520661,8,medium_cost
mp-15614,Cu(RhSe2)2,cu_rhse2_2,"['Cu', 'Rh', 'Se']","['Cu', 'Rh', 'Se']",Cu_Rh_Se,cu_rh_se,True,True,Cubic,4,"['Cu', 'Rh', 'Se']","['Cu', 'Rh', 'Se']",Cu,copper,,['copper'],copper,Copper,9947.305,($/mt),2025.0,primary_element_proxy,medium,0.6683884297520661,8,medium_cost
mp-1188790,Cu(SbO3)2,cu_sbo3_2,"['Cu', 'O', 'Sb']","['Cu', 'O', 'Sb']",Cu_O_Sb,cu_o_sb,True,True,Monoclinic,4,"['Cu', 'O', 'Sb']","['Cu', 'Sb', 'O']",Cu,copper,,['copper'],copper,Copper,9947.305,($/mt),2025.0,primary_element_proxy,medium,0.6683884297520661,8,medium_cost
mp-647164,Cu12Sb4S13,cu12sb4s13,"['Cu', 'S', 'Sb']","['Cu', 'S', 'Sb']",Cu_S_Sb,cu_s_sb,True,True,Cubic,4,"['Cu', 'S', 'Sb']","['Cu', 'Sb', 'S']",Cu,copper,,['copper'],copper,Copper,9947.305,($/mt),2025.0,primary_element_proxy,medium,0.6683884297520661,8,medium_cost
mp-684621,Cu13I15,cu13i15,"['Cu', 'I']","['Cu', 'I']",Cu_I,cu_i,True,True,Monoclinic,4,"['Cu', 'I']","['Cu', 'I']",Cu,copper,,['copper'],copper,Copper,9947.305,($/mt),2025.0,primary_element_proxy,medium,0.6683884297520661,8,medium_cost
mp-640926,Cu(NO3)2,cu_no3_2,"['Cu', 'N', 'O']","['Cu', 'N', 'O']",Cu_N_O,cu_n_o,True,True,Orthorhombic,4,"['Cu', 'N', 'O']","['Cu', 'N', 'O']",Cu,copper,,['copper'],copper,Copper,9947.305,($/mt),2025.0,primary_element_proxy,medium,0.6683884297520661,8,medium_cost
mp-17224,Cu(PO3)2,cu_po3_2,"['Cu', 'O', 'P']","['Cu', 'O', 'P']",Cu_O_P,cu_o_p,True,True,Monoclinic,4,"['Cu', 'O', 'P']","['Cu', 'P', 'O']",Cu,copper,,"['copper', 'phosphate_rock']",copper,Copper,9947.305,($/mt),2025.0,primary_element_proxy,medium,0.6683884297520661,8,medium_cost
mp-28888,Cu(PtS2)2,cu_pts2_2,"['Cu', 'Pt', 'S']","['Cu', 'Pt', 'S']",Cu_Pt_S,cu_pt_s,True,False,Monoclinic,4,"['Cu', 'Pt', 'S']","['Cu', 'Pt', 'S']",Cu,copper,,"['copper', 'platinum']",copper,Copper,9947.305,($/mt),2025.0,primary_element_proxy,medium,0.6683884297520661,8,medium_cost
mp-4728,Cu2GeSe3,cu2gese3,"['Cu', 'Ge', 'Se']","['Cu', 'Ge', 'Se']",Cu_Ge_Se,cu_ge_se,True,True,Orthorhombic,4,"['Cu', 'Ge', 'Se']","['Cu', 'Ge', 'Se']",Cu,copper,,['copper'],copper,Copper,9947.305,($/mt),2025.0,primary_element_proxy,medium,0.6683884297520661,8,medium_cost
mp-1198036,Cu2AsO5,cu2aso5,"['As', 'Cu', 'O']","['As', 'Cu', 'O']",As_Cu_O,as_cu_o,True,True,Monoclinic,4,"['As', 'Cu', 'O']","['Cu', 'As', 'O']",Cu,copper,,['copper'],copper,Copper,9947.305,($/mt),2025.0,primary_element_proxy,medium,0.6683884297520661,8,medium_cost
mp-14266,Cu15Si4,cu15si4,"['Cu', 'Si']","['Cu', 'Si']",Cu_Si,cu_si,True,True,Cubic,4,"['Cu', 'Si']","['Cu', 'Si']",Cu,copper,,['copper'],copper,Copper,9947.305,($/mt),2025.0,primary_element_proxy,medium,0.6683884297520661,8,medium_cost
mp-10952,Cu2HgGeS4,cu2hgges4,"['Cu', 'Ge', 'Hg', 'S']","['Cu', 'Ge', 'Hg', 'S']",Cu_Ge_Hg_S,cu_ge_hg_s,True,True,Tetragonal,4,"['Cu', 'Ge', 'Hg', 'S']","['Cu', 'Hg', 'Ge', 'S']",Cu,copper,,['copper'],copper,Copper,9947.305,($/mt),2025.0,primary_element_proxy,medium,0.6683884297520661,8,medium_cost
mp-760432,Cu2O3,cu2o3,"['Cu', 'O']","['Cu', 'O']",Cu_O,cu_o,True,False,Orthorhombic,4,"['Cu', 'O']","['Cu', 'O']",Cu,copper,,['copper'],copper,Copper,9947.305,($/mt),2025.0,primary_element_proxy,medium,0.6683884297520661,8,medium_cost
mp-12855,Cu2HgGeSe4,cu2hggese4,"['Cu', 'Ge', 'Hg', 'Se']","['Cu', 'Ge', 'Hg', 'Se']",Cu_Ge_Hg_Se,cu_ge_hg_se,True,True,Tetragonal,4,"['Cu', 'Ge', 'Hg', 'Se']","['Cu', 'Hg', 'Ge', 'Se']",Cu,copper,,['copper'],copper,Copper,9947.305,($/mt),2025.0,primary_element_proxy,medium,0.6683884297520661,8,medium_cost
mp-1225946,Cu2NiSnO4,cu2nisno4,"['Cu', 'Ni', 'O', 'Sn']","['Cu', 'Ni', 'O', 'Sn']",Cu_Ni_O_Sn,cu_ni_o_sn,True,True,Monoclinic,4,"['Cu', 'Ni', 'O', 'Sn']","['Cu', 'Ni', 'Sn', 'O']",Cu,copper,,"['copper', 'nickel', 'tin']",copper,Copper,9947.305,($/mt),2025.0,primary_element_proxy,medium,0.6683884297520661,8,medium_cost
mp-361,Cu2O,cu2o,"['Cu', 'O']","['Cu', 'O']",Cu_O,cu_o,True,False,Cubic,4,"['Cu', 'O']","['Cu', 'O']",Cu,copper,,['copper'],copper,Copper,9947.305,($/mt),2025.0,primary_element_proxy,medium,0.6683884297520661,8,medium_cost
mp-1203235,Cu2PO5,cu2po5,"['Cu', 'O', 'P']","['Cu', 'O', 'P']",Cu_O_P,cu_o_p,True,True,Orthorhombic,4,"['Cu', 'O', 'P']","['Cu', 'P', 'O']",Cu,copper,,"['copper', 'phosphate_rock']",copper,Copper,9947.305,($/mt),2025.0,primary_element_proxy,medium,0.6683884297520661,8,medium_cost
mp-29396,Cu2PbO2,cu2pbo2,"['Cu', 'O', 'Pb']","['Cu', 'O', 'Pb']",Cu_O_Pb,cu_o_pb,True,False,Monoclinic,4,"['Cu', 'O', 'Pb']","['Cu', 'Pb', 'O']",Cu,copper,,"['copper', 'lead']",copper,Copper,9947.305,($/mt),2025.0,primary_element_proxy,medium,0.6683884297520661,8,medium_cost
mp-862256,Cu2PdAu,cu2pdau,"['Au', 'Cu', 'Pd']","['Au', 'Cu', 'Pd']",Au_Cu_Pd,au_cu_pd,True,True,Cubic,4,"['Au', 'Cu', 'Pd']","['Cu', 'Pd', 'Au']",Cu,copper,,"['copper', 'gold']",copper,Copper,9947.305,($/mt),2025.0,primary_element_proxy,medium,0.6683884297520661,8,medium_cost
mp-1080131,Cu2SiHgTe4,cu2sihgte4,"['Cu', 'Hg', 'Si', 'Te']","['Cu', 'Hg', 'Si', 'Te']",Cu_Hg_Si_Te,cu_hg_si_te,True,True,Tetragonal,4,"['Cu', 'Hg', 'Si', 'Te']","['Cu', 'Si', 'Hg', 'Te']",Cu,copper,,['copper'],copper,Copper,9947.305,($/mt),2025.0,primary_element_proxy,medium,0.6683884297520661,8,medium_cost
mp-1025467,Cu2SnHgS4,cu2snhgs4,"['Cu', 'Hg', 'S', 'Sn']","['Cu', 'Hg', 'S', 'Sn']",Cu_Hg_S_Sn,cu_hg_s_sn,True,True,Tetragonal,4,"['Cu', 'Hg', 'S', 'Sn']","['Cu', 'Sn', 'Hg', 'S']",Cu,copper,,"['copper', 'tin']",copper,Copper,9947.305,($/mt),2025.0,primary_element_proxy,medium,0.6683884297520661,8,medium_cost
mp-3638,Cu2P2O7,cu2p2o7,"['Cu', 'O', 'P']","['Cu', 'O', 'P']",Cu_O_P,cu_o_p,True,True,Monoclinic,4,"['Cu', 'O', 'P']","['Cu', 'P', 'O']",Cu,copper,,"['copper', 'phosphate_rock']",copper,Copper,9947.305,($/mt),2025.0,primary_element_proxy,medium,0.6683884297520661,8,medium_cost
mp-17281,Cu2PO4,cu2po4,"['Cu', 'O', 'P']","['Cu', 'O', 'P']",Cu_O_P,cu_o_p,True,True,Triclinic,4,"['Cu', 'O', 'P']","['Cu', 'P', 'O']",Cu,copper,,"['copper', 'phosphate_rock']",copper,Copper,9947.305,($/mt),2025.0,primary_element_proxy,medium,0.6683884297520661,8,medium_cost
mp-504476,Cu2PO4F,cu2po4f,"['Cu', 'F', 'O', 'P']","['Cu', 'F', 'O', 'P']",Cu_F_O_P,cu_f_o_p,True,True,Monoclinic,4,"['Cu', 'F', 'O', 'P']","['Cu', 'P', 'O', 'F']",Cu,copper,,"['copper', 'phosphate_rock']",copper,Copper,9947.305,($/mt),2025.0,primary_element_proxy,medium,0.6683884297520661,8,medium_cost
mp-1192764,Cu3(CO4)2,cu3_co4_2,"['C', 'Cu', 'O']","['C', 'Cu', 'O']",C_Cu_O,c_cu_o,True,True,Monoclinic,4,"['C', 'Cu', 'O']","['Cu', 'C', 'O']",Cu,copper,,['copper'],copper,Copper,9947.305,($/mt),2025.0,primary_element_proxy,medium,0.6683884297520661,8,medium_cost
mp-1229,CuF2,cuf2,"['Cu', 'F']","['Cu', 'F']",Cu_F,cu_f,True,True,Monoclinic,4,"['Cu', 'F']","['Cu', 'F']",Cu,copper,,['copper'],copper,Copper,9947.305,($/mt),2025.0,primary_element_proxy,medium,0.6683884297520661,8,medium_cost
mp-30999,CuCl2,cucl2,"['Cl', 'Cu']","['Cl', 'Cu']",Cl_Cu,cl_cu,True,True,Monoclinic,4,"['Cl', 'Cu']","['Cu', 'Cl']",Cu,copper,,['copper'],copper,Copper,9947.305,($/mt),2025.0,primary_element_proxy,medium,0.6683884297520661,8,medium_cost
mp-28376,CuAuF5,cuauf5,"['Au', 'Cu', 'F']","['Au', 'Cu', 'F']",Au_Cu_F,au_cu_f,True,True,Triclinic,4,"['Au', 'Cu', 'F']","['Cu', 'Au', 'F']",Cu,copper,,"['copper', 'gold']",copper,Copper,9947.305,($/mt),2025.0,primary_element_proxy,medium,0.6683884297520661,8,medium_cost
mp-2360071,CuBr2,cubr2,"['Br', 'Cu']","['Br', 'Cu']",Br_Cu,br_cu,True,True,Monoclinic,4,"['Br', 'Cu']","['Cu', 'Br']",Cu,copper,,['copper'],copper,Copper,9947.305,($/mt),2025.0,primary_element_proxy,medium,0.6683884297520661,8,medium_cost
mp-996978,CuAuO2,cuauo2,"['Au', 'Cu', 'O']","['Au', 'Cu', 'O']",Au_Cu_O,au_cu_o,True,True,Monoclinic,4,"['Au', 'Cu', 'O']","['Cu', 'Au', 'O']",Cu,copper,,"['copper', 'gold']",copper,Copper,9947.305,($/mt),2025.0,primary_element_proxy,medium,0.6683884297520661,8,medium_cost
mp-30151,CuAuSe4,cuause4,"['Au', 'Cu', 'Se']","['Au', 'Cu', 'Se']",Au_Cu_Se,au_cu_se,True,True,Monoclinic,4,"['Au', 'Cu', 'Se']","['Cu', 'Au', 'Se']",Cu,copper,,"['copper', 'gold']",copper,Copper,9947.305,($/mt),2025.0,primary_element_proxy,medium,0.6683884297520661,8,medium_cost
mp-23116,CuBiSeO,cubiseo,"['Bi', 'Cu', 'O', 'Se']","['Bi', 'Cu', 'O', 'Se']",Bi_Cu_O_Se,bi_cu_o_se,True,False,Tetragonal,4,"['Bi', 'Cu', 'O', 'Se']","['Cu', 'Bi', 'Se', 'O']",Cu,copper,,['copper'],copper,Copper,9947.305,($/mt),2025.0,primary_element_proxy,medium,0.6683884297520661,8,medium_cost
mp-867917,CuGeRh2,cugerh2,"['Cu', 'Ge', 'Rh']","['Cu', 'Ge', 'Rh']",Cu_Ge_Rh,cu_ge_rh,True,True,Cubic,4,"['Cu', 'Ge', 'Rh']","['Cu', 'Ge', 'Rh']",Cu,copper,,['copper'],copper,Copper,9947.305,($/mt),2025.0,primary_element_proxy,medium,0.6683884297520661,8,medium_cost
mp-33218,CuI4,cui4,"['Cu', 'I']","['Cu', 'I']",Cu_I,cu_i,True,True,Tetragonal,4,"['Cu', 'I']","['Cu', 'I']",Cu,copper,,['copper'],copper,Copper,9947.305,($/mt),2025.0,primary_element_proxy,medium,0.6683884297520661,8,medium_cost
mp-24242,CuHOF,cuhof,"['Cu', 'F', 'H', 'O']","['Cu', 'F', 'H', 'O']",Cu_F_H_O,cu_f_h_o,True,True,Monoclinic,4,"['Cu', 'F', 'H', 'O']","['Cu', 'H', 'O', 'F']",Cu,copper,,['copper'],copper,Copper,9947.305,($/mt),2025.0,primary_element_proxy,medium,0.6683884297520661,8,medium_cost
mp-23955,CuH2SeO5,cuh2seo5,"['Cu', 'H', 'O', 'Se']","['Cu', 'H', 'O', 'Se']",Cu_H_O_Se,cu_h_o_se,True,True,Triclinic,4,"['Cu', 'H', 'O', 'Se']","['Cu', 'H', 'Se', 'O']",Cu,copper,,['copper'],copper,Copper,9947.305,($/mt),2025.0,primary_element_proxy,medium,0.6683884297520661,8,medium_cost
mp-19859,CuMoF6,cumof6,"['Cu', 'F', 'Mo']","['Cu', 'F', 'Mo']",Cu_F_Mo,cu_f_mo,True,True,Triclinic,4,"['Cu', 'F', 'Mo']","['Cu', 'Mo', 'F']",Cu,copper,,['copper'],copper,Copper,9947.305,($/mt),2025.0,primary_element_proxy,medium,0.6683884297520661,8,medium_cost
mp-1017556,CuNi3N,cuni3n,"['Cu', 'N', 'Ni']","['Cu', 'N', 'Ni']",Cu_N_Ni,cu_n_ni,True,True,Cubic,4,"['Cu', 'N', 'Ni']","['Cu', 'Ni', 'N']",Cu,copper,,"['copper', 'nickel']",copper,Copper,9947.305,($/mt),2025.0,primary_element_proxy,medium,0.6683884297520661,8,medium_cost
mp-642190,Ni3(BiS)2,ni3_bis_2,"['Bi', 'Ni', 'S']","['Bi', 'Ni', 'S']",Bi_Ni_S,bi_ni_s,True,True,Cubic,4,"['Bi', 'Ni', 'S']","['Ni', 'Bi', 'S']",Ni,nickel,,['nickel'],nickel,Nickel,15162.1583333333,($/mt),2025.0,primary_element_proxy,medium,0.8698347107438017,9,high_cost
mp-5528,Ni3(SnS)2,ni3_sns_2,"['Ni', 'S', 'Sn']","['Ni', 'S', 'Sn']",Ni_S_Sn,ni_s_sn,True,True,Trigonal,4,"['Ni', 'S', 'Sn']","['Ni', 'Sn', 'S']",Ni,nickel,,"['nickel', 'tin']",nickel,Nickel,15162.1583333333,($/mt),2025.0,primary_element_proxy,medium,0.8698347107438017,9,high_cost
mp-19814,NiAs2,nias2,"['As', 'Ni']","['As', 'Ni']",As_Ni,as_ni,True,True,Orthorhombic,4,"['As', 'Ni']","['Ni', 'As']",Ni,nickel,,['nickel'],nickel,Nickel,15162.1583333333,($/mt),2025.0,primary_element_proxy,medium,0.8698347107438017,9,high_cost
mp-976920,Ni9S8,ni9s8,"['Ni', 'S']","['Ni', 'S']",Ni_S,ni_s,True,True,Orthorhombic,4,"['Ni', 'S']","['Ni', 'S']",Ni,nickel,,['nickel'],nickel,Nickel,15162.1583333333,($/mt),2025.0,primary_element_proxy,medium,0.8698347107438017,9,high_cost
mp-22703,Ni8Ge2B3,ni8ge2b3,"['B', 'Ge', 'Ni']","['B', 'Ge', 'Ni']",B_Ge_Ni,b_ge_ni,True,True,Orthorhombic,4,"['B', 'Ge', 'Ni']","['Ni', 'Ge', 'B']",Ni,nickel,,['nickel'],nickel,Nickel,15162.1583333333,($/mt),2025.0,primary_element_proxy,medium,0.8698347107438017,9,high_cost
mp-1220146,Ni8Bi8SI2,ni8bi8si2,"['Bi', 'I', 'Ni', 'S']","['Bi', 'I', 'Ni', 'S']",Bi_I_Ni_S,bi_i_ni_s,True,True,Orthorhombic,4,"['Bi', 'I', 'Ni', 'S']","['Ni', 'Bi', 'S', 'I']",Ni,nickel,,['nickel'],nickel,Nickel,15162.1583333333,($/mt),2025.0,primary_element_proxy,medium,0.8698347107438017,9,high_cost
mp-1105564,Ni8Bi8SI,ni8bi8si,"['Bi', 'I', 'Ni', 'S']","['Bi', 'I', 'Ni', 'S']",Bi_I_Ni_S,bi_i_ni_s,True,True,Tetragonal,4,"['Bi', 'I', 'Ni', 'S']","['Ni', 'Bi', 'S', 'I']",Ni,nickel,,['nickel'],nickel,Nickel,15162.1583333333,($/mt),2025.0,primary_element_proxy,medium,0.8698347107438017,9,high_cost
mp-1220141,Ni8Bi8S,ni8bi8s,"['Bi', 'Ni', 'S']","['Bi', 'Ni', 'S']",Bi_Ni_S,bi_ni_s,True,True,Orthorhombic,4,"['Bi', 'Ni', 'S']","['Ni', 'Bi', 'S']",Ni,nickel,,['nickel'],nickel,Nickel,15162.1583333333,($/mt),2025.0,primary_element_proxy,medium,0.8698347107438017,9,high_cost
mp-1219797,Ni6SnTe2,ni6snte2,"['Ni', 'Sn', 'Te']","['Ni', 'Sn', 'Te']",Ni_Sn_Te,ni_sn_te,True,True,Tetragonal,4,"['Ni', 'Sn', 'Te']","['Ni', 'Sn', 'Te']",Ni,nickel,,"['nickel', 'tin']",nickel,Nickel,15162.1583333333,($/mt),2025.0,primary_element_proxy,medium,0.8698347107438017,9,high_cost
mp-30052,Ni6Mo6C,ni6mo6c,"['C', 'Mo', 'Ni']","['C', 'Mo', 'Ni']",C_Mo_Ni,c_mo_ni,True,True,Cubic,4,"['C', 'Mo', 'Ni']","['Ni', 'Mo', 'C']",Ni,nickel,,['nickel'],nickel,Nickel,15162.1583333333,($/mt),2025.0,primary_element_proxy,medium,0.8698347107438017,9,high_cost
mp-1219800,Ni6Ge2P,ni6ge2p,"['Ge', 'Ni', 'P']","['Ge', 'Ni', 'P']",Ge_Ni_P,ge_ni_p,True,True,Hexagonal,4,"['Ge', 'Ni', 'P']","['Ni', 'Ge', 'P']",Ni,nickel,,"['nickel', 'phosphate_rock']",nickel,Nickel,15162.1583333333,($/mt),2025.0,primary_element_proxy,medium,0.8698347107438017,9,high_cost
mp-1078540,Ni6Ge2B,ni6ge2b,"['B', 'Ge', 'Ni']","['B', 'Ge', 'Ni']",B_Ge_Ni,b_ge_ni,True,True,Hexagonal,4,"['B', 'Ge', 'Ni']","['Ni', 'Ge', 'B']",Ni,nickel,,['nickel'],nickel,Nickel,15162.1583333333,($/mt),2025.0,primary_element_proxy,medium,0.8698347107438017,9,high_cost
mp-704879,Ni5Te4(BrO6)2,ni5te4_bro6_2,"['Br', 'Ni', 'O', 'Te']","['Br', 'Ni', 'O', 'Te']",Br_Ni_O_Te,br_ni_o_te,True,True,Monoclinic,4,"['Br', 'Ni', 'O', 'Te']","['Ni', 'Te', 'Br', 'O']",Ni,nickel,,['nickel'],nickel,Nickel,15162.1583333333,($/mt),2025.0,primary_element_proxy,medium,0.8698347107438017,9,high_cost
mp-1920,Ni5P4,ni5p4,"['Ni', 'P']","['Ni', 'P']",Ni_P,ni_p,True,True,Hexagonal,4,"['Ni', 'P']","['Ni', 'P']",Ni,nickel,,"['nickel', 'phosphate_rock']",nickel,Nickel,15162.1583333333,($/mt),2025.0,primary_element_proxy,medium,0.8698347107438017,9,high_cost
mp-1428,Ni5Ge3,ni5ge3,"['Ge', 'Ni']","['Ge', 'Ni']",Ge_Ni,ge_ni,True,True,Monoclinic,4,"['Ge', 'Ni']","['Ni', 'Ge']",Ni,nickel,,['nickel'],nickel,Nickel,15162.1583333333,($/mt),2025.0,primary_element_proxy,medium,0.8698347107438017,9,high_cost
mp-941,Ni5As2,ni5as2,"['As', 'Ni']","['As', 'Ni']",As_Ni,as_ni,True,True,Hexagonal,4,"['As', 'Ni']","['Ni', 'As']",Ni,nickel,,['nickel'],nickel,Nickel,15162.1583333333,($/mt),2025.0,primary_element_proxy,medium,0.8698347107438017,9,high_cost
mp-1221030,Ni4Sn3,ni4sn3,"['Ni', 'Sn']","['Ni', 'Sn']",Ni_Sn,ni_sn,True,True,Monoclinic,4,"['Ni', 'Sn']","['Ni', 'Sn']",Ni,nickel,,"['nickel', 'tin']",nickel,Nickel,15162.1583333333,($/mt),2025.0,primary_element_proxy,medium,0.8698347107438017,9,high_cost
mp-10123,Ni21(B3Sb)2,ni21_b3sb_2,"['B', 'Ni', 'Sb']","['B', 'Ni', 'Sb']",B_Ni_Sb,b_ni_sb,True,True,Cubic,4,"['B', 'Ni', 'Sb']","['Ni', 'B', 'Sb']",Ni,nickel,,['nickel'],nickel,Nickel,15162.1583333333,($/mt),2025.0,primary_element_proxy,medium,0.8698347107438017,9,high_cost
mp-541751,Ni4(Bi4I)3,ni4_bi4i_3,"['Bi', 'I', 'Ni']","['Bi', 'I', 'Ni']",Bi_I_Ni,bi_i_ni,True,True,Orthorhombic,4,"['Bi', 'I', 'Ni']","['Ni', 'Bi', 'I']",Ni,nickel,,['nickel'],nickel,Nickel,15162.1583333333,($/mt),2025.0,primary_element_proxy,medium,0.8698347107438017,9,high_cost
mp-19448,Ni3TeO6,ni3teo6,"['Ni', 'O', 'Te']","['Ni', 'O', 'Te']",Ni_O_Te,ni_o_te,True,True,Trigonal,4,"['Ni', 'O', 'Te']","['Ni', 'Te', 'O']",Ni,nickel,,['nickel'],nickel,Nickel,15162.1583333333,($/mt),2025.0,primary_element_proxy,medium,0.8698347107438017,9,high_cost
mp-20174,Ni3Sn4,ni3sn4,"['Ni', 'Sn']","['Ni', 'Sn']",Ni_Sn,ni_sn,True,True,Monoclinic,4,"['Ni', 'Sn']","['Ni', 'Sn']",Ni,nickel,,"['nickel', 'tin']",nickel,Nickel,15162.1583333333,($/mt),2025.0,primary_element_proxy,medium,0.8698347107438017,9,high_cost
mp-22596,Ni3(PbS)2,ni3_pbs_2,"['Ni', 'Pb', 'S']","['Ni', 'Pb', 'S']",Ni_Pb_S,ni_pb_s,True,True,Trigonal,4,"['Ni', 'Pb', 'S']","['Ni', 'Pb', 'S']",Ni,nickel,,"['nickel', 'lead']",nickel,Nickel,15162.1583333333,($/mt),2025.0,primary_element_proxy,medium,0.8698347107438017,9,high_cost
mp-504909,Ni2SnP,ni2snp,"['Ni', 'P', 'Sn']","['Ni', 'P', 'Sn']",Ni_P_Sn,ni_p_sn,True,True,Orthorhombic,4,"['Ni', 'P', 'Sn']","['Ni', 'Sn', 'P']",Ni,nickel,,"['nickel', 'phosphate_rock', 'tin']",nickel,Nickel,15162.1583333333,($/mt),2025.0,primary_element_proxy,medium,0.8698347107438017,9,high_cost
mp-568925,Ni2Sn4Au,ni2sn4au,"['Au', 'Ni', 'Sn']","['Au', 'Ni', 'Sn']",Au_Ni_Sn,au_ni_sn,True,True,Trigonal,4,"['Au', 'Ni', 'Sn']","['Ni', 'Sn', 'Au']",Ni,nickel,,"['nickel', 'gold', 'tin']",nickel,Nickel,15162.1583333333,($/mt),2025.0,primary_element_proxy,medium,0.8698347107438017,9,high_cost
mp-3250,Ni2SbTe2,ni2sbte2,"['Ni', 'Sb', 'Te']","['Ni', 'Sb', 'Te']",Ni_Sb_Te,ni_sb_te,True,True,Hexagonal,4,"['Ni', 'Sb', 'Te']","['Ni', 'Sb', 'Te']",Ni,nickel,,['nickel'],nickel,Nickel,15162.1583333333,($/mt),2025.0,primary_element_proxy,medium,0.8698347107438017,9,high_cost
mp-18806,Ni3(BO3)2,ni3_bo3_2,"['B', 'Ni', 'O']","['B', 'Ni', 'O']",B_Ni_O,b_ni_o,True,True,Orthorhombic,4,"['B', 'Ni', 'O']","['Ni', 'B', 'O']",Ni,nickel,,['nickel'],nickel,Nickel,15162.1583333333,($/mt),2025.0,primary_element_proxy,medium,0.8698347107438017,9,high_cost
mp-1209823,Ni2PPd,ni2ppd,"['Ni', 'P', 'Pd']","['Ni', 'P', 'Pd']",Ni_P_Pd,ni_p_pd,True,True,Orthorhombic,4,"['Ni', 'P', 'Pd']","['Ni', 'P', 'Pd']",Ni,nickel,,"['nickel', 'phosphate_rock']",nickel,Nickel,15162.1583333333,($/mt),2025.0,primary_element_proxy,medium,0.8698347107438017,9,high_cost
mp-21536,Ni2Mo4C,ni2mo4c,"['C', 'Mo', 'Ni']","['C', 'Mo', 'Ni']",C_Mo_Ni,c_mo_ni,True,True,Cubic,4,"['C', 'Mo', 'Ni']","['Ni', 'Mo', 'C']",Ni,nickel,,['nickel'],nickel,Nickel,15162.1583333333,($/mt),2025.0,primary_element_proxy,medium,0.8698347107438017,9,high_cost
mp-4091,Ni2Mo3N,ni2mo3n,"['Mo', 'N', 'Ni']","['Mo', 'N', 'Ni']",Mo_N_Ni,mo_n_ni,True,True,Cubic,4,"['Mo', 'N', 'Ni']","['Ni', 'Mo', 'N']",Ni,nickel,,['nickel'],nickel,Nickel,15162.1583333333,($/mt),2025.0,primary_element_proxy,medium,0.8698347107438017,9,high_cost
mp-18626,Ni2Hg2SF6,ni2hg2sf6,"['F', 'Hg', 'Ni', 'S']","['F', 'Hg', 'Ni', 'S']",F_Hg_Ni_S,f_hg_ni_s,True,True,Cubic,4,"['F', 'Hg', 'Ni', 'S']","['Ni', 'Hg', 'S', 'F']",Ni,nickel,,['nickel'],nickel,Nickel,15162.1583333333,($/mt),2025.0,primary_element_proxy,medium,0.8698347107438017,9,high_cost
mp-2536,Ni2B,ni2b,"['B', 'Ni']","['B', 'Ni']",B_Ni,b_ni,True,True,Tetragonal,4,"['B', 'Ni']","['Ni', 'B']",Ni,nickel,,['nickel'],nickel,Nickel,15162.1583333333,($/mt),2025.0,primary_element_proxy,medium,0.8698347107438017,9,high_cost
mp-21573,Ni21(SnB3)2,ni21_snb3_2,"['B', 'Ni', 'Sn']","['B', 'Ni', 'Sn']",B_Ni_Sn,b_ni_sn,True,True,Cubic,4,"['B', 'Ni', 'Sn']","['Ni', 'Sn', 'B']",Ni,nickel,,"['nickel', 'tin']",nickel,Nickel,15162.1583333333,($/mt),2025.0,primary_element_proxy,medium,0.8698347107438017,9,high_cost
mp-1209988,Ni21(GeB3)2,ni21_geb3_2,"['B', 'Ge', 'Ni']","['B', 'Ge', 'Ni']",B_Ge_Ni,b_ge_ni,True,True,Cubic,4,"['B', 'Ge', 'Ni']","['Ni', 'Ge', 'B']",Ni,nickel,,['nickel'],nickel,Nickel,15162.1583333333,($/mt),2025.0,primary_element_proxy,medium,0.8698347107438017,9,high_cost
mp-675691,Ni2RhS4,ni2rhs4,"['Ni', 'Rh', 'S']","['Ni', 'Rh', 'S']",Ni_Rh_S,ni_rh_s,True,True,Orthorhombic,4,"['Ni', 'Rh', 'S']","['Ni', 'Rh', 'S']",Ni,nickel,,['nickel'],nickel,Nickel,15162.1583333333,($/mt),2025.0,primary_element_proxy,medium,0.8698347107438017,9,high_cost
mp-2058,Ni3B,ni3b,"['B', 'Ni']","['B', 'Ni']",B_Ni,b_ni,True,True,Orthorhombic,4,"['B', 'Ni']","['Ni', 'B']",Ni,nickel,,['nickel'],nickel,Nickel,15162.1583333333,($/mt),2025.0,primary_element_proxy,medium,0.8698347107438017,9,high_cost
mp-1210020,Ni3BO5,ni3bo5,"['B', 'Ni', 'O']","['B', 'Ni', 'O']",B_Ni_O,b_ni_o,True,True,Orthorhombic,4,"['B', 'Ni', 'O']","['Ni', 'B', 'O']",Ni,nickel,,['nickel'],nickel,Nickel,15162.1583333333,($/mt),2025.0,primary_element_proxy,medium,0.8698347107438017,9,high_cost
mp-21008,Ni3Ge,ni3ge,"['Ge', 'Ni']","['Ge', 'Ni']",Ge_Ni,ge_ni,True,True,Cubic,4,"['Ge', 'Ni']","['Ni', 'Ge']",Ni,nickel,,['nickel'],nickel,Nickel,15162.1583333333,($/mt),2025.0,primary_element_proxy,medium,0.8698347107438017,9,high_cost
mp-11506,Ni3Mo,ni3mo,"['Mo', 'Ni']","['Mo', 'Ni']",Mo_Ni,mo_ni,True,True,Orthorhombic,4,"['Mo', 'Ni']","['Ni', 'Mo']",Ni,nickel,,['nickel'],nickel,Nickel,15162.1583333333,($/mt),2025.0,primary_element_proxy,medium,0.8698347107438017,9,high_cost
mp-656887,Ni3O4,ni3o4,"['Ni', 'O']","['Ni', 'O']",Ni_O,ni_o,True,True,Orthorhombic,4,"['Ni', 'O']","['Ni', 'O']",Ni,nickel,,['nickel'],nickel,Nickel,15162.1583333333,($/mt),2025.0,primary_element_proxy,medium,0.8698347107438017,9,high_cost
mp-2296,Ni3P,ni3p,"['Ni', 'P']","['Ni', 'P']",Ni_P,ni_p,True,True,Tetragonal,4,"['Ni', 'P']","['Ni', 'P']",Ni,nickel,,"['nickel', 'phosphate_rock']",nickel,Nickel,15162.1583333333,($/mt),2025.0,primary_element_proxy,medium,0.8698347107438017,9,high_cost
mp-12798,Ni3Pt,ni3pt,"['Ni', 'Pt']","['Ni', 'Pt']",Ni_Pt,ni_pt,True,True,Cubic,4,"['Ni', 'Pt']","['Ni', 'Pt']",Ni,nickel,,"['nickel', 'platinum']",nickel,Nickel,15162.1583333333,($/mt),2025.0,primary_element_proxy,medium,0.8698347107438017,9,high_cost
mp-362,Ni3S2,ni3s2,"['Ni', 'S']","['Ni', 'S']",Ni_S,ni_s,True,True,Trigonal,4,"['Ni', 'S']","['Ni', 'S']",Ni,nickel,,['nickel'],nickel,Nickel,15162.1583333333,($/mt),2025.0,primary_element_proxy,medium,0.8698347107438017,9,high_cost
mp-1050,Ni3S4,ni3s4,"['Ni', 'S']","['Ni', 'S']",Ni_S,ni_s,True,True,Cubic,4,"['Ni', 'S']","['Ni', 'S']",Ni,nickel,,['nickel'],nickel,Nickel,15162.1583333333,($/mt),2025.0,primary_element_proxy,medium,0.8698347107438017,9,high_cost
mp-2056,Ni3Se2,ni3se2,"['Ni', 'Se']","['Ni', 'Se']",Ni_Se,ni_se,True,True,Trigonal,4,"['Ni', 'Se']","['Ni', 'Se']",Ni,nickel,,['nickel'],nickel,Nickel,15162.1583333333,($/mt),2025.0,primary_element_proxy,medium,0.8698347107438017,9,high_cost
mp-20460,NiSeO3,niseo3,"['Ni', 'O', 'Se']","['Ni', 'O', 'Se']",Ni_O_Se,ni_o_se,True,True,Orthorhombic,4,"['Ni', 'O', 'Se']","['Ni', 'Se', 'O']",Ni,nickel,,['nickel'],nickel,Nickel,15162.1583333333,($/mt),2025.0,primary_element_proxy,medium,0.8698347107438017,9,high_cost
mp-20901,NiSe2,nise2,"['Ni', 'Se']","['Ni', 'Se']",Ni_Se,ni_se,True,True,Cubic,4,"['Ni', 'Se']","['Ni', 'Se']",Ni,nickel,,['nickel'],nickel,Nickel,15162.1583333333,($/mt),2025.0,primary_element_proxy,medium,0.8698347107438017,9,high_cost
mp-10264,NiTe,nite,"['Ni', 'Te']","['Ni', 'Te']",Ni_Te,ni_te,True,True,Trigonal,4,"['Ni', 'Te']","['Ni', 'Te']",Ni,nickel,,['nickel'],nickel,Nickel,15162.1583333333,($/mt),2025.0,primary_element_proxy,medium,0.8698347107438017,9,high_cost
mp-1220014,NiTeO4,niteo4,"['Ni', 'O', 'Te']","['Ni', 'O', 'Te']",Ni_O_Te,ni_o_te,True,False,Monoclinic,4,"['Ni', 'O', 'Te']","['Ni', 'Te', 'O']",Ni,nickel,,['nickel'],nickel,Nickel,15162.1583333333,($/mt),2025.0,primary_element_proxy,medium,0.8698347107438017,9,high_cost
mp-560023,NiSnF6,nisnf6,"['F', 'Ni', 'Sn']","['F', 'Ni', 'Sn']",F_Ni_Sn,f_ni_sn,True,True,Trigonal,4,"['F', 'Ni', 'Sn']","['Ni', 'Sn', 'F']",Ni,nickel,,"['nickel', 'tin']",nickel,Nickel,15162.1583333333,($/mt),2025.0,primary_element_proxy,medium,0.8698347107438017,9,high_cost
mp-1206638,NiSn2Au,nisn2au,"['Au', 'Ni', 'Sn']","['Au', 'Ni', 'Sn']",Au_Ni_Sn,au_ni_sn,True,True,Trigonal,4,"['Au', 'Ni', 'Sn']","['Ni', 'Sn', 'Au']",Ni,nickel,,"['nickel', 'gold', 'tin']",nickel,Nickel,15162.1583333333,($/mt),2025.0,primary_element_proxy,medium,0.8698347107438017,9,high_cost
mp-10208,NiMoP2,nimop2,"['Mo', 'Ni', 'P']","['Mo', 'Ni', 'P']",Mo_Ni_P,mo_ni_p,True,True,Hexagonal,4,"['Mo', 'Ni', 'P']","['Ni', 'Mo', 'P']",Ni,nickel,,"['nickel', 'phosphate_rock']",nickel,Nickel,15162.1583333333,($/mt),2025.0,primary_element_proxy,medium,0.8698347107438017,9,high_cost
mp-1220298,Ni17(GeSe)4,ni17_gese_4,"['Ge', 'Ni', 'Se']","['Ge', 'Ni', 'Se']",Ge_Ni_Se,ge_ni_se,True,True,Tetragonal,4,"['Ge', 'Ni', 'Se']","['Ni', 'Ge', 'Se']",Ni,nickel,,['nickel'],nickel,Nickel,15162.1583333333,($/mt),2025.0,primary_element_proxy,medium,0.8698347107438017,9,high_cost
mp-2790,Ni12P5,ni12p5,"['Ni', 'P']","['Ni', 'P']",Ni_P,ni_p,True,True,Tetragonal,4,"['Ni', 'P']","['Ni', 'P']",Ni,nickel,,"['nickel', 'phosphate_rock']",nickel,Nickel,15162.1583333333,($/mt),2025.0,primary_element_proxy,medium,0.8698347107438017,9,high_cost
mp-1210211,Ni16GeP5,ni16gep5,"['Ge', 'Ni', 'P']","['Ge', 'Ni', 'P']",Ge_Ni_P,ge_ni_p,True,True,Triclinic,4,"['Ge', 'Ni', 'P']","['Ni', 'Ge', 'P']",Ni,nickel,,"['nickel', 'phosphate_rock']",nickel,Nickel,15162.1583333333,($/mt),2025.0,primary_element_proxy,medium,0.8698347107438017,9,high_cost
mp-29885,Ni10SnP3,ni10snp3,"['Ni', 'P', 'Sn']","['Ni', 'P', 'Sn']",Ni_P_Sn,ni_p_sn,True,True,Trigonal,4,"['Ni', 'P', 'Sn']","['Ni', 'Sn', 'P']",Ni,nickel,,"['nickel', 'phosphate_rock', 'tin']",nickel,Nickel,15162.1583333333,($/mt),2025.0,primary_element_proxy,medium,0.8698347107438017,9,high_cost
mp-510445,Ni10Sn5P3,ni10sn5p3,"['Ni', 'P', 'Sn']","['Ni', 'P', 'Sn']",Ni_P_Sn,ni_p_sn,True,True,Triclinic,4,"['Ni', 'P', 'Sn']","['Ni', 'Sn', 'P']",Ni,nickel,,"['nickel', 'phosphate_rock', 'tin']",nickel,Nickel,15162.1583333333,($/mt),2025.0,primary_element_proxy,medium,0.8698347107438017,9,high_cost
mp-505271,Ni(SbO3)2,ni_sbo3_2,"['Ni', 'O', 'Sb']","['Ni', 'O', 'Sb']",Ni_O_Sb,ni_o_sb,True,True,Tetragonal,4,"['Ni', 'O', 'Sb']","['Ni', 'Sb', 'O']",Ni,nickel,,['nickel'],nickel,Nickel,15162.1583333333,($/mt),2025.0,primary_element_proxy,medium,0.8698347107438017,9,high_cost
mp-28227,Ni11As8,ni11as8,"['As', 'Ni']","['As', 'Ni']",As_Ni,as_ni,True,True,Tetragonal,4,"['As', 'Ni']","['Ni', 'As']",Ni,nickel,,['nickel'],nickel,Nickel,15162.1583333333,($/mt),2025.0,primary_element_proxy,medium,0.8698347107438017,9,high_cost
mp-1104381,Ni(RhS2)2,ni_rhs2_2,"['Ni', 'Rh', 'S']","['Ni', 'Rh', 'S']",Ni_Rh_S,ni_rh_s,True,True,Cubic,4,"['Ni', 'Rh', 'S']","['Ni', 'Rh', 'S']",Ni,nickel,,['nickel'],nickel,Nickel,15162.1583333333,($/mt),2025.0,primary_element_proxy,medium,0.8698347107438017,9,high_cost
mp-1272688,Ni(PtO2)3,ni_pto2_3,"['Ni', 'O', 'Pt']","['Ni', 'O', 'Pt']",Ni_O_Pt,ni_o_pt,True,False,Orthorhombic,4,"['Ni', 'O', 'Pt']","['Ni', 'Pt', 'O']",Ni,nickel,,"['nickel', 'platinum']",nickel,Nickel,15162.1583333333,($/mt),2025.0,primary_element_proxy,medium,0.8698347107438017,9,high_cost
mp-1105036,Ni(BMo)3,ni_bmo_3,"['B', 'Mo', 'Ni']","['B', 'Mo', 'Ni']",B_Mo_Ni,b_mo_ni,True,True,Orthorhombic,4,"['B', 'Mo', 'Ni']","['Ni', 'B', 'Mo']",Ni,nickel,,['nickel'],nickel,Nickel,15162.1583333333,($/mt),2025.0,primary_element_proxy,medium,0.8698347107438017,9,high_cost
mp-1101457,Ni(BiO3)2,ni_bio3_2,"['Bi', 'Ni', 'O']","['Bi', 'Ni', 'O']",Bi_Ni_O,bi_ni_o,True,False,Tetragonal,4,"['Bi', 'Ni', 'O']","['Ni', 'Bi', 'O']",Ni,nickel,,['nickel'],nickel,Nickel,15162.1583333333,($/mt),2025.0,primary_element_proxy,medium,0.8698347107438017,9,high_cost
mp-9999,Ni(BMo)2,ni_bmo_2,"['B', 'Mo', 'Ni']","['B', 'Mo', 'Ni']",B_Mo_Ni,b_mo_ni,True,True,Orthorhombic,4,"['B', 'Mo', 'Ni']","['Ni', 'B', 'Mo']",Ni,nickel,,['nickel'],nickel,Nickel,15162.1583333333,($/mt),2025.0,primary_element_proxy,medium,0.8698347107438017,9,high_cost
mp-22552,Ni(AuF4)2,ni_auf4_2,"['Au', 'F', 'Ni']","['Au', 'F', 'Ni']",Au_F_Ni,au_f_ni,True,True,Monoclinic,4,"['Au', 'F', 'Ni']","['Ni', 'Au', 'F']",Ni,nickel,,"['nickel', 'gold']",nickel,Nickel,15162.1583333333,($/mt),2025.0,primary_element_proxy,medium,0.8698347107438017,9,high_cost
mp-19384,Ni(AsO3)2,ni_aso3_2,"['As', 'Ni', 'O']","['As', 'Ni', 'O']",As_Ni_O,as_ni_o,True,True,Trigonal,4,"['As', 'Ni', 'O']","['Ni', 'As', 'O']",Ni,nickel,,['nickel'],nickel,Nickel,15162.1583333333,($/mt),2025.0,primary_element_proxy,medium,0.8698347107438017,9,high_cost
mp-23,Ni,ni,['Ni'],['Ni'],Ni,ni,True,True,Cubic,4,['Ni'],['Ni'],Ni,nickel,nickel,['nickel'],nickel,Nickel,15162.1583333333,($/mt),2025.0,single_element_proxy,high,0.8698347107438017,9,high_cost
mp-1078668,NiPbO3,nipbo3,"['Ni', 'O', 'Pb']","['Ni', 'O', 'Pb']",Ni_O_Pb,ni_o_pb,True,True,Trigonal,4,"['Ni', 'O', 'Pb']","['Ni', 'Pb', 'O']",Ni,nickel,,"['nickel', 'lead']",nickel,Nickel,15162.1583333333,($/mt),2025.0,primary_element_proxy,medium,0.8698347107438017,9,high_cost
mp-19009,NiO,nio,"['Ni', 'O']","['Ni', 'O']",Ni_O,ni_o,True,False,Cubic,4,"['Ni', 'O']","['Ni', 'O']",Ni,nickel,,['nickel'],nickel,Nickel,15162.1583333333,($/mt),2025.0,primary_element_proxy,medium,0.8698347107438017,9,high_cost
mp-22619,NiP2,nip2,"['Ni', 'P']","['Ni', 'P']",Ni_P,ni_p,True,True,Cubic,4,"['Ni', 'P']","['Ni', 'P']",Ni,nickel,,"['nickel', 'phosphate_rock']",nickel,Nickel,15162.1583333333,($/mt),2025.0,primary_element_proxy,medium,0.8698347107438017,9,high_cost
mp-1086669,NiP2W,nip2w,"['Ni', 'P', 'W']","['Ni', 'P', 'W']",Ni_P_W,ni_p_w,True,True,Hexagonal,4,"['Ni', 'P', 'W']","['Ni', 'P', 'W']",Ni,nickel,,"['nickel', 'phosphate_rock']",nickel,Nickel,15162.1583333333,($/mt),2025.0,primary_element_proxy,medium,0.8698347107438017,9,high_cost
mp-2301,NiP3,nip3,"['Ni', 'P']","['Ni', 'P']",Ni_P,ni_p,True,True,Cubic,4,"['Ni', 'P']","['Ni', 'P']",Ni,nickel,,"['nickel', 'phosphate_rock']",nickel,Nickel,15162.1583333333,($/mt),2025.0,primary_element_proxy,medium,0.8698347107438017,9,high_cost
mp-1209791,NiP8W,nip8w,"['Ni', 'P', 'W']","['Ni', 'P', 'W']",Ni_P_W,ni_p_w,True,True,Trigonal,4,"['Ni', 'P', 'W']","['Ni', 'P', 'W']",Ni,nickel,,"['nickel', 'phosphate_rock']",nickel,Nickel,15162.1583333333,($/mt),2025.0,primary_element_proxy,medium,0.8698347107438017,9,high_cost
mp-1018823,NiPRh,niprh,"['Ni', 'P', 'Rh']","['Ni', 'P', 'Rh']",Ni_P_Rh,ni_p_rh,True,True,Tetragonal,4,"['Ni', 'P', 'Rh']","['Ni', 'P', 'Rh']",Ni,nickel,,"['nickel', 'phosphate_rock']",nickel,Nickel,15162.1583333333,($/mt),2025.0,primary_element_proxy,medium,0.8698347107438017,9,high_cost
mp-505820,NiPS,nips,"['Ni', 'P', 'S']","['Ni', 'P', 'S']",Ni_P_S,ni_p_s,True,True,Cubic,4,"['Ni', 'P', 'S']","['Ni', 'P', 'S']",Ni,nickel,,"['nickel', 'phosphate_rock']",nickel,Nickel,15162.1583333333,($/mt),2025.0,primary_element_proxy,medium,0.8698347107438017,9,high_cost
mp-810,NiSb,nisb,"['Ni', 'Sb']","['Ni', 'Sb']",Ni_Sb,ni_sb,True,True,Hexagonal,4,"['Ni', 'Sb']","['Ni', 'Sb']",Ni,nickel,,['nickel'],nickel,Nickel,15162.1583333333,($/mt),2025.0,primary_element_proxy,medium,0.8698347107438017,9,high_cost
mp-945,NiPt,nipt,"['Ni', 'Pt']","['Ni', 'Pt']",Ni_Pt,ni_pt,True,True,Tetragonal,4,"['Ni', 'Pt']","['Ni', 'Pt']",Ni,nickel,,"['nickel', 'platinum']",nickel,Nickel,15162.1583333333,($/mt),2025.0,primary_element_proxy,medium,0.8698347107438017,9,high_cost
mp-1186117,NiPt3,nipt3,"['Ni', 'Pt']","['Ni', 'Pt']",Ni_Pt,ni_pt,True,True,Cubic,4,"['Ni', 'Pt']","['Ni', 'Pt']",Ni,nickel,,"['nickel', 'platinum']",nickel,Nickel,15162.1583333333,($/mt),2025.0,primary_element_proxy,medium,0.8698347107438017,9,high_cost
mp-18749,NiSO4,niso4,"['Ni', 'O', 'S']","['Ni', 'O', 'S']",Ni_O_S,ni_o_s,True,True,Orthorhombic,4,"['Ni', 'O', 'S']","['Ni', 'S', 'O']",Ni,nickel,,['nickel'],nickel,Nickel,15162.1583333333,($/mt),2025.0,primary_element_proxy,medium,0.8698347107438017,9,high_cost
mp-10847,NiSbSe,nisbse,"['Ni', 'Sb', 'Se']","['Ni', 'Sb', 'Se']",Ni_Sb_Se,ni_sb_se,True,True,Cubic,4,"['Ni', 'Sb', 'Se']","['Ni', 'Sb', 'Se']",Ni,nickel,,['nickel'],nickel,Nickel,15162.1583333333,($/mt),2025.0,primary_element_proxy,medium,0.8698347107438017,9,high_cost
mp-3679,NiSbS,nisbs,"['Ni', 'S', 'Sb']","['Ni', 'S', 'Sb']",Ni_S_Sb,ni_s_sb,True,True,Cubic,4,"['Ni', 'S', 'Sb']","['Ni', 'Sb', 'S']",Ni,nickel,,['nickel'],nickel,Nickel,15162.1583333333,($/mt),2025.0,primary_element_proxy,medium,0.8698347107438017,9,high_cost
mp-15651,NiSe,nise,"['Ni', 'Se']","['Ni', 'Se']",Ni_Se,ni_se,True,True,Trigonal,4,"['Ni', 'Se']","['Ni', 'Se']",Ni,nickel,,['nickel'],nickel,Nickel,15162.1583333333,($/mt),2025.0,primary_element_proxy,medium,0.8698347107438017,9,high_cost
mp-640067,Ni4B3,ni4b3,"['B', 'Ni']","['B', 'Ni']",B_Ni,b_ni,True,True,Orthorhombic,4,"['B', 'Ni']","['Ni', 'B']",Ni,nickel,,['nickel'],nickel,Nickel,15162.1583333333,($/mt),2025.0,primary_element_proxy,medium,0.8698347107438017,9,high_cost
mp-7632,NiMoP,nimop,"['Mo', 'Ni', 'P']","['Mo', 'Ni', 'P']",Mo_Ni_P,mo_ni_p,True,True,Hexagonal,4,"['Mo', 'Ni', 'P']","['Ni', 'Mo', 'P']",Ni,nickel,,"['nickel', 'phosphate_rock']",nickel,Nickel,15162.1583333333,($/mt),2025.0,primary_element_proxy,medium,0.8698347107438017,9,high_cost
mp-505273,NiMoO4,nimoo4,"['Mo', 'Ni', 'O']","['Mo', 'Ni', 'O']",Mo_Ni_O,mo_ni_o,True,True,Monoclinic,4,"['Mo', 'Ni', 'O']","['Ni', 'Mo', 'O']",Ni,nickel,,['nickel'],nickel,Nickel,15162.1583333333,($/mt),2025.0,primary_element_proxy,medium,0.8698347107438017,9,high_cost
mp-27638,NiI2,nii2,"['I', 'Ni']","['I', 'Ni']",I_Ni,i_ni,True,True,Trigonal,4,"['I', 'Ni']","['Ni', 'I']",Ni,nickel,,['nickel'],nickel,Nickel,15162.1583333333,($/mt),2025.0,primary_element_proxy,medium,0.8698347107438017,9,high_cost
mp-643570,NiH2SO5,nih2so5,"['H', 'Ni', 'O', 'S']","['H', 'Ni', 'O', 'S']",H_Ni_O_S,h_ni_o_s,True,True,Monoclinic,4,"['H', 'Ni', 'O', 'S']","['Ni', 'H', 'S', 'O']",Ni,nickel,,['nickel'],nickel,Nickel,15162.1583333333,($/mt),2025.0,primary_element_proxy,medium,0.8698347107438017,9,high_cost
mp-24719,NiH,nih,"['H', 'Ni']","['H', 'Ni']",H_Ni,h_ni,True,True,Cubic,4,"['H', 'Ni']","['Ni', 'H']",Ni,nickel,,['nickel'],nickel,Nickel,15162.1583333333,($/mt),2025.0,primary_element_proxy,medium,0.8698347107438017,9,high_cost
mp-29752,NiGePt2,nigept2,"['Ge', 'Ni', 'Pt']","['Ge', 'Ni', 'Pt']",Ge_Ni_Pt,ge_ni_pt,True,True,Orthorhombic,4,"['Ge', 'Ni', 'Pt']","['Ni', 'Ge', 'Pt']",Ni,nickel,,"['nickel', 'platinum']",nickel,Nickel,15162.1583333333,($/mt),2025.0,primary_element_proxy,medium,0.8698347107438017,9,high_cost
mp-3274,NiGePd,nigepd,"['Ge', 'Ni', 'Pd']","['Ge', 'Ni', 'Pd']",Ge_Ni_Pd,ge_ni_pd,True,True,Tetragonal,4,"['Ge', 'Ni', 'Pd']","['Ni', 'Ge', 'Pd']",Ni,nickel,,['nickel'],nickel,Nickel,15162.1583333333,($/mt),2025.0,primary_element_proxy,medium,0.8698347107438017,9,high_cost
mp-1099,NiGe,nige,"['Ge', 'Ni']","['Ge', 'Ni']",Ge_Ni,ge_ni,True,True,Orthorhombic,4,"['Ge', 'Ni']","['Ni', 'Ge']",Ni,nickel,,['nickel'],nickel,Nickel,15162.1583333333,($/mt),2025.0,primary_element_proxy,medium,0.8698347107438017,9,high_cost
mp-614777,NiF3,nif3,"['F', 'Ni']","['F', 'Ni']",F_Ni,f_ni,True,True,Trigonal,4,"['F', 'Ni']","['Ni', 'F']",Ni,nickel,,['nickel'],nickel,Nickel,15162.1583333333,($/mt),2025.0,primary_element_proxy,medium,0.8698347107438017,9,high_cost
mp-27396,NiCl2,nicl2,"['Cl', 'Ni']","['Cl', 'Ni']",Cl_Ni,cl_ni,True,True,Trigonal,4,"['Cl', 'Ni']","['Ni', 'Cl']",Ni,nickel,,['nickel'],nickel,Nickel,15162.1583333333,($/mt),2025.0,primary_element_proxy,medium,0.8698347107438017,9,high_cost
mp-19147,NiCO3,nico3,"['C', 'Ni', 'O']","['C', 'Ni', 'O']",C_Ni_O,c_ni_o,True,True,Trigonal,4,"['C', 'Ni', 'O']","['Ni', 'C', 'O']",Ni,nickel,,['nickel'],nickel,Nickel,15162.1583333333,($/mt),2025.0,primary_element_proxy,medium,0.8698347107438017,9,high_cost
mp-27637,NiBr2,nibr2,"['Br', 'Ni']","['Br', 'Ni']",Br_Ni,br_ni,True,True,Trigonal,4,"['Br', 'Ni']","['Ni', 'Br']",Ni,nickel,,['nickel'],nickel,Nickel,15162.1583333333,($/mt),2025.0,primary_element_proxy,medium,0.8698347107438017,9,high_cost
mp-997095,NiAuO2,niauo2,"['Au', 'Ni', 'O']","['Au', 'Ni', 'O']",Au_Ni_O,au_ni_o,True,True,Hexagonal,4,"['Au', 'Ni', 'O']","['Ni', 'Au', 'O']",Ni,nickel,,"['nickel', 'gold']",nickel,Nickel,15162.1583333333,($/mt),2025.0,primary_element_proxy,medium,0.8698347107438017,9,high_cost
mp-10846,NiAsSe,niasse,"['As', 'Ni', 'Se']","['As', 'Ni', 'Se']",As_Ni_Se,as_ni_se,True,True,Cubic,4,"['As', 'Ni', 'Se']","['Ni', 'As', 'Se']",Ni,nickel,,['nickel'],nickel,Nickel,15162.1583333333,($/mt),2025.0,primary_element_proxy,medium,0.8698347107438017,9,high_cost
mp-3830,NiAsS,niass,"['As', 'Ni', 'S']","['As', 'Ni', 'S']",As_Ni_S,as_ni_s,True,True,Cubic,4,"['As', 'Ni', 'S']","['Ni', 'As', 'S']",Ni,nickel,,['nickel'],nickel,Nickel,15162.1583333333,($/mt),2025.0,primary_element_proxy,medium,0.8698347107438017,9,high_cost
mp-19768,NiAsRh,niasrh,"['As', 'Ni', 'Rh']","['As', 'Ni', 'Rh']",As_Ni_Rh,as_ni_rh,True,True,Tetragonal,4,"['As', 'Ni', 'Rh']","['Ni', 'As', 'Rh']",Ni,nickel,,['nickel'],nickel,Nickel,15162.1583333333,($/mt),2025.0,primary_element_proxy,medium,0.8698347107438017,9,high_cost
mp-669720,Ni3Sn2,ni3sn2,"['Ni', 'Sn']","['Ni', 'Sn']",Ni_Sn,ni_sn,True,True,Orthorhombic,4,"['Ni', 'Sn']","['Ni', 'Sn']",Ni,nickel,,"['nickel', 'tin']",nickel,Nickel,15162.1583333333,($/mt),2025.0,primary_element_proxy,medium,0.8698347107438017,9,high_cost
mp-11522,Ni3Sn,ni3sn,"['Ni', 'Sn']","['Ni', 'Sn']",Ni_Sn,ni_sn,True,True,Cubic,4,"['Ni', 'Sn']","['Ni', 'Sn']",Ni,nickel,,"['nickel', 'tin']",nickel,Nickel,15162.1583333333,($/mt),2025.0,primary_element_proxy,medium,0.8698347107438017,9,high_cost
mp-1120781,Ni3Se4,ni3se4,"['Ni', 'Se']","['Ni', 'Se']",Ni_Se,ni_se,True,True,Cubic,4,"['Ni', 'Se']","['Ni', 'Se']",Ni,nickel,,['nickel'],nickel,Nickel,15162.1583333333,($/mt),2025.0,primary_element_proxy,medium,0.8698347107438017,9,high_cost
mp-317,SnRh,snrh,"['Rh', 'Sn']","['Rh', 'Sn']",Rh_Sn,rh_sn,True,True,Cubic,4,"['Rh', 'Sn']","['Sn', 'Rh']",Sn,tin,,['tin'],tin,Tin,34058.8358333333,($/mt),2025.0,primary_element_proxy,medium,0.987603305785124,10,high_cost
mp-1025296,SnPPd5,snppd5,"['P', 'Pd', 'Sn']","['P', 'Pd', 'Sn']",P_Pd_Sn,p_pd_sn,True,True,Tetragonal,4,"['P', 'Pd', 'Sn']","['Sn', 'P', 'Pd']",Sn,tin,,"['tin', 'phosphate_rock']",tin,Tin,34058.8358333333,($/mt),2025.0,primary_element_proxy,medium,0.987603305785124,10,high_cost
mp-570377,Sn3As4,sn3as4,"['As', 'Sn']","['As', 'Sn']",As_Sn,as_sn,True,True,Cubic,4,"['As', 'Sn']","['Sn', 'As']",Sn,tin,,['tin'],tin,Tin,34058.8358333333,($/mt),2025.0,primary_element_proxy,medium,0.987603305785124,10,high_cost
mp-30061,Sn4BRh6,sn4brh6,"['B', 'Rh', 'Sn']","['B', 'Rh', 'Sn']",B_Rh_Sn,b_rh_sn,True,True,Hexagonal,4,"['B', 'Rh', 'Sn']","['Sn', 'B', 'Rh']",Sn,tin,,['tin'],tin,Tin,34058.8358333333,($/mt),2025.0,primary_element_proxy,medium,0.987603305785124,10,high_cost
mp-1188303,Sn4Rh,sn4rh,"['Rh', 'Sn']","['Rh', 'Sn']",Rh_Sn,rh_sn,True,True,Tetragonal,4,"['Rh', 'Sn']","['Sn', 'Rh']",Sn,tin,,['tin'],tin,Tin,34058.8358333333,($/mt),2025.0,primary_element_proxy,medium,0.987603305785124,10,high_cost
mp-30060,Sn5(BRh3)2,sn5_brh3_2,"['B', 'Rh', 'Sn']","['B', 'Rh', 'Sn']",B_Rh_Sn,b_rh_sn,True,True,Hexagonal,4,"['B', 'Rh', 'Sn']","['Sn', 'B', 'Rh']",Sn,tin,,['tin'],tin,Tin,34058.8358333333,($/mt),2025.0,primary_element_proxy,medium,0.987603305785124,10,high_cost
mp-2097,SnO,sno,"['O', 'Sn']","['O', 'Sn']",O_Sn,o_sn,True,False,Tetragonal,4,"['O', 'Sn']","['Sn', 'O']",Sn,tin,,['tin'],tin,Tin,34058.8358333333,($/mt),2025.0,primary_element_proxy,medium,0.987603305785124,10,high_cost
mp-636334,SnRh2,snrh2,"['Rh', 'Sn']","['Rh', 'Sn']",Rh_Sn,rh_sn,True,True,Orthorhombic,4,"['Rh', 'Sn']","['Sn', 'Rh']",Sn,tin,,['tin'],tin,Tin,34058.8358333333,($/mt),2025.0,primary_element_proxy,medium,0.987603305785124,10,high_cost
mp-1103044,Sn2Rh,sn2rh,"['Rh', 'Sn']","['Rh', 'Sn']",Rh_Sn,rh_sn,True,True,Orthorhombic,4,"['Rh', 'Sn']","['Sn', 'Rh']",Sn,tin,,['tin'],tin,Tin,34058.8358333333,($/mt),2025.0,primary_element_proxy,medium,0.987603305785124,10,high_cost
mp-1078054,Sn2Rh3S2,sn2rh3s2,"['Rh', 'S', 'Sn']","['Rh', 'S', 'Sn']",Rh_S_Sn,rh_s_sn,True,True,Trigonal,4,"['Rh', 'S', 'Sn']","['Sn', 'Rh', 'S']",Sn,tin,,['tin'],tin,Tin,34058.8358333333,($/mt),2025.0,primary_element_proxy,medium,0.987603305785124,10,high_cost
mp-7541,SnP3,snp3,"['P', 'Sn']","['P', 'Sn']",P_Sn,p_sn,True,True,Trigonal,4,"['P', 'Sn']","['Sn', 'P']",Sn,tin,,"['tin', 'phosphate_rock']",tin,Tin,34058.8358333333,($/mt),2025.0,primary_element_proxy,medium,0.987603305785124,10,high_cost
mp-856,SnO2,sno2,"['O', 'Sn']","['O', 'Sn']",O_Sn,o_sn,True,False,Tetragonal,4,"['O', 'Sn']","['Sn', 'O']",Sn,tin,,['tin'],tin,Tin,34058.8358333333,($/mt),2025.0,primary_element_proxy,medium,0.987603305785124,10,high_cost
mp-3245,SnP7Au3,snp7au3,"['Au', 'P', 'Sn']","['Au', 'P', 'Sn']",Au_P_Sn,au_p_sn,True,False,Monoclinic,4,"['Au', 'P', 'Sn']","['Sn', 'P', 'Au']",Sn,tin,,"['tin', 'gold', 'phosphate_rock']",tin,Tin,34058.8358333333,($/mt),2025.0,primary_element_proxy,medium,0.987603305785124,10,high_cost
